municipio,ano,exposure_index
ABDON BATISTA,2002,0.013596871419651862
ABDON BATISTA,2003,0.013861557222584642
ABDON BATISTA,2004,0.013884970889135918
ABDON BATISTA,2005,0.0
ABDON BATISTA,2006,0.0
ABDON BATISTA,2007,0.0
ABDON BATISTA,2008,0.0
ABDON BATISTA,2009,0.011720570329328425
ABDON BATISTA,2010,0.020933363685731253
ABDON BATISTA,2011,0.027410387134817082
ABDON BATISTA,2012,0.050463969327673816
ABDON BATISTA,2013,0.07410870191524808
ABDON BATISTA,2014,0.11709461128871229
ABDON BATISTA,2015,0.20410034714157665
ABDON BATISTA,2016,0.0926709632310885
ABDON BATISTA,2017,0.10206534061396362
ABDON BATISTA,2018,0.16892606253641812
ABDON BATISTA,2019,0.10783225195418084
ABDON BATISTA,2020,0.14024778839392404
ABDON BATISTA,2021,0.16403227994959726
ABDON BATISTA,2022,0.03475717378913255
ABDON BATISTA,2023,0.044847936361265106
ABELARDO LUZ,2002,0.06079387014980146
ABELARDO LUZ,2003,0.06443866169893896
ABELARDO LUZ,2004,0.06927895848695584
ABELARDO LUZ,2005,0.05791442249981959
ABELARDO LUZ,2006,0.07890861458342732
ABELARDO LUZ,2007,0.10200471259846719
ABELARDO LUZ,2008,0.10957955441614185
ABELARDO LUZ,2009,0.12261520178144575
ABELARDO LUZ,2010,0.09826709848503055
ABELARDO LUZ,2011,0.12582416312535766
ABELARDO LUZ,2012,0.1466662013205059
ABELARDO LUZ,2013,0.1475739851320345
ABELARDO LUZ,2014,0.15791300601048847
ABELARDO LUZ,2015,0.1580260187066128
ABELARDO LUZ,2016,0.18504024676660918
ABELARDO LUZ,2017,0.19089350710358377
ABELARDO LUZ,2018,0.18390191908041648
ABELARDO LUZ,2019,0.20050238128557557
ABELARDO LUZ,2020,0.21779349746448057
ABELARDO LUZ,2021,0.20293180900546282
ABELARDO LUZ,2022,0.19448368709463565
ABELARDO LUZ,2023,0.1836116219125285
AGROLANDIA,2002,0.4148619701644762
AGROLANDIA,2003,0.41092353180643615
AGROLANDIA,2004,0.43111886452547576
AGROLANDIA,2005,0.41525930388550214
AGROLANDIA,2006,0.5400738515204306
AGROLANDIA,2007,0.5406303752488066
AGROLANDIA,2008,0.5298254449726119
AGROLANDIA,2009,0.5334811265542221
AGROLANDIA,2010,0.4648846838686944
AGROLANDIA,2011,0.37338266717695545
AGROLANDIA,2012,0.4285138283436526
AGROLANDIA,2013,0.46964125550689184
AGROLANDIA,2014,0.523446194098926
AGROLANDIA,2015,0.4954224507705533
AGROLANDIA,2016,0.549266533452693
AGROLANDIA,2017,0.5350009548937653
AGROLANDIA,2018,0.5041994442450961
AGROLANDIA,2019,0.5758112140960684
AGROLANDIA,2020,0.6160876711000791
AGROLANDIA,2021,0.6907423918545467
AGROLANDIA,2022,0.6641329146763058
AGROLANDIA,2023,0.6781129884755215
AGRONOMICA,2002,0.17374402508368553
AGRONOMICA,2003,0.1735328104821575
AGRONOMICA,2004,0.16017261230919216
AGRONOMICA,2005,0.16693811758696997
AGRONOMICA,2006,0.24351288985390662
AGRONOMICA,2007,0.29458293112247813
AGRONOMICA,2008,0.28666245536110235
AGRONOMICA,2009,0.30736101346153966
AGRONOMICA,2010,0.2991736458615263
AGRONOMICA,2011,0.26237116115638764
AGRONOMICA,2012,0.31509237151004155
AGRONOMICA,2013,0.282965038400504
AGRONOMICA,2014,0.31604741509309503
AGRONOMICA,2015,0.3037824393132229
AGRONOMICA,2016,0.3500250748157105
AGRONOMICA,2017,0.3195233491879434
AGRONOMICA,2018,0.3195655219954636
AGRONOMICA,2019,0.33787483868632373
AGRONOMICA,2020,0.35045498079055026
AGRONOMICA,2021,0.34359646645891695
AGRONOMICA,2022,0.3709040647593867
AGRONOMICA,2023,0.3790406646017088
AGUA DOCE,2002,0.11027785187849219
AGUA DOCE,2003,0.11023647940689989
AGUA DOCE,2004,0.134411977501359
AGUA DOCE,2005,0.13921211072493522
AGUA DOCE,2006,0.16794999136747601
AGUA DOCE,2007,0.1822777867113704
AGUA DOCE,2008,0.1799706955415668
AGUA DOCE,2009,0.191980288864854
AGUA DOCE,2010,0.1678229082399681
AGUA DOCE,2011,0.13385015845465478
AGUA DOCE,2012,0.1570338102376093
AGUA DOCE,2013,0.14888115878298416
AGUA DOCE,2014,0.14733111169822
AGUA DOCE,2015,0.15485999368591158
AGUA DOCE,2016,0.2052365925989562
AGUA DOCE,2017,0.20268876556290888
AGUA DOCE,2018,0.19573933713777636
AGUA DOCE,2019,0.19947636239736244
AGUA DOCE,2020,0.19001902094007356
AGUA DOCE,2021,0.19357793019002476
AGUA DOCE,2022,0.17975799098229028
AGUA DOCE,2023,0.17821564904480638
AGUAS DE CHAPECO,2002,0.07709976938775506
AGUAS DE CHAPECO,2003,0.08188408776528693
AGUAS DE CHAPECO,2004,0.10797235388090523
AGUAS DE CHAPECO,2005,0.08527200517511524
AGUAS DE CHAPECO,2006,0.11863659693575529
AGUAS DE CHAPECO,2007,0.09422999757282773
AGUAS DE CHAPECO,2008,0.07800089031151375
AGUAS DE CHAPECO,2009,0.08396865684989378
AGUAS DE CHAPECO,2010,0.0690779554751209
AGUAS DE CHAPECO,2011,0.0723766450259557
AGUAS DE CHAPECO,2012,0.07244143512236798
AGUAS DE CHAPECO,2013,0.06755885735901175
AGUAS DE CHAPECO,2014,0.08492530872583641
AGUAS DE CHAPECO,2015,0.07121494657498062
AGUAS DE CHAPECO,2016,0.07138505259581346
AGUAS DE CHAPECO,2017,0.08104953122648045
AGUAS DE CHAPECO,2018,0.1033301442833965
AGUAS DE CHAPECO,2019,0.11664596081700418
AGUAS DE CHAPECO,2020,0.09029399919452276
AGUAS DE CHAPECO,2021,0.08361855158580792
AGUAS DE CHAPECO,2022,0.09423703503097104
AGUAS DE CHAPECO,2023,0.0960695100429782
AGUAS FRIAS,2002,0.07530477640552002
AGUAS FRIAS,2003,0.10334337857646156
AGUAS FRIAS,2004,0.15198477143581637
AGUAS FRIAS,2005,0.14261009148741874
AGUAS FRIAS,2006,0.1852273944257364
AGUAS FRIAS,2007,0.1750697501359693
AGUAS FRIAS,2008,0.19658123339526676
AGUAS FRIAS,2009,0.21992007155793353
AGUAS FRIAS,2010,0.12793782825719302
AGUAS FRIAS,2011,0.13624147401591874
AGUAS FRIAS,2012,0.1504171751360412
AGUAS FRIAS,2013,0.14106312583734548
AGUAS FRIAS,2014,0.1572161194749957
AGUAS FRIAS,2015,0.17882787190874408
AGUAS FRIAS,2016,0.20120414052381727
AGUAS FRIAS,2017,0.2071128642627902
AGUAS FRIAS,2018,0.20274475975239364
AGUAS FRIAS,2019,0.22841131710412943
AGUAS FRIAS,2020,0.2396848833818567
AGUAS FRIAS,2021,0.2771030541450209
AGUAS FRIAS,2022,0.21558174376920158
AGUAS FRIAS,2023,0.20444302912116297
AGUAS MORNAS,2002,0.07674886875194933
AGUAS MORNAS,2003,0.07618356379859481
AGUAS MORNAS,2004,0.10841778744132477
AGUAS MORNAS,2005,0.1054558972031558
AGUAS MORNAS,2006,0.1294047133020324
AGUAS MORNAS,2007,0.1355663689223826
AGUAS MORNAS,2008,0.11981030876133261
AGUAS MORNAS,2009,0.1359170384944735
AGUAS MORNAS,2010,0.11329481748649936
AGUAS MORNAS,2011,0.1012320487233874
AGUAS MORNAS,2012,0.09483067186820138
AGUAS MORNAS,2013,0.11108909614073581
AGUAS MORNAS,2014,0.12400061884986661
AGUAS MORNAS,2015,0.12372793631206674
AGUAS MORNAS,2016,0.12823197468769112
AGUAS MORNAS,2017,0.11026911831162789
AGUAS MORNAS,2018,0.11890420345837203
AGUAS MORNAS,2019,0.12829072651609114
AGUAS MORNAS,2020,0.13723803385062078
AGUAS MORNAS,2021,0.12268517345797632
AGUAS MORNAS,2022,0.127221664718551
AGUAS MORNAS,2023,0.12291803218711399
ALFREDO WAGNER,2002,0.10233513473989395
ALFREDO WAGNER,2003,0.10667047356716453
ALFREDO WAGNER,2004,0.1151696021518189
ALFREDO WAGNER,2005,0.09237583297844686
ALFREDO WAGNER,2006,0.0805841319344188
ALFREDO WAGNER,2007,0.07444414292647775
ALFREDO WAGNER,2008,0.06088376270858146
ALFREDO WAGNER,2009,0.058148761543470213
ALFREDO WAGNER,2010,0.07298758847111148
ALFREDO WAGNER,2011,0.06161914733426533
ALFREDO WAGNER,2012,0.05662467899701047
ALFREDO WAGNER,2013,0.05699443209098595
ALFREDO WAGNER,2014,0.07623279629390474
ALFREDO WAGNER,2015,0.06807589137634229
ALFREDO WAGNER,2016,0.08360103268360472
ALFREDO WAGNER,2017,0.07874668935587083
ALFREDO WAGNER,2018,0.06959488085978566
ALFREDO WAGNER,2019,0.07727013674118893
ALFREDO WAGNER,2020,0.07418037070912586
ALFREDO WAGNER,2021,0.06589547338671693
ALFREDO WAGNER,2022,0.079299096572994
ALFREDO WAGNER,2023,0.0811040770395908
ALTO BELA VISTA,2002,0.08477002882442067
ALTO BELA VISTA,2003,0.06955956143620629
ALTO BELA VISTA,2004,0.07017052958861408
ALTO BELA VISTA,2005,0.08342681335598758
ALTO BELA VISTA,2006,0.0681582495923715
ALTO BELA VISTA,2007,0.06619261385081855
ALTO BELA VISTA,2008,0.07256442527176973
ALTO BELA VISTA,2009,0.08148345022622484
ALTO BELA VISTA,2010,0.06686724316902602
ALTO BELA VISTA,2011,0.07987138533690538
ALTO BELA VISTA,2012,0.09040037493749317
ALTO BELA VISTA,2013,0.0821570929773277
ALTO BELA VISTA,2014,0.08854313689124169
ALTO BELA VISTA,2015,0.11296631540882467
ALTO BELA VISTA,2016,0.1182170373935251
ALTO BELA VISTA,2017,0.09890413096791412
ALTO BELA VISTA,2018,0.08510503714393393
ALTO BELA VISTA,2019,0.11303478645331377
ALTO BELA VISTA,2020,0.12415860059302683
ALTO BELA VISTA,2021,0.10626698199188109
ALTO BELA VISTA,2022,0.1044131876068608
ALTO BELA VISTA,2023,0.11332041645418003
ANCHIETA,2002,0.11765370389301526
ANCHIETA,2003,0.14613288973202085
ANCHIETA,2004,0.14810315996125134
ANCHIETA,2005,0.15243646610112152
ANCHIETA,2006,0.1918727612886187
ANCHIETA,2007,0.19859573649056042
ANCHIETA,2008,0.16891613161704827
ANCHIETA,2009,0.18101429362572186
ANCHIETA,2010,0.13810193783705163
ANCHIETA,2011,0.12312625152581506
ANCHIETA,2012,0.14423581983369943
ANCHIETA,2013,0.14946729287460533
ANCHIETA,2014,0.15931855375621407
ANCHIETA,2015,0.16446239775507182
ANCHIETA,2016,0.2061215112975752
ANCHIETA,2017,0.20423113933620263
ANCHIETA,2018,0.1986047388801222
ANCHIETA,2019,0.22505443056422306
ANCHIETA,2020,0.23385942011998254
ANCHIETA,2021,0.2386749496045296
ANCHIETA,2022,0.2001464886277453
ANCHIETA,2023,0.22611064272244094
ANGELINA,2002,0.05396127920320216
ANGELINA,2003,0.048304529648433646
ANGELINA,2004,0.06322069818266408
ANGELINA,2005,0.05445691147399708
ANGELINA,2006,0.05786231215116253
ANGELINA,2007,0.061675218494458325
ANGELINA,2008,0.05143143451609847
ANGELINA,2009,0.05168549482222654
ANGELINA,2010,0.071477321810547
ANGELINA,2011,0.06325313115065671
ANGELINA,2012,0.0985668574763002
ANGELINA,2013,0.08359400287184204
ANGELINA,2014,0.10568327461499599
ANGELINA,2015,0.09807511394703046
ANGELINA,2016,0.0937120046837197
ANGELINA,2017,0.09956143460826891
ANGELINA,2018,0.10944291524070753
ANGELINA,2019,0.10691361687873921
ANGELINA,2020,0.1215439234610583
ANGELINA,2021,0.10803366100231587
ANGELINA,2022,0.09536040208095672
ANGELINA,2023,0.09683667157739058
ANITA GARIBALDI,2002,0.08241489137216998
ANITA GARIBALDI,2003,0.07927688594594168
ANITA GARIBALDI,2004,0.08417079660432616
ANITA GARIBALDI,2005,0.0854486961136732
ANITA GARIBALDI,2006,0.09143943621592211
ANITA GARIBALDI,2007,0.11425716548539647
ANITA GARIBALDI,2008,0.09889222303050224
ANITA GARIBALDI,2009,0.10471890434362292
ANITA GARIBALDI,2010,0.09847082594814334
ANITA GARIBALDI,2011,0.07639998652715443
ANITA GARIBALDI,2012,0.08205003305317195
ANITA GARIBALDI,2013,0.08221491106756326
ANITA GARIBALDI,2014,0.08257676504596687
ANITA GARIBALDI,2015,0.08954654567163459
ANITA GARIBALDI,2016,0.0976909575482725
ANITA GARIBALDI,2017,0.11636157773142083
ANITA GARIBALDI,2018,0.10670151910527198
ANITA GARIBALDI,2019,0.12582695064384977
ANITA GARIBALDI,2020,0.1365388073603187
ANITA GARIBALDI,2021,0.13192597378118617
ANITA GARIBALDI,2022,0.10796872622237569
ANITA GARIBALDI,2023,0.10486656222820626
ANITAPOLIS,2002,0.09422022572381249
ANITAPOLIS,2003,0.09720530747882812
ANITAPOLIS,2004,0.09960151466788542
ANITAPOLIS,2005,0.09660712351083983
ANITAPOLIS,2006,0.10191205242439244
ANITAPOLIS,2007,0.10455460105817842
ANITAPOLIS,2008,0.08942878138897231
ANITAPOLIS,2009,0.09547848728626114
ANITAPOLIS,2010,0.11458471162939306
ANITAPOLIS,2011,0.0751242691633569
ANITAPOLIS,2012,0.08401659450172623
ANITAPOLIS,2013,0.07968559178391807
ANITAPOLIS,2014,0.07680351430610396
ANITAPOLIS,2015,0.08198244711135395
ANITAPOLIS,2016,0.08145017186432624
ANITAPOLIS,2017,0.07312509998650635
ANITAPOLIS,2018,0.09438497338974017
ANITAPOLIS,2019,0.1057090037009101
ANITAPOLIS,2020,0.11445835315824456
ANITAPOLIS,2021,0.09106565782064668
ANITAPOLIS,2022,0.1042919602262298
ANITAPOLIS,2023,0.11972524331502675
ANTONIO CARLOS,2002,0.19584336173250844
ANTONIO CARLOS,2003,0.2257827800432582
ANTONIO CARLOS,2004,0.22389245631700433
ANTONIO CARLOS,2005,0.22725568129717144
ANTONIO CARLOS,2006,0.27112192936865465
ANTONIO CARLOS,2007,0.24833658557748717
ANTONIO CARLOS,2008,0.24898902540625495
ANTONIO CARLOS,2009,0.2591928854477453
ANTONIO CARLOS,2010,0.21721103050783525
ANTONIO CARLOS,2011,0.21446627363794182
ANTONIO CARLOS,2012,0.23734833421049778
ANTONIO CARLOS,2013,0.32842321714935185
ANTONIO CARLOS,2014,0.23114954803625676
ANTONIO CARLOS,2015,0.23112968963043112
ANTONIO CARLOS,2016,0.26005787819143944
ANTONIO CARLOS,2017,0.28449622961303417
ANTONIO CARLOS,2018,0.2573458950484553
ANTONIO CARLOS,2019,0.2622843207888441
ANTONIO CARLOS,2020,0.26396385905138936
ANTONIO CARLOS,2021,0.2476995678364406
ANTONIO CARLOS,2022,0.23377913643895487
ANTONIO CARLOS,2023,0.2488788708162587
APIUNA,2002,0.3860207250487101
APIUNA,2003,0.37075486326048546
APIUNA,2004,0.33073109589427474
APIUNA,2005,0.3072607748643056
APIUNA,2006,0.47112346518297
APIUNA,2007,0.4607719072661175
APIUNA,2008,0.4475920677663635
APIUNA,2009,0.5301175304148006
APIUNA,2010,0.4881541520582474
APIUNA,2011,0.4172188159875275
APIUNA,2012,0.4554031264532392
APIUNA,2013,0.43781635172461386
APIUNA,2014,0.47340150704575457
APIUNA,2015,0.44469195078401025
APIUNA,2016,0.5138075867130102
APIUNA,2017,0.5130890217268049
APIUNA,2018,0.5029864136283904
APIUNA,2019,0.5319595186068675
APIUNA,2020,0.5298038563175806
APIUNA,2021,0.5584481563600081
APIUNA,2022,0.5253614429455318
APIUNA,2023,0.514912869112841
ARABUTA,2002,0.10228990680233116
ARABUTA,2003,0.0988101333837767
ARABUTA,2004,0.09937325834499235
ARABUTA,2005,0.12121702853928222
ARABUTA,2006,0.13263278828676317
ARABUTA,2007,0.13373210718640044
ARABUTA,2008,0.13451390465144064
ARABUTA,2009,0.13767080716555002
ARABUTA,2010,0.12406500499366177
ARABUTA,2011,0.10828162433127866
ARABUTA,2012,0.12360426153864199
ARABUTA,2013,0.10435692416157213
ARABUTA,2014,0.10800727868648104
ARABUTA,2015,0.1195503379773609
ARABUTA,2016,0.14385031974740575
ARABUTA,2017,0.14160622619387658
ARABUTA,2018,0.1529821479742559
ARABUTA,2019,0.20683411856018838
ARABUTA,2020,0.20425859460479712
ARABUTA,2021,0.20655043495581354
ARABUTA,2022,0.2230164445531189
ARABUTA,2023,0.22422347387379196
ARAQUARI,2002,0.0750591754423394
ARAQUARI,2003,0.07286391786295417
ARAQUARI,2004,0.0825903335520399
ARAQUARI,2005,0.10771498279549169
ARAQUARI,2006,0.1403590220031864
ARAQUARI,2007,0.16348829122113545
ARAQUARI,2008,0.18234863215545932
ARAQUARI,2009,0.24031973739928503
ARAQUARI,2010,0.27905644292542275
ARAQUARI,2011,0.28803128026421465
ARAQUARI,2012,0.30832430936725996
ARAQUARI,2013,0.3255016382057113
ARAQUARI,2014,0.3803602610292842
ARAQUARI,2015,0.3718064936614788
ARAQUARI,2016,0.4602730609011826
ARAQUARI,2017,0.5101688150556561
ARAQUARI,2018,0.5120318417095581
ARAQUARI,2019,0.5388476788628291
ARAQUARI,2020,0.5668734661696151
ARAQUARI,2021,0.5596554619689762
ARAQUARI,2022,0.548425572893106
ARAQUARI,2023,0.5750877466039263
ARARANGUA,2002,0.23350517062103812
ARARANGUA,2003,0.24320017329737842
ARARANGUA,2004,0.25419554571334757
ARARANGUA,2005,0.23404109828283476
ARARANGUA,2006,0.2639442142435119
ARARANGUA,2007,0.257781947884144
ARARANGUA,2008,0.23593816102700865
ARARANGUA,2009,0.2428236674658743
ARARANGUA,2010,0.21523188384040287
ARARANGUA,2011,0.17950248017773932
ARARANGUA,2012,0.18804502247115085
ARARANGUA,2013,0.17695504799116052
ARARANGUA,2014,0.1847982451840759
ARARANGUA,2015,0.17606257859361676
ARARANGUA,2016,0.19722685922293454
ARARANGUA,2017,0.19249419790087172
ARARANGUA,2018,0.18041324722259178
ARARANGUA,2019,0.20337626835776595
ARARANGUA,2020,0.21255666845152377
ARARANGUA,2021,0.20046373036435278
ARARANGUA,2022,0.20198743405271213
ARARANGUA,2023,0.20486924320316385
ARMAZEM,2002,0.3817391514303018
ARMAZEM,2003,0.4092127932174786
ARMAZEM,2004,0.41218548571607616
ARMAZEM,2005,0.44370851568702907
ARMAZEM,2006,0.5115265139076314
ARMAZEM,2007,0.4418450588006855
ARMAZEM,2008,0.4375521821540572
ARMAZEM,2009,0.4775291560667315
ARMAZEM,2010,0.4481522690757579
ARMAZEM,2011,0.3694955095288942
ARMAZEM,2012,0.39343338570884745
ARMAZEM,2013,0.3609190888375645
ARMAZEM,2014,0.3861513254380091
ARMAZEM,2015,0.3810353290855901
ARMAZEM,2016,0.42795447475477116
ARMAZEM,2017,0.43865489370982375
ARMAZEM,2018,0.45677210275539637
ARMAZEM,2019,0.49361388380509674
ARMAZEM,2020,0.49060133792790794
ARMAZEM,2021,0.49733937406466305
ARMAZEM,2022,0.4998911861051226
ARMAZEM,2023,0.4885167934794642
ARROIO TRINTA,2002,0.2800715735034751
ARROIO TRINTA,2003,0.31159100090101816
ARROIO TRINTA,2004,0.2929158327959298
ARROIO TRINTA,2005,0.26180592725222135
ARROIO TRINTA,2006,0.2729192531240182
ARROIO TRINTA,2007,0.30842245737312524
ARROIO TRINTA,2008,0.29410439457691706
ARROIO TRINTA,2009,0.2966113579865478
ARROIO TRINTA,2010,0.22892209313640044
ARROIO TRINTA,2011,0.20619679318379805
ARROIO TRINTA,2012,0.2089273969432346
ARROIO TRINTA,2013,0.2567940299454189
ARROIO TRINTA,2014,0.2794177524429967
ARROIO TRINTA,2015,0.26038908605848265
ARROIO TRINTA,2016,0.2800046505274522
ARROIO TRINTA,2017,0.2897038728718344
ARROIO TRINTA,2018,0.28991082377549726
ARROIO TRINTA,2019,0.3033963238473503
ARROIO TRINTA,2020,0.28775947351680364
ARROIO TRINTA,2021,0.294033036528565
ARROIO TRINTA,2022,0.3111468201778994
ARROIO TRINTA,2023,0.3149234229127839
ARVOREDO,2002,0.0
ARVOREDO,2003,0.014559309721949859
ARVOREDO,2004,0.0
ARVOREDO,2005,0.0
ARVOREDO,2006,0.0
ARVOREDO,2007,0.0
ARVOREDO,2008,0.013576829948925232
ARVOREDO,2009,0.040309453726817414
ARVOREDO,2010,0.013058971686392968
ARVOREDO,2011,0.03152745528497512
ARVOREDO,2012,0.0325638612011829
ARVOREDO,2013,0.03688545317359677
ARVOREDO,2014,0.0486310278370665
ARVOREDO,2015,0.04867536377050144
ARVOREDO,2016,0.06116248199502608
ARVOREDO,2017,0.041138370160851354
ARVOREDO,2018,0.05502085370899087
ARVOREDO,2019,0.09907413705418067
ARVOREDO,2020,0.15149457227445073
ARVOREDO,2021,0.1462564756911972
ARVOREDO,2022,0.12269742452105895
ARVOREDO,2023,0.1537346395187878
ASCURRA,2002,0.47178851918549214
ASCURRA,2003,0.48720184198233585
ASCURRA,2004,0.5349728265010755
ASCURRA,2005,0.4671818183342466
ASCURRA,2006,0.7773588194232133
ASCURRA,2007,0.6271492097115839
ASCURRA,2008,0.5810487771257464
ASCURRA,2009,0.6708359998276181
ASCURRA,2010,0.5993045550402488
ASCURRA,2011,0.5389025749427456
ASCURRA,2012,0.5709346645223672
ASCURRA,2013,0.5266289897342834
ASCURRA,2014,0.5334923034114057
ASCURRA,2015,0.5163768653075396
ASCURRA,2016,0.6019064400267323
ASCURRA,2017,0.5942088881727425
ASCURRA,2018,0.5950344762803064
ASCURRA,2019,0.5992570843740171
ASCURRA,2020,0.5762405213697886
ASCURRA,2021,0.5845807486973572
ASCURRA,2022,0.5858196676025313
ASCURRA,2023,0.5816269920683896
ATALANTA,2002,0.198640960934773
ATALANTA,2003,0.19912143942892177
ATALANTA,2004,0.20769143508806273
ATALANTA,2005,0.18110018607403885
ATALANTA,2006,0.22367941402632563
ATALANTA,2007,0.18719474239497927
ATALANTA,2008,0.22397934958748805
ATALANTA,2009,0.22611809174730546
ATALANTA,2010,0.20174896542758322
ATALANTA,2011,0.22145471817023749
ATALANTA,2012,0.2169202539396015
ATALANTA,2013,0.19732061868302211
ATALANTA,2014,0.2691760403826981
ATALANTA,2015,0.2756542909319211
ATALANTA,2016,0.2454136629911675
ATALANTA,2017,0.2828371813207081
ATALANTA,2018,0.24593215011705422
ATALANTA,2019,0.21527790491758492
ATALANTA,2020,0.2368087411687875
ATALANTA,2021,0.310390033239215
ATALANTA,2022,0.3070701905071181
ATALANTA,2023,0.30013167199240376
AURORA,2002,0.1022031914562609
AURORA,2003,0.09785372478399522
AURORA,2004,0.11309217753089269
AURORA,2005,0.12239981557888356
AURORA,2006,0.1471769044107697
AURORA,2007,0.13585803376072314
AURORA,2008,0.14760678993232673
AURORA,2009,0.18738194388510448
AURORA,2010,0.1742400143135805
AURORA,2011,0.1282976430017165
AURORA,2012,0.15415832522072545
AURORA,2013,0.1434382330163775
AURORA,2014,0.15962380886432562
AURORA,2015,0.16945405595847382
AURORA,2016,0.23627264220686117
AURORA,2017,0.24496480740660626
AURORA,2018,0.2203172777988403
AURORA,2019,0.2396753718667365
AURORA,2020,0.29249746995634096
AURORA,2021,0.32885499205285323
AURORA,2022,0.37223637902762563
AURORA,2023,0.3970737847817872
BALNEARIO ARROIO DO SILVA,2002,0.017530738643876134
BALNEARIO ARROIO DO SILVA,2003,0.0265797823607894
BALNEARIO ARROIO DO SILVA,2004,0.03596874856575742
BALNEARIO ARROIO DO SILVA,2005,0.04735108133039566
BALNEARIO ARROIO DO SILVA,2006,0.06436487677256719
BALNEARIO ARROIO DO SILVA,2007,0.07746029553770474
BALNEARIO ARROIO DO SILVA,2008,0.05530763309097907
BALNEARIO ARROIO DO SILVA,2009,0.07543141942539262
BALNEARIO ARROIO DO SILVA,2010,0.07435182064923104
BALNEARIO ARROIO DO SILVA,2011,0.05828697207609678
BALNEARIO ARROIO DO SILVA,2012,0.05175530002470742
BALNEARIO ARROIO DO SILVA,2013,0.06791655293647259
BALNEARIO ARROIO DO SILVA,2014,0.06880281200562155
BALNEARIO ARROIO DO SILVA,2015,0.06546535014805659
BALNEARIO ARROIO DO SILVA,2016,0.06552711102387002
BALNEARIO ARROIO DO SILVA,2017,0.06755519454776586
BALNEARIO ARROIO DO SILVA,2018,0.051360156643932106
BALNEARIO ARROIO DO SILVA,2019,0.05929063779562539
BALNEARIO ARROIO DO SILVA,2020,0.052691052182375506
BALNEARIO ARROIO DO SILVA,2021,0.037700098635246086
BALNEARIO ARROIO DO SILVA,2022,0.039940541346058366
BALNEARIO ARROIO DO SILVA,2023,0.03821587788908273
BALNEARIO BARRA DO SUL,2002,0.04864362537780724
BALNEARIO BARRA DO SUL,2003,0.05977807612505415
BALNEARIO BARRA DO SUL,2004,0.055274435736087896
BALNEARIO BARRA DO SUL,2005,0.05568824544343945
BALNEARIO BARRA DO SUL,2006,0.08489605662169576
BALNEARIO BARRA DO SUL,2007,0.10683400446119988
BALNEARIO BARRA DO SUL,2008,0.09513241481406336
BALNEARIO BARRA DO SUL,2009,0.09036347757287058
BALNEARIO BARRA DO SUL,2010,0.08873650341310109
BALNEARIO BARRA DO SUL,2011,0.07164671914968278
BALNEARIO BARRA DO SUL,2012,0.06990023783281596
BALNEARIO BARRA DO SUL,2013,0.06975126604596658
BALNEARIO BARRA DO SUL,2014,0.0630329108646954
BALNEARIO BARRA DO SUL,2015,0.0675159034688958
BALNEARIO BARRA DO SUL,2016,0.06509594324450721
BALNEARIO BARRA DO SUL,2017,0.061397163043395535
BALNEARIO BARRA DO SUL,2018,0.06000016208984161
BALNEARIO BARRA DO SUL,2019,0.0657006320015616
BALNEARIO BARRA DO SUL,2020,0.06270929305662407
BALNEARIO BARRA DO SUL,2021,0.0545599324334719
BALNEARIO BARRA DO SUL,2022,0.05488044390786888
BALNEARIO BARRA DO SUL,2023,0.04574783911814303
BALNEARIO CAMBORIU,2002,0.1105350088450996
BALNEARIO CAMBORIU,2003,0.108071194926322
BALNEARIO CAMBORIU,2004,0.11174685294738956
BALNEARIO CAMBORIU,2005,0.10242238627722317
BALNEARIO CAMBORIU,2006,0.11627573757656662
BALNEARIO CAMBORIU,2007,0.1194013163741233
BALNEARIO CAMBORIU,2008,0.11233794462180376
BALNEARIO CAMBORIU,2009,0.12189580538821945
BALNEARIO CAMBORIU,2010,0.10079455456795466
BALNEARIO CAMBORIU,2011,0.09254683260318745
BALNEARIO CAMBORIU,2012,0.0967163195713201
BALNEARIO CAMBORIU,2013,0.08617689098429758
BALNEARIO CAMBORIU,2014,0.08838844839901834
BALNEARIO CAMBORIU,2015,0.08256558554185814
BALNEARIO CAMBORIU,2016,0.09000771076130343
BALNEARIO CAMBORIU,2017,0.08903854896993031
BALNEARIO CAMBORIU,2018,0.07990905167634192
BALNEARIO CAMBORIU,2019,0.09621815075722306
BALNEARIO CAMBORIU,2020,0.09824741450716118
BALNEARIO CAMBORIU,2021,0.09138640133496927
BALNEARIO CAMBORIU,2022,0.09083162890002701
BALNEARIO CAMBORIU,2023,0.09157579443296976
BALNEARIO GAIVOTA,2002,0.12205917704120892
BALNEARIO GAIVOTA,2003,0.10043182860365565
BALNEARIO GAIVOTA,2004,0.11418510975410281
BALNEARIO GAIVOTA,2005,0.11752603471813333
BALNEARIO GAIVOTA,2006,0.12631053630716238
BALNEARIO GAIVOTA,2007,0.14783783798536593
BALNEARIO GAIVOTA,2008,0.14767215908187062
BALNEARIO GAIVOTA,2009,0.14536733278531533
BALNEARIO GAIVOTA,2010,0.12886105952059518
BALNEARIO GAIVOTA,2011,0.1270448534672506
BALNEARIO GAIVOTA,2012,0.1258843524469756
BALNEARIO GAIVOTA,2013,0.10965788080462954
BALNEARIO GAIVOTA,2014,0.11370054887462275
BALNEARIO GAIVOTA,2015,0.10291398683529851
BALNEARIO GAIVOTA,2016,0.11388582468809363
BALNEARIO GAIVOTA,2017,0.08955927766955721
BALNEARIO GAIVOTA,2018,0.07357671249810496
BALNEARIO GAIVOTA,2019,0.08490737240824713
BALNEARIO GAIVOTA,2020,0.08509161708248669
BALNEARIO GAIVOTA,2021,0.0759394948414924
BALNEARIO GAIVOTA,2022,0.09812560247953947
BALNEARIO GAIVOTA,2023,0.0978691944415709
BALNEARIO PICARRAS,2002,0.08235209966833715
BALNEARIO PICARRAS,2003,0.09955788064397615
BALNEARIO PICARRAS,2004,0.0906608577239108
BALNEARIO PICARRAS,2005,0.10075729517320578
BALNEARIO PICARRAS,2006,0.173334824408153
BALNEARIO PICARRAS,2007,0.158345273360637
BALNEARIO PICARRAS,2008,0.1738785775380144
BALNEARIO PICARRAS,2009,0.19563072183004707
BALNEARIO PICARRAS,2010,0.17463970444557037
BALNEARIO PICARRAS,2011,0.14570164414627582
BALNEARIO PICARRAS,2012,0.14652207170015222
BALNEARIO PICARRAS,2013,0.13369881942908626
BALNEARIO PICARRAS,2014,0.13742174477138322
BALNEARIO PICARRAS,2015,0.12847064365050828
BALNEARIO PICARRAS,2016,0.1315006840649368
BALNEARIO PICARRAS,2017,0.1280109921324395
BALNEARIO PICARRAS,2018,0.11166721243771344
BALNEARIO PICARRAS,2019,0.11848594398035767
BALNEARIO PICARRAS,2020,0.11781254832468546
BALNEARIO PICARRAS,2021,0.10307586525339424
BALNEARIO PICARRAS,2022,0.09973021666699791
BALNEARIO PICARRAS,2023,0.10334449429882751
BALNEARIO RINCAO,2002,0.0
BALNEARIO RINCAO,2003,0.0
BALNEARIO RINCAO,2004,0.0
BALNEARIO RINCAO,2005,0.0
BALNEARIO RINCAO,2006,0.0
BALNEARIO RINCAO,2007,0.0
BALNEARIO RINCAO,2008,0.0
BALNEARIO RINCAO,2009,0.0
BALNEARIO RINCAO,2010,0.0
BALNEARIO RINCAO,2011,0.0
BALNEARIO RINCAO,2012,0.0
BALNEARIO RINCAO,2013,0.011385905702520448
BALNEARIO RINCAO,2014,0.020250617593063156
BALNEARIO RINCAO,2015,0.03547695138599313
BALNEARIO RINCAO,2016,0.043727927939901774
BALNEARIO RINCAO,2017,0.0439252260821246
BALNEARIO RINCAO,2018,0.037162853752484265
BALNEARIO RINCAO,2019,0.05707901871752461
BALNEARIO RINCAO,2020,0.06816792858185762
BALNEARIO RINCAO,2021,0.07365311478006312
BALNEARIO RINCAO,2022,0.07368983783383652
BALNEARIO RINCAO,2023,0.07635427042325518
BANDEIRANTE,2002,0.021321660195137156
BANDEIRANTE,2003,0.022741861456884827
BANDEIRANTE,2004,0.036185367749296614
BANDEIRANTE,2005,0.023024824925620704
BANDEIRANTE,2006,0.024699422728708106
BANDEIRANTE,2007,0.03504697218029074
BANDEIRANTE,2008,0.0331594087020034
BANDEIRANTE,2009,0.03319400748913395
BANDEIRANTE,2010,0.04092418740056959
BANDEIRANTE,2011,0.05859597603871664
BANDEIRANTE,2012,0.06890139962853414
BANDEIRANTE,2013,0.0462097730935432
BANDEIRANTE,2014,0.11366032236457627
BANDEIRANTE,2015,0.10546009567226282
BANDEIRANTE,2016,0.11165853299379747
BANDEIRANTE,2017,0.12051242087966998
BANDEIRANTE,2018,0.09733583530698628
BANDEIRANTE,2019,0.14354262392539963
BANDEIRANTE,2020,0.17988099761293147
BANDEIRANTE,2021,0.12330747817906232
BANDEIRANTE,2022,0.11656684650656458
BANDEIRANTE,2023,0.1298497692753363
BARRA BONITA,2002,0.033158085800230885
BARRA BONITA,2003,0.06971764078804876
BARRA BONITA,2004,0.08820020934228397
BARRA BONITA,2005,0.052957672969887945
BARRA BONITA,2006,0.0569123246187783
BARRA BONITA,2007,0.03662373470978935
BARRA BONITA,2008,0.03318175201410034
BARRA BONITA,2009,0.04051983861632703
BARRA BONITA,2010,0.04761044333056822
BARRA BONITA,2011,0.04086020001078941
BARRA BONITA,2012,0.044441390159741724
BARRA BONITA,2013,0.04024052561818112
BARRA BONITA,2014,0.04056310375466089
BARRA BONITA,2015,0.03918281750500598
BARRA BONITA,2016,0.07744144069690737
BARRA BONITA,2017,0.09037404825124985
BARRA BONITA,2018,0.09480999488472472
BARRA BONITA,2019,0.13407913209309452
BARRA BONITA,2020,0.08194306427571255
BARRA BONITA,2021,0.08267479779697248
BARRA BONITA,2022,0.11614292851561582
BARRA BONITA,2023,0.17320954214874443
BARRA VELHA,2002,0.07724156550272286
BARRA VELHA,2003,0.07930533374214077
BARRA VELHA,2004,0.0889333694942022
BARRA VELHA,2005,0.08214510132897658
BARRA VELHA,2006,0.09480651620097996
BARRA VELHA,2007,0.10020045651907925
BARRA VELHA,2008,0.10009473579141781
BARRA VELHA,2009,0.1138509229729721
BARRA VELHA,2010,0.10409286358048644
BARRA VELHA,2011,0.08982398826310499
BARRA VELHA,2012,0.10201790132715612
BARRA VELHA,2013,0.09178885076800813
BARRA VELHA,2014,0.0970081151460145
BARRA VELHA,2015,0.09685267641636659
BARRA VELHA,2016,0.10553057798550769
BARRA VELHA,2017,0.09799489473240194
BARRA VELHA,2018,0.08977019202636004
BARRA VELHA,2019,0.09932476962279399
BARRA VELHA,2020,0.10225967769165645
BARRA VELHA,2021,0.0990680775670297
BARRA VELHA,2022,0.1114906618778889
BARRA VELHA,2023,0.11033597227902645
BELA VISTA DO TOLDO,2002,0.019064093469880156
BELA VISTA DO TOLDO,2003,0.024410190846940568
BELA VISTA DO TOLDO,2004,0.027105008350914225
BELA VISTA DO TOLDO,2005,0.026107497199188576
BELA VISTA DO TOLDO,2006,0.019522137018203885
BELA VISTA DO TOLDO,2007,0.023925641288743697
BELA VISTA DO TOLDO,2008,0.02226332664696904
BELA VISTA DO TOLDO,2009,0.027968836108277176
BELA VISTA DO TOLDO,2010,0.01995307680331746
BELA VISTA DO TOLDO,2011,0.025827102458551354
BELA VISTA DO TOLDO,2012,0.030397919405555696
BELA VISTA DO TOLDO,2013,0.01600226794820891
BELA VISTA DO TOLDO,2014,0.02072192659500457
BELA VISTA DO TOLDO,2015,0.025453350450158965
BELA VISTA DO TOLDO,2016,0.03096609966237541
BELA VISTA DO TOLDO,2017,0.031187216160676868
BELA VISTA DO TOLDO,2018,0.015617261599138878
BELA VISTA DO TOLDO,2019,0.0296307737026455
BELA VISTA DO TOLDO,2020,0.03529749397475051
BELA VISTA DO TOLDO,2021,0.04226514475144387
BELA VISTA DO TOLDO,2022,0.041280396905831546
BELA VISTA DO TOLDO,2023,0.03671026641133672
BELMONTE,2002,0.014003455745107644
BELMONTE,2003,0.05587786445356995
BELMONTE,2004,0.06970324837909521
BELMONTE,2005,0.08015530995860733
BELMONTE,2006,0.07140083658393323
BELMONTE,2007,0.06534201786194405
BELMONTE,2008,0.03913440043477284
BELMONTE,2009,0.053977225142571764
BELMONTE,2010,0.04579539190443296
BELMONTE,2011,0.04822204228389773
BELMONTE,2012,0.07691298787562133
BELMONTE,2013,0.05923701974677024
BELMONTE,2014,0.06906842073004618
BELMONTE,2015,0.05340703784993497
BELMONTE,2016,0.04103995875178803
BELMONTE,2017,0.029759923073766504
BELMONTE,2018,0.020338653396151617
BELMONTE,2019,0.047745044003500985
BELMONTE,2020,0.031203055186571675
BELMONTE,2021,0.028452038187127122
BELMONTE,2022,0.045680990210828484
BELMONTE,2023,0.06605554253358246
BENEDITO NOVO,2002,0.5731460029297429
BENEDITO NOVO,2003,0.6158974272621669
BENEDITO NOVO,2004,0.6201232833929574
BENEDITO NOVO,2005,0.6075912649186439
BENEDITO NOVO,2006,0.7747092897291937
BENEDITO NOVO,2007,0.6979287950421804
BENEDITO NOVO,2008,0.6306056998635784
BENEDITO NOVO,2009,0.6386025843634975
BENEDITO NOVO,2010,0.5470606688383028
BENEDITO NOVO,2011,0.4875437824786071
BENEDITO NOVO,2012,0.5285134675506303
BENEDITO NOVO,2013,0.524970925261743
BENEDITO NOVO,2014,0.5621239197378961
BENEDITO NOVO,2015,0.537745753455329
BENEDITO NOVO,2016,0.6301000831814859
BENEDITO NOVO,2017,0.6066478340793191
BENEDITO NOVO,2018,0.5888632565902949
BENEDITO NOVO,2019,0.6179603398600189
BENEDITO NOVO,2020,0.6222114070704305
BENEDITO NOVO,2021,0.6211115415874071
BENEDITO NOVO,2022,0.5843928022541647
BENEDITO NOVO,2023,0.5641016727157885
BIGUACU,2002,0.10919070434845607
BIGUACU,2003,0.10991580344381392
BIGUACU,2004,0.1188991357250952
BIGUACU,2005,0.12251670153812508
BIGUACU,2006,0.14957555753151747
BIGUACU,2007,0.1522603742902451
BIGUACU,2008,0.14160187634305546
BIGUACU,2009,0.14705485016922254
BIGUACU,2010,0.12093410145557074
BIGUACU,2011,0.10166947631132978
BIGUACU,2012,0.10768497832887411
BIGUACU,2013,0.11608450615348372
BIGUACU,2014,0.12485089562897106
BIGUACU,2015,0.11759620070138782
BIGUACU,2016,0.13185326861098898
BIGUACU,2017,0.13065854576652297
BIGUACU,2018,0.11528262590601755
BIGUACU,2019,0.13344408276613637
BIGUACU,2020,0.14678103613011692
BIGUACU,2021,0.14052187264140298
BIGUACU,2022,0.14576069709349548
BIGUACU,2023,0.14327218768736727
BLUMENAU,2002,0.332461729636811
BLUMENAU,2003,0.3180666116141845
BLUMENAU,2004,0.32524105985991714
BLUMENAU,2005,0.3286107417236548
BLUMENAU,2006,0.4408952868965127
BLUMENAU,2007,0.42967361351776256
BLUMENAU,2008,0.40725314945372193
BLUMENAU,2009,0.4205176890577931
BLUMENAU,2010,0.3472920335647991
BLUMENAU,2011,0.27419095173021346
BLUMENAU,2012,0.2833647972124782
BLUMENAU,2013,0.28340460978458487
BLUMENAU,2014,0.2917491830582204
BLUMENAU,2015,0.27317485714054585
BLUMENAU,2016,0.3222504398776638
BLUMENAU,2017,0.3138232532630473
BLUMENAU,2018,0.3094889399027163
BLUMENAU,2019,0.3160915883880653
BLUMENAU,2020,0.3213245798736453
BLUMENAU,2021,0.31102680767169666
BLUMENAU,2022,0.30031933380083004
BLUMENAU,2023,0.2942059491634898
BOCAINA DO SUL,2002,0.035195190896753506
BOCAINA DO SUL,2003,0.03376655995441798
BOCAINA DO SUL,2004,0.034418947727072345
BOCAINA DO SUL,2005,0.03301950920671991
BOCAINA DO SUL,2006,0.034645878979185495
BOCAINA DO SUL,2007,0.04163845769170261
BOCAINA DO SUL,2008,0.0304084515612362
BOCAINA DO SUL,2009,0.038084050056821736
BOCAINA DO SUL,2010,0.04224776079954398
BOCAINA DO SUL,2011,0.02587502074768468
BOCAINA DO SUL,2012,0.044740011091442086
BOCAINA DO SUL,2013,0.035803661847505996
BOCAINA DO SUL,2014,0.04521087795849375
BOCAINA DO SUL,2015,0.07970885459086588
BOCAINA DO SUL,2016,0.08514238706429277
BOCAINA DO SUL,2017,0.09574793451742547
BOCAINA DO SUL,2018,0.06117941393709621
BOCAINA DO SUL,2019,0.10265139648840946
BOCAINA DO SUL,2020,0.12672800420284244
BOCAINA DO SUL,2021,0.18093394064741758
BOCAINA DO SUL,2022,0.10973805143556016
BOCAINA DO SUL,2023,0.11448688162898213
BOM JARDIM DA SERRA,2002,0.052190019449797675
BOM JARDIM DA SERRA,2003,0.061679266845900776
BOM JARDIM DA SERRA,2004,0.045804832542526014
BOM JARDIM DA SERRA,2005,0.04565049949831066
BOM JARDIM DA SERRA,2006,0.05730460273044789
BOM JARDIM DA SERRA,2007,0.05490588445649726
BOM JARDIM DA SERRA,2008,0.04112409079721355
BOM JARDIM DA SERRA,2009,0.0396970159357915
BOM JARDIM DA SERRA,2010,0.027853475938636275
BOM JARDIM DA SERRA,2011,0.02374857539211945
BOM JARDIM DA SERRA,2012,0.04196154468305854
BOM JARDIM DA SERRA,2013,0.037191100122045115
BOM JARDIM DA SERRA,2014,0.03500453543053938
BOM JARDIM DA SERRA,2015,0.04956727616329805
BOM JARDIM DA SERRA,2016,0.05951129403900793
BOM JARDIM DA SERRA,2017,0.052761379958175564
BOM JARDIM DA SERRA,2018,0.0460050387258103
BOM JARDIM DA SERRA,2019,0.04885112306958639
BOM JARDIM DA SERRA,2020,0.036805888810475966
BOM JARDIM DA SERRA,2021,0.04942328484238846
BOM JARDIM DA SERRA,2022,0.059635383596539304
BOM JARDIM DA SERRA,2023,0.06112637667540298
BOM JESUS,2002,0.09804837867303504
BOM JESUS,2003,0.08288582071450643
BOM JESUS,2004,0.06727990590067807
BOM JESUS,2005,0.052304919500634955
BOM JESUS,2006,0.07062739307756555
BOM JESUS,2007,0.09840411395680237
BOM JESUS,2008,0.11236658100911258
BOM JESUS,2009,0.08594206736834535
BOM JESUS,2010,0.11586286812121135
BOM JESUS,2011,0.059696026269730355
BOM JESUS,2012,0.08806710592771724
BOM JESUS,2013,0.09713271514644135
BOM JESUS,2014,0.1063530776439516
BOM JESUS,2015,0.09830767233348994
BOM JESUS,2016,0.09738395995538765
BOM JESUS,2017,0.08803648181994671
BOM JESUS,2018,0.11447276760809466
BOM JESUS,2019,0.10932017243544712
BOM JESUS,2020,0.11795740896115645
BOM JESUS,2021,0.12567588200330224
BOM JESUS,2022,0.12121302491219968
BOM JESUS,2023,0.14930774805026253
BOM JESUS DO OESTE,2002,0.06730494094056026
BOM JESUS DO OESTE,2003,0.10148284231786991
BOM JESUS DO OESTE,2004,0.1260102951010487
BOM JESUS DO OESTE,2005,0.13869095176899074
BOM JESUS DO OESTE,2006,0.07519643863079065
BOM JESUS DO OESTE,2007,0.0886448137241527
BOM JESUS DO OESTE,2008,0.10644238819861282
BOM JESUS DO OESTE,2009,0.12641323726164072
BOM JESUS DO OESTE,2010,0.10754227492794072
BOM JESUS DO OESTE,2011,0.09274948912249271
BOM JESUS DO OESTE,2012,0.07830986835617545
BOM JESUS DO OESTE,2013,0.07792692455217148
BOM JESUS DO OESTE,2014,0.09020814536300281
BOM JESUS DO OESTE,2015,0.06597241418888031
BOM JESUS DO OESTE,2016,0.09938235260208989
BOM JESUS DO OESTE,2017,0.1290110523483068
BOM JESUS DO OESTE,2018,0.09617046359569248
BOM JESUS DO OESTE,2019,0.1209225664191145
BOM JESUS DO OESTE,2020,0.20249534941220101
BOM JESUS DO OESTE,2021,0.18381063864036012
BOM JESUS DO OESTE,2022,0.1827716136833395
BOM JESUS DO OESTE,2023,0.1602239663948599
BOM RETIRO,2002,0.12975777307089392
BOM RETIRO,2003,0.1573348968537591
BOM RETIRO,2004,0.1807701793478406
BOM RETIRO,2005,0.15255031357961527
BOM RETIRO,2006,0.18124426072515426
BOM RETIRO,2007,0.17703630018144859
BOM RETIRO,2008,0.17198542295303526
BOM RETIRO,2009,0.1751943129039746
BOM RETIRO,2010,0.1317343203528289
BOM RETIRO,2011,0.11484011880864413
BOM RETIRO,2012,0.12120976336794599
BOM RETIRO,2013,0.10897769759592763
BOM RETIRO,2014,0.1135509676547422
BOM RETIRO,2015,0.105016993155391
BOM RETIRO,2016,0.11429134545563135
BOM RETIRO,2017,0.12487805155691142
BOM RETIRO,2018,0.12673617143466365
BOM RETIRO,2019,0.12541486322492829
BOM RETIRO,2020,0.13472819090887167
BOM RETIRO,2021,0.13645316994149392
BOM RETIRO,2022,0.15661919197299495
BOM RETIRO,2023,0.14215061053122685
BOMBINHAS,2002,0.06335517132158802
BOMBINHAS,2003,0.07684208468484717
BOMBINHAS,2004,0.07576725284563927
BOMBINHAS,2005,0.07041419054491972
BOMBINHAS,2006,0.10283368233307148
BOMBINHAS,2007,0.09165989938576255
BOMBINHAS,2008,0.10379133456392614
BOMBINHAS,2009,0.12542806030795126
BOMBINHAS,2010,0.1085443264010342
BOMBINHAS,2011,0.07885569270930119
BOMBINHAS,2012,0.07707476001850203
BOMBINHAS,2013,0.07032216753665559
BOMBINHAS,2014,0.07413004640286866
BOMBINHAS,2015,0.0746066378239002
BOMBINHAS,2016,0.06951848132188704
BOMBINHAS,2017,0.06965027510123152
BOMBINHAS,2018,0.06011759936917285
BOMBINHAS,2019,0.07879578464238296
BOMBINHAS,2020,0.078499764959255
BOMBINHAS,2021,0.0702226341273613
BOMBINHAS,2022,0.07781967333983529
BOMBINHAS,2023,0.07965018711059131
BOTUVERA,2002,0.4955493080568373
BOTUVERA,2003,0.5086618018848825
BOTUVERA,2004,0.539490226115893
BOTUVERA,2005,0.4857289896003849
BOTUVERA,2006,0.7324566367489246
BOTUVERA,2007,0.6927037946300265
BOTUVERA,2008,0.6426300801275466
BOTUVERA,2009,0.7493532954297004
BOTUVERA,2010,0.6330848736446993
BOTUVERA,2011,0.5454688737965165
BOTUVERA,2012,0.6223855361161093
BOTUVERA,2013,0.6611686938846435
BOTUVERA,2014,0.6766693447598046
BOTUVERA,2015,0.6272959976452178
BOTUVERA,2016,0.7245936796101049
BOTUVERA,2017,0.7677909016477149
BOTUVERA,2018,0.7761497222496198
BOTUVERA,2019,0.8258856238376596
BOTUVERA,2020,0.8676038103762427
BOTUVERA,2021,0.8584996687555988
BOTUVERA,2022,0.7632840731750871
BOTUVERA,2023,0.7942569987911707
BRACO DO NORTE,2002,0.38788847050632347
BRACO DO NORTE,2003,0.3836655402067928
BRACO DO NORTE,2004,0.40544357158468985
BRACO DO NORTE,2005,0.365691334278604
BRACO DO NORTE,2006,0.42297301237858687
BRACO DO NORTE,2007,0.39668837255164796
BRACO DO NORTE,2008,0.3811175109139873
BRACO DO NORTE,2009,0.39432005235086054
BRACO DO NORTE,2010,0.33061965552784484
BRACO DO NORTE,2011,0.2874694594468381
BRACO DO NORTE,2012,0.31497425076656566
BRACO DO NORTE,2013,0.331084234887457
BRACO DO NORTE,2014,0.36607589444876887
BRACO DO NORTE,2015,0.35888997110342474
BRACO DO NORTE,2016,0.42054040205744603
BRACO DO NORTE,2017,0.42691468444973424
BRACO DO NORTE,2018,0.4288395887390389
BRACO DO NORTE,2019,0.4474766957337398
BRACO DO NORTE,2020,0.449770284810877
BRACO DO NORTE,2021,0.44801486978968164
BRACO DO NORTE,2022,0.4413095210862634
BRACO DO NORTE,2023,0.42877162894628285
BRACO DO TROMBUDO,2002,0.3226031713061953
BRACO DO TROMBUDO,2003,0.2979835895584219
BRACO DO TROMBUDO,2004,0.34070975761049527
BRACO DO TROMBUDO,2005,0.3519597959798469
BRACO DO TROMBUDO,2006,0.4582877894780607
BRACO DO TROMBUDO,2007,0.47289849524237126
BRACO DO TROMBUDO,2008,0.49421584102668387
BRACO DO TROMBUDO,2009,0.5154866668261697
BRACO DO TROMBUDO,2010,0.45763087673570535
BRACO DO TROMBUDO,2011,0.4013831451178632
BRACO DO TROMBUDO,2012,0.4338648720665861
BRACO DO TROMBUDO,2013,0.45170693452713817
BRACO DO TROMBUDO,2014,0.4150480963068075
BRACO DO TROMBUDO,2015,0.3769083646778625
BRACO DO TROMBUDO,2016,0.49171456046509887
BRACO DO TROMBUDO,2017,0.4258596704410825
BRACO DO TROMBUDO,2018,0.44727899276619154
BRACO DO TROMBUDO,2019,0.45335132044464366
BRACO DO TROMBUDO,2020,0.48956318832733814
BRACO DO TROMBUDO,2021,0.48833405731775537
BRACO DO TROMBUDO,2022,0.436048775218252
BRACO DO TROMBUDO,2023,0.4264137716186873
BRUNOPOLIS,2002,0.03360003771917852
BRUNOPOLIS,2003,0.012776849512226565
BRUNOPOLIS,2004,0.012863828164263603
BRUNOPOLIS,2005,0.010835190536091742
BRUNOPOLIS,2006,0.014636858663380341
BRUNOPOLIS,2007,0.025472895417290135
BRUNOPOLIS,2008,0.034875867823480955
BRUNOPOLIS,2009,0.05725035604424684
BRUNOPOLIS,2010,0.033209796428485594
BRUNOPOLIS,2011,0.0465506799338187
BRUNOPOLIS,2012,0.045884247197943526
BRUNOPOLIS,2013,0.03462253534514192
BRUNOPOLIS,2014,0.03640546505365633
BRUNOPOLIS,2015,0.03705101226366402
BRUNOPOLIS,2016,0.0598081989955645
BRUNOPOLIS,2017,0.05796937265469536
BRUNOPOLIS,2018,0.06806797277963511
BRUNOPOLIS,2019,0.06968514470912339
BRUNOPOLIS,2020,0.07755959715341867
BRUNOPOLIS,2021,0.07260802222480275
BRUNOPOLIS,2022,0.04246708138673699
BRUNOPOLIS,2023,0.05565579539727486
BRUSQUE,2002,0.6023385197528999
BRUSQUE,2003,0.5908312058100067
BRUSQUE,2004,0.6094235361124463
BRUSQUE,2005,0.5898681511827596
BRUSQUE,2006,0.7297094494396819
BRUSQUE,2007,0.6963168801061386
BRUSQUE,2008,0.6483556941726498
BRUSQUE,2009,0.6618197068615297
BRUSQUE,2010,0.5533347245858176
BRUSQUE,2011,0.453906712786843
BRUSQUE,2012,0.4684276897637928
BRUSQUE,2013,0.4588594406168568
BRUSQUE,2014,0.47383306814914466
BRUSQUE,2015,0.4422736286863047
BRUSQUE,2016,0.49749139156201533
BRUSQUE,2017,0.5009807126268666
BRUSQUE,2018,0.5008899119150665
BRUSQUE,2019,0.5236575072292422
BRUSQUE,2020,0.5257423178517879
BRUSQUE,2021,0.5160443234207224
BRUSQUE,2022,0.49268543659824093
BRUSQUE,2023,0.4960179956693368
CACADOR,2002,0.25662201340407126
CACADOR,2003,0.24887780049280211
CACADOR,2004,0.2557770542976498
CACADOR,2005,0.23907623706694678
CACADOR,2006,0.3193693845523533
CACADOR,2007,0.28610123170925106
CACADOR,2008,0.25991083588034963
CACADOR,2009,0.2741004096069954
CACADOR,2010,0.23030201203410017
CACADOR,2011,0.18816857502009204
CACADOR,2012,0.2051274712454949
CACADOR,2013,0.22474818350481446
CACADOR,2014,0.2359134974262124
CACADOR,2015,0.2247150685529965
CACADOR,2016,0.2908703411449699
CACADOR,2017,0.3001403249249235
CACADOR,2018,0.31009695724042297
CACADOR,2019,0.32394809265914526
CACADOR,2020,0.34753268769435963
CACADOR,2021,0.3302815392350515
CACADOR,2022,0.3193975133942241
CACADOR,2023,0.3156059118469859
CAIBI,2002,0.15069930101379686
CAIBI,2003,0.17038187955182693
CAIBI,2004,0.20094106649418442
CAIBI,2005,0.18703817064893266
CAIBI,2006,0.234897658893752
CAIBI,2007,0.2264332015618184
CAIBI,2008,0.22571856977912846
CAIBI,2009,0.23136180721806318
CAIBI,2010,0.19750265303213765
CAIBI,2011,0.13879491407525774
CAIBI,2012,0.15673309086224624
CAIBI,2013,0.1754692078501581
CAIBI,2014,0.20123170289132394
CAIBI,2015,0.18470990947133833
CAIBI,2016,0.2199967187572708
CAIBI,2017,0.2149198885819742
CAIBI,2018,0.2393597949350071
CAIBI,2019,0.2408361624049034
CAIBI,2020,0.25374637948500534
CAIBI,2021,0.26777331311878505
CAIBI,2022,0.24945814932548674
CAIBI,2023,0.2725412847853432
CALMON,2002,0.09175748246378908
CALMON,2003,0.06668291078075683
CALMON,2004,0.041632843985598626
CALMON,2005,0.03176747093712531
CALMON,2006,0.04432990807142514
CALMON,2007,0.022005039206102667
CALMON,2008,0.03924687303427885
CALMON,2009,0.047438229316710205
CALMON,2010,0.062283984288175595
CALMON,2011,0.03930952445764248
CALMON,2012,0.031699451315912106
CALMON,2013,0.021863434594075616
CALMON,2014,0.043908987577350754
CALMON,2015,0.048000962095493344
CALMON,2016,0.0381325482237575
CALMON,2017,0.04857281097006876
CALMON,2018,0.027162066727139198
CALMON,2019,0.031436534379496735
CALMON,2020,0.05658197859804501
CALMON,2021,0.030171844924243872
CALMON,2022,0.06012668443838619
CALMON,2023,0.05870626963411989
CAMBORIU,2002,0.08459733835316673
CAMBORIU,2003,0.08563335158864113
CAMBORIU,2004,0.09900254743196285
CAMBORIU,2005,0.10583202106334537
CAMBORIU,2006,0.12534803600496008
CAMBORIU,2007,0.11735072250229484
CAMBORIU,2008,0.11513426278996057
CAMBORIU,2009,0.13248304003481115
CAMBORIU,2010,0.11185789171467476
CAMBORIU,2011,0.09390967421461417
CAMBORIU,2012,0.09638956787762687
CAMBORIU,2013,0.09363698302884926
CAMBORIU,2014,0.09337830198451985
CAMBORIU,2015,0.09221200145171149
CAMBORIU,2016,0.09894123194420465
CAMBORIU,2017,0.09296639086503843
CAMBORIU,2018,0.08379235965205499
CAMBORIU,2019,0.09798017769836082
CAMBORIU,2020,0.09967800259183705
CAMBORIU,2021,0.08557751834652717
CAMBORIU,2022,0.09924997336867639
CAMBORIU,2023,0.1090421488743101
CAMPO ALEGRE,2002,0.29806370084918865
CAMPO ALEGRE,2003,0.29686838583097197
CAMPO ALEGRE,2004,0.33892817594291447
CAMPO ALEGRE,2005,0.33038563657503184
CAMPO ALEGRE,2006,0.377206481690005
CAMPO ALEGRE,2007,0.3563624289806749
CAMPO ALEGRE,2008,0.30253379825893656
CAMPO ALEGRE,2009,0.33746075525367936
CAMPO ALEGRE,2010,0.29703975904526947
CAMPO ALEGRE,2011,0.29473217079095493
CAMPO ALEGRE,2012,0.34840315880722783
CAMPO ALEGRE,2013,0.3834652168006117
CAMPO ALEGRE,2014,0.41057068353447923
CAMPO ALEGRE,2015,0.38818345332741966
CAMPO ALEGRE,2016,0.4855476075079077
CAMPO ALEGRE,2017,0.5534622451903303
CAMPO ALEGRE,2018,0.5693503628166786
CAMPO ALEGRE,2019,0.612938296741444
CAMPO ALEGRE,2020,0.6145882088162198
CAMPO ALEGRE,2021,0.6447526926473932
CAMPO ALEGRE,2022,0.6466964749225614
CAMPO ALEGRE,2023,0.614476622059475
CAMPO BELO DO SUL,2002,0.08011971673524935
CAMPO BELO DO SUL,2003,0.08816295528188373
CAMPO BELO DO SUL,2004,0.10744771753043914
CAMPO BELO DO SUL,2005,0.10412923669331672
CAMPO BELO DO SUL,2006,0.11832390338166153
CAMPO BELO DO SUL,2007,0.1046241366963303
CAMPO BELO DO SUL,2008,0.10815687293272472
CAMPO BELO DO SUL,2009,0.12885688979031376
CAMPO BELO DO SUL,2010,0.11473443321096402
CAMPO BELO DO SUL,2011,0.07882683925804229
CAMPO BELO DO SUL,2012,0.08963345348636304
CAMPO BELO DO SUL,2013,0.08276912940129315
CAMPO BELO DO SUL,2014,0.08859176803692116
CAMPO BELO DO SUL,2015,0.09669091786427408
CAMPO BELO DO SUL,2016,0.1163563669869982
CAMPO BELO DO SUL,2017,0.09864819073725091
CAMPO BELO DO SUL,2018,0.11166436575365413
CAMPO BELO DO SUL,2019,0.0805386278373006
CAMPO BELO DO SUL,2020,0.11772090691478143
CAMPO BELO DO SUL,2021,0.08734661706617522
CAMPO BELO DO SUL,2022,0.08413359578080495
CAMPO BELO DO SUL,2023,0.09205207698133089
CAMPO ERE,2002,0.10595420165895277
CAMPO ERE,2003,0.11693737125374393
CAMPO ERE,2004,0.12819723064228644
CAMPO ERE,2005,0.12431886272836694
CAMPO ERE,2006,0.13044059110884998
CAMPO ERE,2007,0.11940571693511136
CAMPO ERE,2008,0.0925262116324522
CAMPO ERE,2009,0.09013817357752893
CAMPO ERE,2010,0.09752238855988414
CAMPO ERE,2011,0.09588077007975798
CAMPO ERE,2012,0.090988915637231
CAMPO ERE,2013,0.09063521493798452
CAMPO ERE,2014,0.10684583720170043
CAMPO ERE,2015,0.1085012523252796
CAMPO ERE,2016,0.13412799360679994
CAMPO ERE,2017,0.18081461884739405
CAMPO ERE,2018,0.17942988908032864
CAMPO ERE,2019,0.19973968886464644
CAMPO ERE,2020,0.22010731896615168
CAMPO ERE,2021,0.21295556509360414
CAMPO ERE,2022,0.21773673017562223
CAMPO ERE,2023,0.21512884403113142
CAMPOS NOVOS,2002,0.1210802012379682
CAMPOS NOVOS,2003,0.12401992638995832
CAMPOS NOVOS,2004,0.13321311364654378
CAMPOS NOVOS,2005,0.12572639139898964
CAMPOS NOVOS,2006,0.15949181721634262
CAMPOS NOVOS,2007,0.1696135820360385
CAMPOS NOVOS,2008,0.18584983453339152
CAMPOS NOVOS,2009,0.17148426639320186
CAMPOS NOVOS,2010,0.14937043068925981
CAMPOS NOVOS,2011,0.13929748882753495
CAMPOS NOVOS,2012,0.14743555341716266
CAMPOS NOVOS,2013,0.15490584136740176
CAMPOS NOVOS,2014,0.16732799800778914
CAMPOS NOVOS,2015,0.18598445671328248
CAMPOS NOVOS,2016,0.21985449259009332
CAMPOS NOVOS,2017,0.21077909033877884
CAMPOS NOVOS,2018,0.2104652632529298
CAMPOS NOVOS,2019,0.24088484380130348
CAMPOS NOVOS,2020,0.25969719876829134
CAMPOS NOVOS,2021,0.24786215896683778
CAMPOS NOVOS,2022,0.21894532342911183
CAMPOS NOVOS,2023,0.22503523703383319
CANELINHA,2002,0.5519012099053608
CANELINHA,2003,0.4933371748488504
CANELINHA,2004,0.5566469694721147
CANELINHA,2005,0.5085910181546978
CANELINHA,2006,0.576695716607594
CANELINHA,2007,0.5707138364097323
CANELINHA,2008,0.555008837761811
CANELINHA,2009,0.5844003541900873
CANELINHA,2010,0.4723076973529688
CANELINHA,2011,0.4181391737822641
CANELINHA,2012,0.426861820843594
CANELINHA,2013,0.4010796594916311
CANELINHA,2014,0.4060862412761237
CANELINHA,2015,0.3796794303585092
CANELINHA,2016,0.38890489649761384
CANELINHA,2017,0.3855192840689964
CANELINHA,2018,0.37125747975717904
CANELINHA,2019,0.41231550756575225
CANELINHA,2020,0.43043617767225006
CANELINHA,2021,0.48286498435126657
CANELINHA,2022,0.47190501186758016
CANELINHA,2023,0.4596507368714192
CANOINHAS,2002,0.16417917051845926
CANOINHAS,2003,0.16305666287074122
CANOINHAS,2004,0.16510429781468344
CANOINHAS,2005,0.14600839017324596
CANOINHAS,2006,0.18843023854640104
CANOINHAS,2007,0.16634848851984096
CANOINHAS,2008,0.1514257839766246
CANOINHAS,2009,0.15934377695982316
CANOINHAS,2010,0.12933743045560053
CANOINHAS,2011,0.10604589650711214
CANOINHAS,2012,0.10906019923597983
CANOINHAS,2013,0.10316170593707127
CANOINHAS,2014,0.11593304835656065
CANOINHAS,2015,0.11480576858579908
CANOINHAS,2016,0.13099478921184865
CANOINHAS,2017,0.13019004567902748
CANOINHAS,2018,0.11754236061704801
CANOINHAS,2019,0.13608211182686436
CANOINHAS,2020,0.14551972261751273
CANOINHAS,2021,0.13266382124947607
CANOINHAS,2022,0.13628820182117396
CANOINHAS,2023,0.14138623063437417
CAPAO ALTO,2002,0.07722776720525061
CAPAO ALTO,2003,0.09872928288324473
CAPAO ALTO,2004,0.10507927830707252
CAPAO ALTO,2005,0.1032387558912108
CAPAO ALTO,2006,0.14057795435371687
CAPAO ALTO,2007,0.14283531407361946
CAPAO ALTO,2008,0.1332300531534204
CAPAO ALTO,2009,0.15713996570376443
CAPAO ALTO,2010,0.10864035358931848
CAPAO ALTO,2011,0.0711065169500662
CAPAO ALTO,2012,0.08485985595815462
CAPAO ALTO,2013,0.06450298377134596
CAPAO ALTO,2014,0.06835710856491573
CAPAO ALTO,2015,0.05136119058719239
CAPAO ALTO,2016,0.06872946098051888
CAPAO ALTO,2017,0.09243848557147731
CAPAO ALTO,2018,0.08117812773420763
CAPAO ALTO,2019,0.09442251446510824
CAPAO ALTO,2020,0.09191727547550067
CAPAO ALTO,2021,0.06669439193534596
CAPAO ALTO,2022,0.07795901203878366
CAPAO ALTO,2023,0.0932177453042736
CAPINZAL,2002,0.3110682684457181
CAPINZAL,2003,0.3246005453731939
CAPINZAL,2004,0.3383299227130224
CAPINZAL,2005,0.3267015655756343
CAPINZAL,2006,0.5512340741210403
CAPINZAL,2007,0.5198293701973875
CAPINZAL,2008,0.4553368662648275
CAPINZAL,2009,0.4742996983041029
CAPINZAL,2010,0.34889494588838244
CAPINZAL,2011,0.2897608098803928
CAPINZAL,2012,0.30451264169171005
CAPINZAL,2013,0.3230658223179826
CAPINZAL,2014,0.3317715989337055
CAPINZAL,2015,0.3202914282820749
CAPINZAL,2016,0.4021940538250002
CAPINZAL,2017,0.431353562193189
CAPINZAL,2018,0.4133282525175739
CAPINZAL,2019,0.4734360258258773
CAPINZAL,2020,0.5006022506352894
CAPINZAL,2021,0.45612231308241535
CAPINZAL,2022,0.41458466526558513
CAPINZAL,2023,0.42430638608697735
CAPIVARI DE BAIXO,2002,0.13241800713891388
CAPIVARI DE BAIXO,2003,0.145045396373145
CAPIVARI DE BAIXO,2004,0.144835827218416
CAPIVARI DE BAIXO,2005,0.13172135596380535
CAPIVARI DE BAIXO,2006,0.1860322753735853
CAPIVARI DE BAIXO,2007,0.19529981655469908
CAPIVARI DE BAIXO,2008,0.1908733457790969
CAPIVARI DE BAIXO,2009,0.17605608137918577
CAPIVARI DE BAIXO,2010,0.1554110189584047
CAPIVARI DE BAIXO,2011,0.1407657708847082
CAPIVARI DE BAIXO,2012,0.16236845837264985
CAPIVARI DE BAIXO,2013,0.16871381221914689
CAPIVARI DE BAIXO,2014,0.16442631679883346
CAPIVARI DE BAIXO,2015,0.1514470117888163
CAPIVARI DE BAIXO,2016,0.15901052330887644
CAPIVARI DE BAIXO,2017,0.15512133157774474
CAPIVARI DE BAIXO,2018,0.15985242188754883
CAPIVARI DE BAIXO,2019,0.1663797997210556
CAPIVARI DE BAIXO,2020,0.17463948336455382
CAPIVARI DE BAIXO,2021,0.16907131815066173
CAPIVARI DE BAIXO,2022,0.17830436248179896
CAPIVARI DE BAIXO,2023,0.18374768476266518
CATANDUVAS,2002,0.2037036309158815
CATANDUVAS,2003,0.1880670464932246
CATANDUVAS,2004,0.2072921628150717
CATANDUVAS,2005,0.19762458183327591
CATANDUVAS,2006,0.24088074025748407
CATANDUVAS,2007,0.21775748662728522
CATANDUVAS,2008,0.21430032324543624
CATANDUVAS,2009,0.22837934403935423
CATANDUVAS,2010,0.17910168837442408
CATANDUVAS,2011,0.1653020700026282
CATANDUVAS,2012,0.18809795499647222
CATANDUVAS,2013,0.1800343968014112
CATANDUVAS,2014,0.18827854141455058
CATANDUVAS,2015,0.1922875250514382
CATANDUVAS,2016,0.22227288578010967
CATANDUVAS,2017,0.22572928518678304
CATANDUVAS,2018,0.2350300397494451
CATANDUVAS,2019,0.25420780493817247
CATANDUVAS,2020,0.27902700969784405
CATANDUVAS,2021,0.25854336984858284
CATANDUVAS,2022,0.28338646258817146
CATANDUVAS,2023,0.2765163714768241
CAXAMBU DO SUL,2002,0.06177612905655902
CAXAMBU DO SUL,2003,0.08099896415272231
CAXAMBU DO SUL,2004,0.07861039531935748
CAXAMBU DO SUL,2005,0.07792119759121036
CAXAMBU DO SUL,2006,0.10099848238722062
CAXAMBU DO SUL,2007,0.0851055114960877
CAXAMBU DO SUL,2008,0.0847419348278513
CAXAMBU DO SUL,2009,0.08823941905340421
CAXAMBU DO SUL,2010,0.08072071630060984
CAXAMBU DO SUL,2011,0.08079321518196551
CAXAMBU DO SUL,2012,0.06994204366409207
CAXAMBU DO SUL,2013,0.04383737132959455
CAXAMBU DO SUL,2014,0.05972004642619334
CAXAMBU DO SUL,2015,0.0678742736405428
CAXAMBU DO SUL,2016,0.0885162794505991
CAXAMBU DO SUL,2017,0.08634636093243
CAXAMBU DO SUL,2018,0.10926742522927951
CAXAMBU DO SUL,2019,0.12922807943601908
CAXAMBU DO SUL,2020,0.13487430476441065
CAXAMBU DO SUL,2021,0.1295145631016568
CAXAMBU DO SUL,2022,0.14577057862934006
CAXAMBU DO SUL,2023,0.15839353882806073
CELSO RAMOS,2002,0.04779123420649333
CELSO RAMOS,2003,0.06301806573416496
CELSO RAMOS,2004,0.06813529971159836
CELSO RAMOS,2005,0.09002644641449495
CELSO RAMOS,2006,0.08498330024347267
CELSO RAMOS,2007,0.08993207469307458
CELSO RAMOS,2008,0.07377317761454594
CELSO RAMOS,2009,0.07621506887606078
CELSO RAMOS,2010,0.07896395368228654
CELSO RAMOS,2011,0.07769482762433473
CELSO RAMOS,2012,0.109828206375487
CELSO RAMOS,2013,0.09628516784589233
CELSO RAMOS,2014,0.10215413803179225
CELSO RAMOS,2015,0.10731777823275085
CELSO RAMOS,2016,0.10885309886900228
CELSO RAMOS,2017,0.11332994717454689
CELSO RAMOS,2018,0.11279886785241496
CELSO RAMOS,2019,0.1282996746589297
CELSO RAMOS,2020,0.13778372139886785
CELSO RAMOS,2021,0.15123125782334887
CELSO RAMOS,2022,0.14038677229489335
CELSO RAMOS,2023,0.16358885759179687
CERRO NEGRO,2002,0.008077069457301191
CERRO NEGRO,2003,0.02818178671858042
CERRO NEGRO,2004,0.02745590402570738
CERRO NEGRO,2005,0.03608052190876535
CERRO NEGRO,2006,0.061773621473605135
CERRO NEGRO,2007,0.07015337104308474
CERRO NEGRO,2008,0.06476082694281975
CERRO NEGRO,2009,0.0658842289919028
CERRO NEGRO,2010,0.03564689583822486
CERRO NEGRO,2011,0.029892031736164136
CERRO NEGRO,2012,0.04609506954919708
CERRO NEGRO,2013,0.05896767895585164
CERRO NEGRO,2014,0.05553323272609324
CERRO NEGRO,2015,0.04522504696032277
CERRO NEGRO,2016,0.047587909005840354
CERRO NEGRO,2017,0.06094060752307173
CERRO NEGRO,2018,0.04575020391967744
CERRO NEGRO,2019,0.05826078202860049
CERRO NEGRO,2020,0.036832177541787775
CERRO NEGRO,2021,0.012158792553076107
CERRO NEGRO,2022,0.05248377788902229
CERRO NEGRO,2023,0.059645998978443825
CHAPADAO DO LAGEADO,2002,0.0
CHAPADAO DO LAGEADO,2003,0.0
CHAPADAO DO LAGEADO,2004,0.0
CHAPADAO DO LAGEADO,2005,0.0
CHAPADAO DO LAGEADO,2006,0.0
CHAPADAO DO LAGEADO,2007,0.0
CHAPADAO DO LAGEADO,2008,0.011318181774601862
CHAPADAO DO LAGEADO,2009,0.022341883731373163
CHAPADAO DO LAGEADO,2010,0.03053276745594405
CHAPADAO DO LAGEADO,2011,0.0
CHAPADAO DO LAGEADO,2012,0.02093096791506885
CHAPADAO DO LAGEADO,2013,0.03433535188936168
CHAPADAO DO LAGEADO,2014,0.05125114056711595
CHAPADAO DO LAGEADO,2015,0.045077938122435615
CHAPADAO DO LAGEADO,2016,0.05472890912960109
CHAPADAO DO LAGEADO,2017,0.07777801551789158
CHAPADAO DO LAGEADO,2018,0.0697382694811691
CHAPADAO DO LAGEADO,2019,0.07438241204744975
CHAPADAO DO LAGEADO,2020,0.07373410979723793
CHAPADAO DO LAGEADO,2021,0.05321375088887572
CHAPADAO DO LAGEADO,2022,0.06536389879521548
CHAPADAO DO LAGEADO,2023,0.07084980723279602
CHAPECO,2002,0.18094064055382933
CHAPECO,2003,0.16795121745513578
CHAPECO,2004,0.1793956702262366
CHAPECO,2005,0.17102537285047875
CHAPECO,2006,0.2482696854468061
CHAPECO,2007,0.26045806624337736
CHAPECO,2008,0.2537697004156288
CHAPECO,2009,0.251467235422855
CHAPECO,2010,0.21044820066714112
CHAPECO,2011,0.17416892609374257
CHAPECO,2012,0.1656752622138422
CHAPECO,2013,0.18811511449582946
CHAPECO,2014,0.19522236943410515
CHAPECO,2015,0.18767988805735597
CHAPECO,2016,0.22105979694993508
CHAPECO,2017,0.22129050935073247
CHAPECO,2018,0.21414122722676965
CHAPECO,2019,0.24932372946775633
CHAPECO,2020,0.2708904318988078
CHAPECO,2021,0.2559263351029187
CHAPECO,2022,0.23715645050404896
CHAPECO,2023,0.24866465296971654
COCAL DO SUL,2002,0.32740579279952475
COCAL DO SUL,2003,0.33149014176704217
COCAL DO SUL,2004,0.3720951763493747
COCAL DO SUL,2005,0.36733541935513814
COCAL DO SUL,2006,0.49469245849222876
COCAL DO SUL,2007,0.4873175224610766
COCAL DO SUL,2008,0.5089482150277521
COCAL DO SUL,2009,0.5156945580744917
COCAL DO SUL,2010,0.44157341783649895
COCAL DO SUL,2011,0.3509476907869183
COCAL DO SUL,2012,0.35736628366779344
COCAL DO SUL,2013,0.3520162568078756
COCAL DO SUL,2014,0.3834908887203742
COCAL DO SUL,2015,0.3994672454668895
COCAL DO SUL,2016,0.47512146713351644
COCAL DO SUL,2017,0.47069763275894316
COCAL DO SUL,2018,0.47184880013651165
COCAL DO SUL,2019,0.516157319076514
COCAL DO SUL,2020,0.5215772554826067
COCAL DO SUL,2021,0.502748516221056
COCAL DO SUL,2022,0.4887623617181558
COCAL DO SUL,2023,0.47538722336379985
CONCORDIA,2002,0.20052053685488608
CONCORDIA,2003,0.19851603058838946
CONCORDIA,2004,0.21540491049854946
CONCORDIA,2005,0.20381150588276836
CONCORDIA,2006,0.28892537992623524
CONCORDIA,2007,0.2705168817259972
CONCORDIA,2008,0.2528156405662418
CONCORDIA,2009,0.2681215916094719
CONCORDIA,2010,0.2158553514641915
CONCORDIA,2011,0.1713851479676084
CONCORDIA,2012,0.12901920979984194
CONCORDIA,2013,0.18878566888829393
CONCORDIA,2014,0.20651284693125227
CONCORDIA,2015,0.2079500910400109
CONCORDIA,2016,0.25729920387891003
CONCORDIA,2017,0.2706039205859139
CONCORDIA,2018,0.2718071795741732
CONCORDIA,2019,0.29842130109271386
CONCORDIA,2020,0.3037586244888945
CONCORDIA,2021,0.27891008107547677
CONCORDIA,2022,0.24984899641818442
CONCORDIA,2023,0.25118889319448806
CORDILHEIRA ALTA,2002,0.20529902620485957
CORDILHEIRA ALTA,2003,0.19901035742894732
CORDILHEIRA ALTA,2004,0.2261108336280499
CORDILHEIRA ALTA,2005,0.22810211003182818
CORDILHEIRA ALTA,2006,0.2757156107104518
CORDILHEIRA ALTA,2007,0.27323369004142806
CORDILHEIRA ALTA,2008,0.23569471683687268
CORDILHEIRA ALTA,2009,0.23340188362029113
CORDILHEIRA ALTA,2010,0.22494525167738635
CORDILHEIRA ALTA,2011,0.21773934148979257
CORDILHEIRA ALTA,2012,0.20979496474073273
CORDILHEIRA ALTA,2013,0.2269583832297677
CORDILHEIRA ALTA,2014,0.2688927065190222
CORDILHEIRA ALTA,2015,0.2949726699557601
CORDILHEIRA ALTA,2016,0.32321523662661505
CORDILHEIRA ALTA,2017,0.3016742141131081
CORDILHEIRA ALTA,2018,0.31051107236679487
CORDILHEIRA ALTA,2019,0.3477887766705275
CORDILHEIRA ALTA,2020,0.42687415215602553
CORDILHEIRA ALTA,2021,0.428458929714069
CORDILHEIRA ALTA,2022,0.4274589057155599
CORDILHEIRA ALTA,2023,0.4526421454358849
CORONEL FREITAS,2002,0.3012685595974358
CORONEL FREITAS,2003,0.3065485696113672
CORONEL FREITAS,2004,0.2970827942807286
CORONEL FREITAS,2005,0.2822721900411089
CORONEL FREITAS,2006,0.3094196006062071
CORONEL FREITAS,2007,0.32122443100661013
CORONEL FREITAS,2008,0.2940672786020773
CORONEL FREITAS,2009,0.3040187471450213
CORONEL FREITAS,2010,0.26503624432721684
CORONEL FREITAS,2011,0.2132127500545388
CORONEL FREITAS,2012,0.22569896398603526
CORONEL FREITAS,2013,0.22094292733294785
CORONEL FREITAS,2014,0.24331828388200627
CORONEL FREITAS,2015,0.23515760396646967
CORONEL FREITAS,2016,0.27050413917719435
CORONEL FREITAS,2017,0.2523972954761749
CORONEL FREITAS,2018,0.2818510555870764
CORONEL FREITAS,2019,0.30190839876109177
CORONEL FREITAS,2020,0.31300747906221493
CORONEL FREITAS,2021,0.2910530658801556
CORONEL FREITAS,2022,0.2752723524020111
CORONEL FREITAS,2023,0.28457865700309404
CORONEL MARTINS,2002,0.0
CORONEL MARTINS,2003,0.0
CORONEL MARTINS,2004,0.014624173923661802
CORONEL MARTINS,2005,0.013820122307796752
CORONEL MARTINS,2006,0.0
CORONEL MARTINS,2007,0.0
CORONEL MARTINS,2008,0.026148958420277115
CORONEL MARTINS,2009,0.02797058893735331
CORONEL MARTINS,2010,0.022949063628685033
CORONEL MARTINS,2011,0.00941244475644557
CORONEL MARTINS,2012,0.009796577508176255
CORONEL MARTINS,2013,0.0
CORONEL MARTINS,2014,0.0
CORONEL MARTINS,2015,0.0
CORONEL MARTINS,2016,0.011285813924840238
CORONEL MARTINS,2017,0.010943408173972826
CORONEL MARTINS,2018,0.012997627391094651
CORONEL MARTINS,2019,0.02286958826576697
CORONEL MARTINS,2020,0.027035606183693488
CORONEL MARTINS,2021,0.02799684227057824
CORONEL MARTINS,2022,0.045119895530103114
CORONEL MARTINS,2023,0.05391281947981362
CORREIA PINTO,2002,0.10660460582238651
CORREIA PINTO,2003,0.10536897907183054
CORREIA PINTO,2004,0.12511485645268924
CORREIA PINTO,2005,0.1231682245490567
CORREIA PINTO,2006,0.16353478030006685
CORREIA PINTO,2007,0.14954358014991195
CORREIA PINTO,2008,0.1475996744176248
CORREIA PINTO,2009,0.14470835125630307
CORREIA PINTO,2010,0.12431189735598572
CORREIA PINTO,2011,0.10746364677452297
CORREIA PINTO,2012,0.1242494151236953
CORREIA PINTO,2013,0.14489838505641256
CORREIA PINTO,2014,0.1535478094686838
CORREIA PINTO,2015,0.15721165441282595
CORREIA PINTO,2016,0.19319133428325636
CORREIA PINTO,2017,0.19536969587417186
CORREIA PINTO,2018,0.19812322718620393
CORREIA PINTO,2019,0.2405330832820077
CORREIA PINTO,2020,0.22482999645933172
CORREIA PINTO,2021,0.19700487920394083
CORREIA PINTO,2022,0.21130550714292812
CORREIA PINTO,2023,0.2039752267808461
CORUPA,2002,0.32038824598497906
CORUPA,2003,0.2960491841535367
CORUPA,2004,0.30203204452675847
CORUPA,2005,0.2997851446641359
CORUPA,2006,0.38380412604879
CORUPA,2007,0.3916524905983232
CORUPA,2008,0.40802791112717185
CORUPA,2009,0.4275279842235601
CORUPA,2010,0.362344669727026
CORUPA,2011,0.3068550022648523
CORUPA,2012,0.3387991743589214
CORUPA,2013,0.3374468970355428
CORUPA,2014,0.3460037408582355
CORUPA,2015,0.3598968308253972
CORUPA,2016,0.4055420876451959
CORUPA,2017,0.4298740779465867
CORUPA,2018,0.42188426227988296
CORUPA,2019,0.4603369439391248
CORUPA,2020,0.4720491120586201
CORUPA,2021,0.4991863779732797
CORUPA,2022,0.47591427211371984
CORUPA,2023,0.471899156205973
CRICIUMA,2002,0.24909047915373272
CRICIUMA,2003,0.24006484284457244
CRICIUMA,2004,0.250431493959377
CRICIUMA,2005,0.24131163200862424
CRICIUMA,2006,0.30309356792049735
CRICIUMA,2007,0.2780082651429162
CRICIUMA,2008,0.27455923179595176
CRICIUMA,2009,0.2861517009013763
CRICIUMA,2010,0.24860396584674857
CRICIUMA,2011,0.20979234793155227
CRICIUMA,2012,0.21947880093685104
CRICIUMA,2013,0.20895879176681387
CRICIUMA,2014,0.21979882365205028
CRICIUMA,2015,0.21458166447254048
CRICIUMA,2016,0.2455933800507239
CRICIUMA,2017,0.24056703628900702
CRICIUMA,2018,0.2328499601393349
CRICIUMA,2019,0.25626378618465134
CRICIUMA,2020,0.25756016859577535
CRICIUMA,2021,0.24991546591649633
CRICIUMA,2022,0.24766268287556176
CRICIUMA,2023,0.24406828264174218
CUNHA PORA,2002,0.18634846430032148
CUNHA PORA,2003,0.21722368656511423
CUNHA PORA,2004,0.24943413064027853
CUNHA PORA,2005,0.26561643165263094
CUNHA PORA,2006,0.2681727408063439
CUNHA PORA,2007,0.23312296733911553
CUNHA PORA,2008,0.25163551527820205
CUNHA PORA,2009,0.255500611656937
CUNHA PORA,2010,0.24309631660133657
CUNHA PORA,2011,0.20027818676826775
CUNHA PORA,2012,0.2120449113687017
CUNHA PORA,2013,0.21831129349454734
CUNHA PORA,2014,0.22622376790214865
CUNHA PORA,2015,0.22901699787086247
CUNHA PORA,2016,0.2621144517260277
CUNHA PORA,2017,0.26329904735288023
CUNHA PORA,2018,0.25714870436138854
CUNHA PORA,2019,0.2838194515165178
CUNHA PORA,2020,0.2944599983057109
CUNHA PORA,2021,0.2965895210661379
CUNHA PORA,2022,0.3043061724026409
CUNHA PORA,2023,0.29394165483026835
CUNHATAI,2002,0.061177024853153336
CUNHATAI,2003,0.08052026583528314
CUNHATAI,2004,0.05878505744154722
CUNHATAI,2005,0.02055761059035097
CUNHATAI,2006,0.06189505099399109
CUNHATAI,2007,0.1168947178649113
CUNHATAI,2008,0.12575411266402312
CUNHATAI,2009,0.1288751987311757
CUNHATAI,2010,0.14299140396678225
CUNHATAI,2011,0.10899987467832688
CUNHATAI,2012,0.11069514029115846
CUNHATAI,2013,0.09209238361122973
CUNHATAI,2014,0.13113485243073544
CUNHATAI,2015,0.1353257410660401
CUNHATAI,2016,0.15658928442429096
CUNHATAI,2017,0.16255680370444422
CUNHATAI,2018,0.16412726799305524
CUNHATAI,2019,0.1778550808368008
CUNHATAI,2020,0.1804061724830365
CUNHATAI,2021,0.16787118874962903
CUNHATAI,2022,0.2187241985462227
CUNHATAI,2023,0.217483818900587
CURITIBANOS,2002,0.1989098740208041
CURITIBANOS,2003,0.1933552820153026
CURITIBANOS,2004,0.20136013061160346
CURITIBANOS,2005,0.1815215512083833
CURITIBANOS,2006,0.21528643550317217
CURITIBANOS,2007,0.19107841636030287
CURITIBANOS,2008,0.17355204648690492
CURITIBANOS,2009,0.17446123659103696
CURITIBANOS,2010,0.14078007067570375
CURITIBANOS,2011,0.12628479503167211
CURITIBANOS,2012,0.13666936413284445
CURITIBANOS,2013,0.13691121926145425
CURITIBANOS,2014,0.13873719095747578
CURITIBANOS,2015,0.1465217897324606
CURITIBANOS,2016,0.1750591493579554
CURITIBANOS,2017,0.17156852092109703
CURITIBANOS,2018,0.1793183423534087
CURITIBANOS,2019,0.19883630516854003
CURITIBANOS,2020,0.20740356695281204
CURITIBANOS,2021,0.2048462626950252
CURITIBANOS,2022,0.19286876418557783
CURITIBANOS,2023,0.17402737653256078
DESCANSO,2002,0.12477222622774777
DESCANSO,2003,0.1260562112500079
DESCANSO,2004,0.12309411170855548
DESCANSO,2005,0.13898318061610587
DESCANSO,2006,0.14863412658657815
DESCANSO,2007,0.1395905470161113
DESCANSO,2008,0.1492105328686567
DESCANSO,2009,0.13542260908542145
DESCANSO,2010,0.11666098208437123
DESCANSO,2011,0.10163717112748327
DESCANSO,2012,0.1123319776654716
DESCANSO,2013,0.1057457857135972
DESCANSO,2014,0.1122178231420225
DESCANSO,2015,0.1013628318203191
DESCANSO,2016,0.12347611993043472
DESCANSO,2017,0.10597327498011193
DESCANSO,2018,0.11010767940837811
DESCANSO,2019,0.1151005550742708
DESCANSO,2020,0.13259355519490257
DESCANSO,2021,0.12007175789217814
DESCANSO,2022,0.1125586496557147
DESCANSO,2023,0.12226532855139911
DIONISIO CERQUEIRA,2002,0.04037732785286223
DIONISIO CERQUEIRA,2003,0.048044300037537596
DIONISIO CERQUEIRA,2004,0.04103007421112806
DIONISIO CERQUEIRA,2005,0.04746888173625508
DIONISIO CERQUEIRA,2006,0.04930709445134923
DIONISIO CERQUEIRA,2007,0.05311861299831159
DIONISIO CERQUEIRA,2008,0.04879025132686667
DIONISIO CERQUEIRA,2009,0.04835883860302226
DIONISIO CERQUEIRA,2010,0.0486001500026101
DIONISIO CERQUEIRA,2011,0.039878077570667025
DIONISIO CERQUEIRA,2012,0.04802925954153978
DIONISIO CERQUEIRA,2013,0.04126448984799131
DIONISIO CERQUEIRA,2014,0.05039812991337904
DIONISIO CERQUEIRA,2015,0.05291697190817804
DIONISIO CERQUEIRA,2016,0.07101140093973224
DIONISIO CERQUEIRA,2017,0.057791232849531526
DIONISIO CERQUEIRA,2018,0.05200572881008891
DIONISIO CERQUEIRA,2019,0.0667446573241614
DIONISIO CERQUEIRA,2020,0.06096429516216163
DIONISIO CERQUEIRA,2021,0.03735780967572181
DIONISIO CERQUEIRA,2022,0.0703159877441526
DIONISIO CERQUEIRA,2023,0.07052448022051414
DONA EMMA,2002,0.38364959415635935
DONA EMMA,2003,0.37983765335713227
DONA EMMA,2004,0.4014567351014999
DONA EMMA,2005,0.383753661777406
DONA EMMA,2006,0.4354381792825367
DONA EMMA,2007,0.39215973254455205
DONA EMMA,2008,0.4467389159854835
DONA EMMA,2009,0.5075676383214751
DONA EMMA,2010,0.508393450218886
DONA EMMA,2011,0.43263594479784584
DONA EMMA,2012,0.48698806923351623
DONA EMMA,2013,0.4853949495058455
DONA EMMA,2014,0.5334500634204195
DONA EMMA,2015,0.5224856933325991
DONA EMMA,2016,0.5649099444881083
DONA EMMA,2017,0.5865724959479315
DONA EMMA,2018,0.6099919357010377
DONA EMMA,2019,0.6278764832033492
DONA EMMA,2020,0.6330814391239953
DONA EMMA,2021,0.6634268257386609
DONA EMMA,2022,0.6298842612051847
DONA EMMA,2023,0.5798837174406558
DOUTOR PEDRINHO,2002,0.5175660041339727
DOUTOR PEDRINHO,2003,0.5160547436689212
DOUTOR PEDRINHO,2004,0.5691776793001204
DOUTOR PEDRINHO,2005,0.5967832676993171
DOUTOR PEDRINHO,2006,0.7398937041795417
DOUTOR PEDRINHO,2007,0.6876118531484663
DOUTOR PEDRINHO,2008,0.7073558184979203
DOUTOR PEDRINHO,2009,0.6589171933698784
DOUTOR PEDRINHO,2010,0.6430903062619634
DOUTOR PEDRINHO,2011,0.6354646029033726
DOUTOR PEDRINHO,2012,0.6590576057737529
DOUTOR PEDRINHO,2013,0.7081839041296444
DOUTOR PEDRINHO,2014,0.7262568649447425
DOUTOR PEDRINHO,2015,0.7133999606961687
DOUTOR PEDRINHO,2016,0.8133863788469506
DOUTOR PEDRINHO,2017,0.8342673612336609
DOUTOR PEDRINHO,2018,0.8060429905952872
DOUTOR PEDRINHO,2019,0.813820889985537
DOUTOR PEDRINHO,2020,0.7942446259050968
DOUTOR PEDRINHO,2021,0.7748514808274702
DOUTOR PEDRINHO,2022,0.742510309499583
DOUTOR PEDRINHO,2023,0.7395996427936226
ENTRE RIOS,2002,0.011747226615627084
ENTRE RIOS,2003,0.04767522959526742
ENTRE RIOS,2004,0.05461654117179582
ENTRE RIOS,2005,0.02807314886845385
ENTRE RIOS,2006,0.024084014336762508
ENTRE RIOS,2007,0.04966953930691945
ENTRE RIOS,2008,0.06528282745908694
ENTRE RIOS,2009,0.06501592211444326
ENTRE RIOS,2010,0.0454258997890944
ENTRE RIOS,2011,0.03832087836780294
ENTRE RIOS,2012,0.056326699277192485
ENTRE RIOS,2013,0.03068386060332543
ENTRE RIOS,2014,0.04449949186837131
ENTRE RIOS,2015,0.05063631308391709
ENTRE RIOS,2016,0.054032228934324494
ENTRE RIOS,2017,0.0363096452238335
ENTRE RIOS,2018,0.014228077408508476
ENTRE RIOS,2019,0.04801682203946066
ENTRE RIOS,2020,0.042066347498118016
ENTRE RIOS,2021,0.01789842399070741
ENTRE RIOS,2022,0.0016650635906463869
ENTRE RIOS,2023,0.008595217374221076
ERMO,2002,0.039885171762819374
ERMO,2003,0.058100375190788145
ERMO,2004,0.1130180375350817
ERMO,2005,0.09121294461113107
ERMO,2006,0.09681956861020945
ERMO,2007,0.09647168216258155
ERMO,2008,0.09691378431986972
ERMO,2009,0.14695450809932847
ERMO,2010,0.1461708688793572
ERMO,2011,0.09968619118611227
ERMO,2012,0.1197403448906072
ERMO,2013,0.13220090417782637
ERMO,2014,0.14082020502463144
ERMO,2015,0.16714486256519986
ERMO,2016,0.22723806623563758
ERMO,2017,0.23079478142737053
ERMO,2018,0.27424738209899124
ERMO,2019,0.40683422717575646
ERMO,2020,0.4068146840095328
ERMO,2021,0.5032591075197403
ERMO,2022,0.4993481873471056
ERMO,2023,0.6069265716685291
ERVAL VELHO,2002,0.1664280721233013
ERVAL VELHO,2003,0.20298113635775866
ERVAL VELHO,2004,0.1998031455040042
ERVAL VELHO,2005,0.18200557884401253
ERVAL VELHO,2006,0.21298518370667896
ERVAL VELHO,2007,0.1928788941048177
ERVAL VELHO,2008,0.18161967111924096
ERVAL VELHO,2009,0.19721671918923336
ERVAL VELHO,2010,0.1856497840845591
ERVAL VELHO,2011,0.16394241816814065
ERVAL VELHO,2012,0.18031959390458616
ERVAL VELHO,2013,0.20187387478702523
ERVAL VELHO,2014,0.21855102814341665
ERVAL VELHO,2015,0.22453035528912088
ERVAL VELHO,2016,0.24311611450427514
ERVAL VELHO,2017,0.2191469074680238
ERVAL VELHO,2018,0.18609431400974638
ERVAL VELHO,2019,0.1955729505340057
ERVAL VELHO,2020,0.22207034330301173
ERVAL VELHO,2021,0.21350883276993493
ERVAL VELHO,2022,0.2402160624461528
ERVAL VELHO,2023,0.22712313785222954
FAXINAL DOS GUEDES,2002,0.17098423350764186
FAXINAL DOS GUEDES,2003,0.15584174909130882
FAXINAL DOS GUEDES,2004,0.1629181958499775
FAXINAL DOS GUEDES,2005,0.15650639287238924
FAXINAL DOS GUEDES,2006,0.24262844773918996
FAXINAL DOS GUEDES,2007,0.2131110492125441
FAXINAL DOS GUEDES,2008,0.23339314924931512
FAXINAL DOS GUEDES,2009,0.22754164471036198
FAXINAL DOS GUEDES,2010,0.18030981203654123
FAXINAL DOS GUEDES,2011,0.139844232471965
FAXINAL DOS GUEDES,2012,0.14795755759474827
FAXINAL DOS GUEDES,2013,0.15760237581069186
FAXINAL DOS GUEDES,2014,0.15709819130428265
FAXINAL DOS GUEDES,2015,0.15791890457215343
FAXINAL DOS GUEDES,2016,0.19248434725299773
FAXINAL DOS GUEDES,2017,0.2076014393531354
FAXINAL DOS GUEDES,2018,0.19525238397855507
FAXINAL DOS GUEDES,2019,0.2357879548890889
FAXINAL DOS GUEDES,2020,0.24795059134738062
FAXINAL DOS GUEDES,2021,0.21695538876912218
FAXINAL DOS GUEDES,2022,0.2002637525288493
FAXINAL DOS GUEDES,2023,0.19879993971036902
FLOR DO SERTAO,2002,0.02774290974910223
FLOR DO SERTAO,2003,0.027089658763022807
FLOR DO SERTAO,2004,0.029391924766233264
FLOR DO SERTAO,2005,0.057146156978200954
FLOR DO SERTAO,2006,0.0836213923337538
FLOR DO SERTAO,2007,0.050859264551087316
FLOR DO SERTAO,2008,0.025828495400123608
FLOR DO SERTAO,2009,0.042341421280843075
FLOR DO SERTAO,2010,0.03552191334969006
FLOR DO SERTAO,2011,0.07429732250260221
FLOR DO SERTAO,2012,0.06961654266974462
FLOR DO SERTAO,2013,0.1011941603291617
FLOR DO SERTAO,2014,0.11224350461289762
FLOR DO SERTAO,2015,0.10831262775156227
FLOR DO SERTAO,2016,0.1538617965112285
FLOR DO SERTAO,2017,0.13802078573222604
FLOR DO SERTAO,2018,0.14519723905544576
FLOR DO SERTAO,2019,0.18529338537019607
FLOR DO SERTAO,2020,0.21899841803440775
FLOR DO SERTAO,2021,0.23165255156742182
FLOR DO SERTAO,2022,0.1893180248089935
FLOR DO SERTAO,2023,0.16071037635627208
FLORIANOPOLIS,2002,0.0831620710333785
FLORIANOPOLIS,2003,0.08102475582893534
FLORIANOPOLIS,2004,0.08432845804690348
FLORIANOPOLIS,2005,0.08113797266321737
FLORIANOPOLIS,2006,0.09711794418792533
FLORIANOPOLIS,2007,0.09411026052525195
FLORIANOPOLIS,2008,0.09185363835353513
FLORIANOPOLIS,2009,0.10344562585997708
FLORIANOPOLIS,2010,0.08286707065182045
FLORIANOPOLIS,2011,0.06391954945150356
FLORIANOPOLIS,2012,0.06792286729347435
FLORIANOPOLIS,2013,0.06408702681724017
FLORIANOPOLIS,2014,0.06672289267393267
FLORIANOPOLIS,2015,0.06571857165886497
FLORIANOPOLIS,2016,0.07379828544944145
FLORIANOPOLIS,2017,0.07355172712021671
FLORIANOPOLIS,2018,0.06452937346490012
FLORIANOPOLIS,2019,0.07504937493472541
FLORIANOPOLIS,2020,0.07540924538991184
FLORIANOPOLIS,2021,0.05806754878265567
FLORIANOPOLIS,2022,0.06493415491712448
FLORIANOPOLIS,2023,0.06479898936762443
FORMOSA DO SUL,2002,0.03888964282602049
FORMOSA DO SUL,2003,0.039289742826146855
FORMOSA DO SUL,2004,0.06540301214979853
FORMOSA DO SUL,2005,0.026010357466899094
FORMOSA DO SUL,2006,0.027087400559892345
FORMOSA DO SUL,2007,0.07890885375346426
FORMOSA DO SUL,2008,0.07257824781095457
FORMOSA DO SUL,2009,0.06395246572749363
FORMOSA DO SUL,2010,0.06673945324999517
FORMOSA DO SUL,2011,0.08377629511317923
FORMOSA DO SUL,2012,0.07703773184389223
FORMOSA DO SUL,2013,0.08804490260399987
FORMOSA DO SUL,2014,0.08817922629614366
FORMOSA DO SUL,2015,0.06353621855856807
FORMOSA DO SUL,2016,0.07779182326053759
FORMOSA DO SUL,2017,0.06926651631957631
FORMOSA DO SUL,2018,0.05540924540114268
FORMOSA DO SUL,2019,0.06185555198625939
FORMOSA DO SUL,2020,0.06636507112898343
FORMOSA DO SUL,2021,0.07549751104034601
FORMOSA DO SUL,2022,0.07026936291020505
FORMOSA DO SUL,2023,0.08242961313409777
FORQUILHINHA,2002,0.19783150299522628
FORQUILHINHA,2003,0.2197885451956976
FORQUILHINHA,2004,0.2538629246555424
FORQUILHINHA,2005,0.2660982166594321
FORQUILHINHA,2006,0.42793047369177684
FORQUILHINHA,2007,0.38613463387971486
FORQUILHINHA,2008,0.3818155597691762
FORQUILHINHA,2009,0.3795738576470574
FORQUILHINHA,2010,0.30695751579700126
FORQUILHINHA,2011,0.2530138080591906
FORQUILHINHA,2012,0.28191468669272557
FORQUILHINHA,2013,0.3032436800996949
FORQUILHINHA,2014,0.3180278350563707
FORQUILHINHA,2015,0.2727953216399522
FORQUILHINHA,2016,0.3305765102747211
FORQUILHINHA,2017,0.33939450895852386
FORQUILHINHA,2018,0.3305117411740293
FORQUILHINHA,2019,0.3698578024132959
FORQUILHINHA,2020,0.39079873885928873
FORQUILHINHA,2021,0.36674692584269564
FORQUILHINHA,2022,0.3522854412381702
FORQUILHINHA,2023,0.3566283064022327
FRAIBURGO,2002,0.1267872220642877
FRAIBURGO,2003,0.13273141828662052
FRAIBURGO,2004,0.1038505332036562
FRAIBURGO,2005,0.11078285444334166
FRAIBURGO,2006,0.17533744161466597
FRAIBURGO,2007,0.1595875015381101
FRAIBURGO,2008,0.15064690260366193
FRAIBURGO,2009,0.171933694366395
FRAIBURGO,2010,0.14205366041570308
FRAIBURGO,2011,0.11809616840395007
FRAIBURGO,2012,0.12959826698808483
FRAIBURGO,2013,0.12023285619084222
FRAIBURGO,2014,0.12735058035963526
FRAIBURGO,2015,0.12387079823463862
FRAIBURGO,2016,0.14518865131519687
FRAIBURGO,2017,0.14871143592691616
FRAIBURGO,2018,0.14196230193486425
FRAIBURGO,2019,0.15824982786126576
FRAIBURGO,2020,0.1745469593068475
FRAIBURGO,2021,0.17414189589400703
FRAIBURGO,2022,0.17874313659923904
FRAIBURGO,2023,0.17982530346241865
FREI ROGERIO,2002,0.050009288741036495
FREI ROGERIO,2003,0.0480749734267201
FREI ROGERIO,2004,0.048226713209371344
FREI ROGERIO,2005,0.04341181225249925
FREI ROGERIO,2006,0.06064967307787026
FREI ROGERIO,2007,0.07092907440225363
FREI ROGERIO,2008,0.06669903004180325
FREI ROGERIO,2009,0.06267274136640101
FREI ROGERIO,2010,0.041493847645770535
FREI ROGERIO,2011,0.044394088849001166
FREI ROGERIO,2012,0.06670446501836091
FREI ROGERIO,2013,0.05166101729478663
FREI ROGERIO,2014,0.04740561529742489
FREI ROGERIO,2015,0.03612599099027415
FREI ROGERIO,2016,0.047062174613131655
FREI ROGERIO,2017,0.04723537756206119
FREI ROGERIO,2018,0.03908050247265145
FREI ROGERIO,2019,0.04834748447143872
FREI ROGERIO,2020,0.05158820290453575
FREI ROGERIO,2021,0.03621414493823657
FREI ROGERIO,2022,0.0391483327081869
FREI ROGERIO,2023,0.03740313608536566
GALVAO,2002,0.07354091093222297
GALVAO,2003,0.10376801359261939
GALVAO,2004,0.12949761367401555
GALVAO,2005,0.11598153308938883
GALVAO,2006,0.09009662572369595
GALVAO,2007,0.10632831849002022
GALVAO,2008,0.09138052365887667
GALVAO,2009,0.09866027954504009
GALVAO,2010,0.08102707541485121
GALVAO,2011,0.08873118421595806
GALVAO,2012,0.057097426431715184
GALVAO,2013,0.05172356193818797
GALVAO,2014,0.06154034158685125
GALVAO,2015,0.09218601705421593
GALVAO,2016,0.09278755394171823
GALVAO,2017,0.09911801134082524
GALVAO,2018,0.09685843529514483
GALVAO,2019,0.10693934569604685
GALVAO,2020,0.1178368290607047
GALVAO,2021,0.10318391120315967
GALVAO,2022,0.13275282017951995
GALVAO,2023,0.13608017900977937
GAROPABA,2002,0.13097758112696
GAROPABA,2003,0.15663821845457335
GAROPABA,2004,0.15363536056399246
GAROPABA,2005,0.16848324798459943
GAROPABA,2006,0.1901447549061568
GAROPABA,2007,0.1852508839243181
GAROPABA,2008,0.18019460978164364
GAROPABA,2009,0.16414185253674748
GAROPABA,2010,0.140207215038253
GAROPABA,2011,0.11787334166412332
GAROPABA,2012,0.1250411703730759
GAROPABA,2013,0.12176366660776113
GAROPABA,2014,0.12490351024030241
GAROPABA,2015,0.11768637662212761
GAROPABA,2016,0.1337656994031901
GAROPABA,2017,0.13123621753518172
GAROPABA,2018,0.13200904339013458
GAROPABA,2019,0.13986722691400938
GAROPABA,2020,0.1539385899779628
GAROPABA,2021,0.1307100773362868
GAROPABA,2022,0.11510514638747142
GAROPABA,2023,0.11954567560618046
GARUVA,2002,0.21204246397320314
GARUVA,2003,0.20146581774083805
GARUVA,2004,0.2244138435746592
GARUVA,2005,0.20357368695656125
GARUVA,2006,0.28428069854860605
GARUVA,2007,0.30385249813589166
GARUVA,2008,0.2618835486724741
GARUVA,2009,0.2657795703843683
GARUVA,2010,0.24435055988998142
GARUVA,2011,0.21016877714989957
GARUVA,2012,0.2277174419544746
GARUVA,2013,0.24041369644052699
GARUVA,2014,0.23958180331516804
GARUVA,2015,0.22138383404856637
GARUVA,2016,0.2636292954192152
GARUVA,2017,0.25663062791582947
GARUVA,2018,0.2650967458251751
GARUVA,2019,0.30325105830148513
GARUVA,2020,0.2953450198880999
GARUVA,2021,0.2782747669045451
GARUVA,2022,0.26372852435784033
GARUVA,2023,0.29259961912848115
GASPAR,2002,0.5151812345382423
GASPAR,2003,0.5389743400868091
GASPAR,2004,0.5712564495374132
GASPAR,2005,0.5837051144302613
GASPAR,2006,0.7694217122716878
GASPAR,2007,0.7649990512364757
GASPAR,2008,0.7378144003993172
GASPAR,2009,0.7508861753019171
GASPAR,2010,0.6206002600318264
GASPAR,2011,0.5139719941485381
GASPAR,2012,0.5490157796747483
GASPAR,2013,0.5255214756337558
GASPAR,2014,0.5501915944772183
GASPAR,2015,0.5190358431418295
GASPAR,2016,0.5982819330994436
GASPAR,2017,0.6037062909164532
GASPAR,2018,0.5948671532617777
GASPAR,2019,0.6234356544976449
GASPAR,2020,0.6484732725707725
GASPAR,2021,0.6393656160442365
GASPAR,2022,0.6038106956733934
GASPAR,2023,0.6037994653959534
GOVERNADOR CELSO RAMOS,2002,0.0467244004432152
GOVERNADOR CELSO RAMOS,2003,0.05209496647848708
GOVERNADOR CELSO RAMOS,2004,0.04759285903943663
GOVERNADOR CELSO RAMOS,2005,0.05140824233473969
GOVERNADOR CELSO RAMOS,2006,0.04183652824191416
GOVERNADOR CELSO RAMOS,2007,0.04991843937329128
GOVERNADOR CELSO RAMOS,2008,0.04857781115578593
GOVERNADOR CELSO RAMOS,2009,0.06450896323361967
GOVERNADOR CELSO RAMOS,2010,0.06767858940723634
GOVERNADOR CELSO RAMOS,2011,0.06092569512418849
GOVERNADOR CELSO RAMOS,2012,0.07005281728359329
GOVERNADOR CELSO RAMOS,2013,0.08422646780537832
GOVERNADOR CELSO RAMOS,2014,0.07336496826861275
GOVERNADOR CELSO RAMOS,2015,0.06942744404163617
GOVERNADOR CELSO RAMOS,2016,0.07948130980659818
GOVERNADOR CELSO RAMOS,2017,0.09771435544175808
GOVERNADOR CELSO RAMOS,2018,0.089533186136275
GOVERNADOR CELSO RAMOS,2019,0.08465340234598939
GOVERNADOR CELSO RAMOS,2020,0.06871554883000043
GOVERNADOR CELSO RAMOS,2021,0.05444483082287997
GOVERNADOR CELSO RAMOS,2022,0.0722224754526506
GOVERNADOR CELSO RAMOS,2023,0.08427447868356627
GRAO PARA,2002,0.26151185084289336
GRAO PARA,2003,0.2873180309548508
GRAO PARA,2004,0.26638284923179634
GRAO PARA,2005,0.2501984531641376
GRAO PARA,2006,0.36519717180318445
GRAO PARA,2007,0.3831704506139365
GRAO PARA,2008,0.3308104234030239
GRAO PARA,2009,0.305967970386957
GRAO PARA,2010,0.2600697222687713
GRAO PARA,2011,0.2360359345280924
GRAO PARA,2012,0.24694346483672233
GRAO PARA,2013,0.23998747441405158
GRAO PARA,2014,0.27155558497434235
GRAO PARA,2015,0.2958318012238573
GRAO PARA,2016,0.3085462601707909
GRAO PARA,2017,0.3754068499251967
GRAO PARA,2018,0.36283360087380534
GRAO PARA,2019,0.41960182691188785
GRAO PARA,2020,0.44106946353476345
GRAO PARA,2021,0.4658882958865937
GRAO PARA,2022,0.47029404074825953
GRAO PARA,2023,0.482453209431967
GRAVATAL,2002,0.2502243346212631
GRAVATAL,2003,0.29838448180181604
GRAVATAL,2004,0.27553074200772043
GRAVATAL,2005,0.28871164485820444
GRAVATAL,2006,0.36411518063461246
GRAVATAL,2007,0.3566220079414779
GRAVATAL,2008,0.36843782904393263
GRAVATAL,2009,0.36474601428010445
GRAVATAL,2010,0.3520824576788319
GRAVATAL,2011,0.2997471849980188
GRAVATAL,2012,0.3196770025146729
GRAVATAL,2013,0.31258091965557266
GRAVATAL,2014,0.31516740764313883
GRAVATAL,2015,0.3119885886573544
GRAVATAL,2016,0.3485844805286971
GRAVATAL,2017,0.3554278349295741
GRAVATAL,2018,0.35368412994320386
GRAVATAL,2019,0.3604225091767822
GRAVATAL,2020,0.37291959842794203
GRAVATAL,2021,0.36445100795867214
GRAVATAL,2022,0.35567990617060646
GRAVATAL,2023,0.37136036952502427
GUABIRUBA,2002,0.40436070664820445
GUABIRUBA,2003,0.41006744478773205
GUABIRUBA,2004,0.429756347832731
GUABIRUBA,2005,0.47122227030336816
GUABIRUBA,2006,0.6273731864426613
GUABIRUBA,2007,0.6825094940553045
GUABIRUBA,2008,0.6562315180592795
GUABIRUBA,2009,0.7023603119982673
GUABIRUBA,2010,0.6117213205794692
GUABIRUBA,2011,0.5241055899625265
GUABIRUBA,2012,0.5734311072682494
GUABIRUBA,2013,0.5649996983222789
GUABIRUBA,2014,0.6013901568445859
GUABIRUBA,2015,0.5798975180288038
GUABIRUBA,2016,0.6747228060271322
GUABIRUBA,2017,0.6619094458374806
GUABIRUBA,2018,0.694961892902601
GUABIRUBA,2019,0.7175243386964683
GUABIRUBA,2020,0.721029648997076
GUABIRUBA,2021,0.711442421905278
GUABIRUBA,2022,0.6701293872278138
GUABIRUBA,2023,0.7091758467823388
GUARACIABA,2002,0.20029256506329743
GUARACIABA,2003,0.2022418562345683
GUARACIABA,2004,0.2253152813004904
GUARACIABA,2005,0.2246516167692315
GUARACIABA,2006,0.252100406010827
GUARACIABA,2007,0.25349734614328845
GUARACIABA,2008,0.2530844816407032
GUARACIABA,2009,0.2732991802538657
GUARACIABA,2010,0.2497932045356888
GUARACIABA,2011,0.21345350980064182
GUARACIABA,2012,0.20526730190565826
GUARACIABA,2013,0.20445705487054547
GUARACIABA,2014,0.2213761395323675
GUARACIABA,2015,0.22694768114810934
GUARACIABA,2016,0.25636379098860274
GUARACIABA,2017,0.2525943699721484
GUARACIABA,2018,0.26357960463491154
GUARACIABA,2019,0.2921426056091998
GUARACIABA,2020,0.30891842655932733
GUARACIABA,2021,0.28436765165927513
GUARACIABA,2022,0.2669265548778484
GUARACIABA,2023,0.25536822067268244
GUARAMIRIM,2002,0.3276371095504054
GUARAMIRIM,2003,0.3244845311215011
GUARAMIRIM,2004,0.34108817281985626
GUARAMIRIM,2005,0.32085295971663275
GUARAMIRIM,2006,0.4255225880732515
GUARAMIRIM,2007,0.4281256379484982
GUARAMIRIM,2008,0.4090080249647645
GUARAMIRIM,2009,0.44966153823441585
GUARAMIRIM,2010,0.38627371740241956
GUARAMIRIM,2011,0.3189019575350003
GUARAMIRIM,2012,0.35484092946410767
GUARAMIRIM,2013,0.36634874920880084
GUARAMIRIM,2014,0.37229812860582445
GUARAMIRIM,2015,0.3471601506778179
GUARAMIRIM,2016,0.39953498968553147
GUARAMIRIM,2017,0.403754647970732
GUARAMIRIM,2018,0.4102672907322912
GUARAMIRIM,2019,0.4386508940794925
GUARAMIRIM,2020,0.4375985737312474
GUARAMIRIM,2021,0.4371746746385588
GUARAMIRIM,2022,0.4262972660216837
GUARAMIRIM,2023,0.4248639060387901
GUARUJA DO SUL,2002,0.22520860322314643
GUARUJA DO SUL,2003,0.25250090372070916
GUARUJA DO SUL,2004,0.2584660051984222
GUARUJA DO SUL,2005,0.23008591683954455
GUARUJA DO SUL,2006,0.2877369087385653
GUARUJA DO SUL,2007,0.2715602513687805
GUARUJA DO SUL,2008,0.25869207755494283
GUARUJA DO SUL,2009,0.21929801919316427
GUARUJA DO SUL,2010,0.20167058445297578
GUARUJA DO SUL,2011,0.18015931861471007
GUARUJA DO SUL,2012,0.21016292430660896
GUARUJA DO SUL,2013,0.22332951403363888
GUARUJA DO SUL,2014,0.20348837673309522
GUARUJA DO SUL,2015,0.2269071004153123
GUARUJA DO SUL,2016,0.2660670947489213
GUARUJA DO SUL,2017,0.2517281007257967
GUARUJA DO SUL,2018,0.23358610576891625
GUARUJA DO SUL,2019,0.2577236716846094
GUARUJA DO SUL,2020,0.2806114951719536
GUARUJA DO SUL,2021,0.35093441055242985
GUARUJA DO SUL,2022,0.32982406399490405
GUARUJA DO SUL,2023,0.3397543611417063
GUATAMBU,2002,0.5686862129138147
GUATAMBU,2003,0.5781643075773315
GUATAMBU,2004,0.5808488820294464
GUATAMBU,2005,0.5785305873296465
GUATAMBU,2006,0.35911042178882724
GUATAMBU,2007,0.4091977003241991
GUATAMBU,2008,0.41576923191164505
GUATAMBU,2009,0.39665164217748267
GUATAMBU,2010,0.38106197803829567
GUATAMBU,2011,0.2604029425927563
GUATAMBU,2012,0.28197953744119564
GUATAMBU,2013,0.31851181447941623
GUATAMBU,2014,0.3294493406099034
GUATAMBU,2015,0.33510279636259166
GUATAMBU,2016,0.4237078387044391
GUATAMBU,2017,0.4585699767655106
GUATAMBU,2018,0.4321517020987447
GUATAMBU,2019,0.4562560954223443
GUATAMBU,2020,0.4379391677568649
GUATAMBU,2021,0.44818410913235174
GUATAMBU,2022,0.4757213641097293
GUATAMBU,2023,0.6303562497916181
HERVAL D OESTE,2002,0.11893643560385457
HERVAL D OESTE,2003,0.120201663715713
HERVAL D OESTE,2004,0.12500901390056285
HERVAL D OESTE,2005,0.1196261687263023
HERVAL D OESTE,2006,0.17357384967188355
HERVAL D OESTE,2007,0.15861564268481615
HERVAL D OESTE,2008,0.13841307822367604
HERVAL D OESTE,2009,0.17031181773142348
HERVAL D OESTE,2010,0.12577142145126094
HERVAL D OESTE,2011,0.11070886087175574
HERVAL D OESTE,2012,0.11193087933476129
HERVAL D OESTE,2013,0.11485944725417026
HERVAL D OESTE,2014,0.1247815077506227
HERVAL D OESTE,2015,0.10008735600471466
HERVAL D OESTE,2016,0.12640466084823865
HERVAL D OESTE,2017,0.13949776904623945
HERVAL D OESTE,2018,0.13585084964421099
HERVAL D OESTE,2019,0.15774427345266256
HERVAL D OESTE,2020,0.17680915158275215
HERVAL D OESTE,2021,0.16752459737694772
HERVAL D OESTE,2022,0.15823332648650038
HERVAL D OESTE,2023,0.1592523021641378
IBIAM,2002,0.03803473459462464
IBIAM,2003,0.07871655951707814
IBIAM,2004,0.08748850604681453
IBIAM,2005,0.17042537373629854
IBIAM,2006,0.2602810158295806
IBIAM,2007,0.3273221360941831
IBIAM,2008,0.270976557809081
IBIAM,2009,0.13392533041916632
IBIAM,2010,0.08655722912949133
IBIAM,2011,0.09177278147757635
IBIAM,2012,0.09931148249388957
IBIAM,2013,0.07584601918087586
IBIAM,2014,0.10012246902067862
IBIAM,2015,0.07822399995618923
IBIAM,2016,0.09265509146454205
IBIAM,2017,0.09378827771153712
IBIAM,2018,0.13567243158709658
IBIAM,2019,0.13116821032054127
IBIAM,2020,0.1483286800808703
IBIAM,2021,0.17413601475133406
IBIAM,2022,0.15628436988908231
IBIAM,2023,0.1530853515305003
IBICARE,2002,0.15422820886510094
IBICARE,2003,0.160060840351514
IBICARE,2004,0.195795893989256
IBICARE,2005,0.1811547425673282
IBICARE,2006,0.18988066437945553
IBICARE,2007,0.17646486091470032
IBICARE,2008,0.17018111048561457
IBICARE,2009,0.18367463670155407
IBICARE,2010,0.16603446725690438
IBICARE,2011,0.13863110295187495
IBICARE,2012,0.15090040814794634
IBICARE,2013,0.1258916639702888
IBICARE,2014,0.13981577930096614
IBICARE,2015,0.120714956297195
IBICARE,2016,0.1363165257300314
IBICARE,2017,0.12719029656420705
IBICARE,2018,0.14691376275733317
IBICARE,2019,0.14831940013949163
IBICARE,2020,0.16793875373536088
IBICARE,2021,0.22081834336211176
IBICARE,2022,0.1728613347559342
IBICARE,2023,0.1551528510267233
IBIRAMA,2002,0.44821789520342853
IBIRAMA,2003,0.46797415929589886
IBIRAMA,2004,0.4661318753126362
IBIRAMA,2005,0.41780544163520394
IBIRAMA,2006,0.5565142552134897
IBIRAMA,2007,0.5602283894840745
IBIRAMA,2008,0.5196274057410273
IBIRAMA,2009,0.5934693743659045
IBIRAMA,2010,0.6181183104523046
IBIRAMA,2011,0.46761120997600936
IBIRAMA,2012,0.4564557112617041
IBIRAMA,2013,0.5460441478885509
IBIRAMA,2014,0.5136465108431192
IBIRAMA,2015,0.5046417732303308
IBIRAMA,2016,0.5384482331364914
IBIRAMA,2017,0.5610643873040703
IBIRAMA,2018,0.515505105624375
IBIRAMA,2019,0.5395058770780046
IBIRAMA,2020,0.5333112898332806
IBIRAMA,2021,0.5299149083457937
IBIRAMA,2022,0.5098061710476572
IBIRAMA,2023,0.4998669184767506
ICARA,2002,0.20916337111578917
ICARA,2003,0.2149006929705548
ICARA,2004,0.2285210589253871
ICARA,2005,0.22003458412785368
ICARA,2006,0.2772657248543562
ICARA,2007,0.27623051481711347
ICARA,2008,0.26915315049577554
ICARA,2009,0.290754710626432
ICARA,2010,0.2505876876755282
ICARA,2011,0.2270341574647437
ICARA,2012,0.264409870164316
ICARA,2013,0.2567371799929661
ICARA,2014,0.27014826013503873
ICARA,2015,0.26185754025435964
ICARA,2016,0.3047721741165085
ICARA,2017,0.30514791593557
ICARA,2018,0.31345285313760984
ICARA,2019,0.33899109543775174
ICARA,2020,0.3486901561763923
ICARA,2021,0.37119185068252347
ICARA,2022,0.36568467226364876
ICARA,2023,0.3650011692162137
ILHOTA,2002,0.34713088260128844
ILHOTA,2003,0.3775418123327553
ILHOTA,2004,0.3969798284568472
ILHOTA,2005,0.41988802540243875
ILHOTA,2006,0.48620480355642864
ILHOTA,2007,0.5127389353192044
ILHOTA,2008,0.5562670484218394
ILHOTA,2009,0.5816909219261507
ILHOTA,2010,0.5164958109936537
ILHOTA,2011,0.43474843483049097
ILHOTA,2012,0.437495144803724
ILHOTA,2013,0.4283559251832085
ILHOTA,2014,0.4261320720136901
ILHOTA,2015,0.42667305446838577
ILHOTA,2016,0.4781427733246851
ILHOTA,2017,0.45100074815418945
ILHOTA,2018,0.4385530687915482
ILHOTA,2019,0.44222529986626435
ILHOTA,2020,0.45944214314148213
ILHOTA,2021,0.456550985362005
ILHOTA,2022,0.4487898049540305
ILHOTA,2023,0.44380929092738625
IMARUI,2002,0.05831945678344837
IMARUI,2003,0.05407838920406759
IMARUI,2004,0.056046433368066556
IMARUI,2005,0.05084118446797206
IMARUI,2006,0.05611271640647522
IMARUI,2007,0.058515994401216055
IMARUI,2008,0.05768168136041737
IMARUI,2009,0.06622479978519732
IMARUI,2010,0.05373742869425755
IMARUI,2011,0.04546852077483969
IMARUI,2012,0.05346297924418107
IMARUI,2013,0.04553156074266286
IMARUI,2014,0.04133175568713486
IMARUI,2015,0.03508456215484705
IMARUI,2016,0.049531389701185716
IMARUI,2017,0.04568888908497993
IMARUI,2018,0.04128600019907059
IMARUI,2019,0.05332566837651054
IMARUI,2020,0.048040113051825706
IMARUI,2021,0.04021085759384453
IMARUI,2022,0.05748622377457306
IMARUI,2023,0.06540068625169256
IMBITUBA,2002,0.06639095815125336
IMBITUBA,2003,0.07143964769862385
IMBITUBA,2004,0.07365413803010516
IMBITUBA,2005,0.07795954053995946
IMBITUBA,2006,0.10033477194445709
IMBITUBA,2007,0.08862312547845702
IMBITUBA,2008,0.0893846618403887
IMBITUBA,2009,0.08841866379967558
IMBITUBA,2010,0.07953667643103011
IMBITUBA,2011,0.06615812796160159
IMBITUBA,2012,0.07660201045326209
IMBITUBA,2013,0.07148661222255888
IMBITUBA,2014,0.07863646667149418
IMBITUBA,2015,0.07372752912912149
IMBITUBA,2016,0.09235802566956215
IMBITUBA,2017,0.09020891152218403
IMBITUBA,2018,0.09019863632790179
IMBITUBA,2019,0.09469623287380971
IMBITUBA,2020,0.1008185537755927
IMBITUBA,2021,0.0957029354280663
IMBITUBA,2022,0.10226502093687981
IMBITUBA,2023,0.1017258884758322
IMBUIA,2002,0.03934277979799203
IMBUIA,2003,0.03973839488485442
IMBUIA,2004,0.053288752719061167
IMBUIA,2005,0.051428625253163086
IMBUIA,2006,0.0494703853830543
IMBUIA,2007,0.07724730558971754
IMBUIA,2008,0.08080147151135446
IMBUIA,2009,0.0888547084254754
IMBUIA,2010,0.1040670153800772
IMBUIA,2011,0.07693527042421863
IMBUIA,2012,0.09084188696718401
IMBUIA,2013,0.07942236209412952
IMBUIA,2014,0.07546283541956796
IMBUIA,2015,0.07926163148830899
IMBUIA,2016,0.09400262893985835
IMBUIA,2017,0.09214546174023495
IMBUIA,2018,0.09505501154206382
IMBUIA,2019,0.10450328126448853
IMBUIA,2020,0.11846285049706168
IMBUIA,2021,0.14535224724437423
IMBUIA,2022,0.14642000898354968
IMBUIA,2023,0.1413103886339662
INDAIAL,2002,0.5534073054727835
INDAIAL,2003,0.5398995705992423
INDAIAL,2004,0.5522815559953687
INDAIAL,2005,0.5595994435606324
INDAIAL,2006,0.7097492242023042
INDAIAL,2007,0.6872349278404813
INDAIAL,2008,0.6793373273041798
INDAIAL,2009,0.6959284974016615
INDAIAL,2010,0.5903920429112643
INDAIAL,2011,0.4898932727637242
INDAIAL,2012,0.49079316473034196
INDAIAL,2013,0.4651244534440968
INDAIAL,2014,0.482271956613286
INDAIAL,2015,0.4438883771148461
INDAIAL,2016,0.5060637455098213
INDAIAL,2017,0.48980625366941444
INDAIAL,2018,0.4578255978550478
INDAIAL,2019,0.460251710425013
INDAIAL,2020,0.4613973718568616
INDAIAL,2021,0.45421652771847404
INDAIAL,2022,0.454096748095611
INDAIAL,2023,0.4496949199537959
IOMERE,2002,0.1274055260025132
IOMERE,2003,0.1148875193996532
IOMERE,2004,0.14149871018822324
IOMERE,2005,0.15515474230283444
IOMERE,2006,0.22074667499432313
IOMERE,2007,0.18631260390154467
IOMERE,2008,0.15722241748159216
IOMERE,2009,0.1629671758020142
IOMERE,2010,0.166144549882617
IOMERE,2011,0.156630029190496
IOMERE,2012,0.15880988837725107
IOMERE,2013,0.14811344059306822
IOMERE,2014,0.170733127782309
IOMERE,2015,0.1867622444229313
IOMERE,2016,0.24044072219730311
IOMERE,2017,0.23030585218315824
IOMERE,2018,0.25364960862923136
IOMERE,2019,0.25356451286628895
IOMERE,2020,0.2619389341095718
IOMERE,2021,0.2943952547660325
IOMERE,2022,0.3099232533189239
IOMERE,2023,0.3552518510413025
IPIRA,2002,0.04298556515865589
IPIRA,2003,0.06582155499053562
IPIRA,2004,0.06057494618359401
IPIRA,2005,0.07228010917895858
IPIRA,2006,0.09197067838147824
IPIRA,2007,0.08073414425314077
IPIRA,2008,0.09352986086068983
IPIRA,2009,0.1120635893352927
IPIRA,2010,0.08768438601046395
IPIRA,2011,0.06418609149979837
IPIRA,2012,0.07520240806728587
IPIRA,2013,0.07209155567328034
IPIRA,2014,0.07074226428245979
IPIRA,2015,0.07456625458342511
IPIRA,2016,0.07252262905805848
IPIRA,2017,0.06414961078958359
IPIRA,2018,0.07568666933723024
IPIRA,2019,0.10751536241842742
IPIRA,2020,0.11314499117841857
IPIRA,2021,0.08878602093634973
IPIRA,2022,0.08966976450109465
IPIRA,2023,0.07405411234593336
IPORA DO OESTE,2002,0.16571057226770558
IPORA DO OESTE,2003,0.17956213319439396
IPORA DO OESTE,2004,0.21253019968636777
IPORA DO OESTE,2005,0.2076939035247334
IPORA DO OESTE,2006,0.21521957226859373
IPORA DO OESTE,2007,0.20847533734304843
IPORA DO OESTE,2008,0.19628557674151165
IPORA DO OESTE,2009,0.22937456730827346
IPORA DO OESTE,2010,0.19509838016687775
IPORA DO OESTE,2011,0.1588647171323948
IPORA DO OESTE,2012,0.1773677646476864
IPORA DO OESTE,2013,0.1739924293731001
IPORA DO OESTE,2014,0.19687355438493048
IPORA DO OESTE,2015,0.17968909243994877
IPORA DO OESTE,2016,0.20024375437748337
IPORA DO OESTE,2017,0.19219570084145687
IPORA DO OESTE,2018,0.17642906469072825
IPORA DO OESTE,2019,0.18868552426110652
IPORA DO OESTE,2020,0.19404390427486973
IPORA DO OESTE,2021,0.16354875033862015
IPORA DO OESTE,2022,0.14901412168591388
IPORA DO OESTE,2023,0.148844395119635
IPUACU,2002,0.05878566672339596
IPUACU,2003,0.03910417686035443
IPUACU,2004,0.040267949932818674
IPUACU,2005,0.03346832811907286
IPUACU,2006,0.0391008534549694
IPUACU,2007,0.046369311336910565
IPUACU,2008,0.077196243368886
IPUACU,2009,0.0671354933755201
IPUACU,2010,0.0516523638019105
IPUACU,2011,0.044431334239976625
IPUACU,2012,0.03604184075947506
IPUACU,2013,0.09582267663380362
IPUACU,2014,0.11424915081612377
IPUACU,2015,0.13410748141359108
IPUACU,2016,0.17758594828029944
IPUACU,2017,0.20170312720672465
IPUACU,2018,0.195336947027629
IPUACU,2019,0.24487388717446412
IPUACU,2020,0.22739085582169985
IPUACU,2021,0.21082990833803444
IPUACU,2022,0.2966530026891111
IPUACU,2023,0.2080148252513324
IPUMIRIM,2002,0.14856769676112752
IPUMIRIM,2003,0.14789448408366407
IPUMIRIM,2004,0.1822195267229929
IPUMIRIM,2005,0.18539608443695704
IPUMIRIM,2006,0.2600299892040739
IPUMIRIM,2007,0.2914143780086415
IPUMIRIM,2008,0.3478305824143203
IPUMIRIM,2009,0.3555176566458489
IPUMIRIM,2010,0.2932456317613027
IPUMIRIM,2011,0.26218446118358313
IPUMIRIM,2012,0.28750151869089474
IPUMIRIM,2013,0.28958134669836133
IPUMIRIM,2014,0.31609085584814317
IPUMIRIM,2015,0.31415757489601254
IPUMIRIM,2016,0.42799833868815235
IPUMIRIM,2017,0.45823977565643786
IPUMIRIM,2018,0.49215316027029454
IPUMIRIM,2019,0.5117735359282287
IPUMIRIM,2020,0.5421931383950822
IPUMIRIM,2021,0.5118702061773116
IPUMIRIM,2022,0.4717858421868439
IPUMIRIM,2023,0.47078102742912553
IRACEMINHA,2002,0.043470426959123704
IRACEMINHA,2003,0.037968499921079354
IRACEMINHA,2004,0.040207617008399164
IRACEMINHA,2005,0.07004727213392371
IRACEMINHA,2006,0.09285526417120998
IRACEMINHA,2007,0.07435687328871171
IRACEMINHA,2008,0.07873724137525398
IRACEMINHA,2009,0.10134169340090057
IRACEMINHA,2010,0.08207815736503354
IRACEMINHA,2011,0.07791766493406967
IRACEMINHA,2012,0.08494691284345608
IRACEMINHA,2013,0.05135538233913399
IRACEMINHA,2014,0.06747002887366213
IRACEMINHA,2015,0.06233293175231787
IRACEMINHA,2016,0.07434747379349785
IRACEMINHA,2017,0.06902200335000463
IRACEMINHA,2018,0.094580579192557
IRACEMINHA,2019,0.09592153022769971
IRACEMINHA,2020,0.0889436794442377
IRACEMINHA,2021,0.08586210332488961
IRACEMINHA,2022,0.09906138762305823
IRACEMINHA,2023,0.09774651135019914
IRANI,2002,0.14357898381983214
IRANI,2003,0.1578681016942556
IRANI,2004,0.13685819151036716
IRANI,2005,0.13973996502332642
IRANI,2006,0.14202546864768933
IRANI,2007,0.13948724453768074
IRANI,2008,0.12684348128444173
IRANI,2009,0.10817537670347067
IRANI,2010,0.09585879576342747
IRANI,2011,0.07989948514859796
IRANI,2012,0.07624091584452473
IRANI,2013,0.08227845508002235
IRANI,2014,0.09147337524582037
IRANI,2015,0.10339471075917298
IRANI,2016,0.11835716649574622
IRANI,2017,0.11386038980398289
IRANI,2018,0.10865780948535723
IRANI,2019,0.11538141952440487
IRANI,2020,0.1299155805272967
IRANI,2021,0.11232856190961138
IRANI,2022,0.08255279250260025
IRANI,2023,0.08882181331240031
IRATI,2002,0.014794874199438434
IRATI,2003,0.015796619777874683
IRATI,2004,0.01674958573147746
IRATI,2005,0.015582203979428354
IRATI,2006,0.05779617701866295
IRATI,2007,0.095661089466567
IRATI,2008,0.05928571164149819
IRATI,2009,0.13342210169997537
IRATI,2010,0.1401225132634207
IRATI,2011,0.11896836175181616
IRATI,2012,0.04741198598438071
IRATI,2013,0.05759741004518645
IRATI,2014,0.0573479122806325
IRATI,2015,0.04797807659916842
IRATI,2016,0.11701521759696054
IRATI,2017,0.11339750572783203
IRATI,2018,0.12460827564354815
IRATI,2019,0.11463090747911375
IRATI,2020,0.1409447206197869
IRATI,2021,0.18745421427530734
IRATI,2022,0.154277881285532
IRATI,2023,0.1448587071227937
IRINEOPOLIS,2002,0.06343649965436565
IRINEOPOLIS,2003,0.0722194748422733
IRINEOPOLIS,2004,0.0585978822438487
IRINEOPOLIS,2005,0.05877616018213212
IRINEOPOLIS,2006,0.06769779430778339
IRINEOPOLIS,2007,0.07726004552046735
IRINEOPOLIS,2008,0.06437413328609738
IRINEOPOLIS,2009,0.06496932753964532
IRINEOPOLIS,2010,0.06458189340765379
IRINEOPOLIS,2011,0.04885624607329516
IRINEOPOLIS,2012,0.056798072737302994
IRINEOPOLIS,2013,0.04961748355690727
IRINEOPOLIS,2014,0.06917169104784783
IRINEOPOLIS,2015,0.07706441669418637
IRINEOPOLIS,2016,0.07724059035409855
IRINEOPOLIS,2017,0.07854616334919012
IRINEOPOLIS,2018,0.06854308791112429
IRINEOPOLIS,2019,0.0700986244682973
IRINEOPOLIS,2020,0.0745822242583754
IRINEOPOLIS,2021,0.07174033025165626
IRINEOPOLIS,2022,0.08189242243847861
IRINEOPOLIS,2023,0.08308107890061994
ITA,2002,0.10951487240003993
ITA,2003,0.09811003452875264
ITA,2004,0.10315722737111621
ITA,2005,0.10210381432521885
ITA,2006,0.1449441256404162
ITA,2007,0.15316812930346657
ITA,2008,0.1697882480793057
ITA,2009,0.202054555336752
ITA,2010,0.17602831063606894
ITA,2011,0.13678561255089466
ITA,2012,0.14978016947104938
ITA,2013,0.14560507316567461
ITA,2014,0.1532668555013199
ITA,2015,0.14593309592334475
ITA,2016,0.17758918930496553
ITA,2017,0.1844359651782576
ITA,2018,0.2100047228608024
ITA,2019,0.21735245271840717
ITA,2020,0.21657955619247252
ITA,2021,0.20732443019762242
ITA,2022,0.1973255019922332
ITA,2023,0.20139614235355954
ITAIOPOLIS,2002,0.1280922492281179
ITAIOPOLIS,2003,0.13496600565195743
ITAIOPOLIS,2004,0.1442037086599264
ITAIOPOLIS,2005,0.1496891384203841
ITAIOPOLIS,2006,0.17657249055344212
ITAIOPOLIS,2007,0.16082338208206826
ITAIOPOLIS,2008,0.16048856590914076
ITAIOPOLIS,2009,0.14141517129803666
ITAIOPOLIS,2010,0.12179738548302514
ITAIOPOLIS,2011,0.10057541719429797
ITAIOPOLIS,2012,0.10870369350555509
ITAIOPOLIS,2013,0.11179602699283163
ITAIOPOLIS,2014,0.12489855108692771
ITAIOPOLIS,2015,0.11373751732815121
ITAIOPOLIS,2016,0.1330749412153273
ITAIOPOLIS,2017,0.23174528989867704
ITAIOPOLIS,2018,0.2644591458195268
ITAIOPOLIS,2019,0.24434209756660585
ITAIOPOLIS,2020,0.24802869001689815
ITAIOPOLIS,2021,0.23072079541248997
ITAIOPOLIS,2022,0.23306271560140351
ITAIOPOLIS,2023,0.24463502535877502
ITAJAI,2002,0.15374563701943375
ITAJAI,2003,0.16095095068656637
ITAJAI,2004,0.16249909063265475
ITAJAI,2005,0.1589863463976931
ITAJAI,2006,0.19842983316972834
ITAJAI,2007,0.19252597147852918
ITAJAI,2008,0.18554500003395924
ITAJAI,2009,0.19995155236490125
ITAJAI,2010,0.16746652423406974
ITAJAI,2011,0.14182847337370036
ITAJAI,2012,0.16444446719979625
ITAJAI,2013,0.16134424421662963
ITAJAI,2014,0.18153812018983853
ITAJAI,2015,0.16693881355787543
ITAJAI,2016,0.190166265624109
ITAJAI,2017,0.18903888536851463
ITAJAI,2018,0.17150703321518057
ITAJAI,2019,0.18796217799894233
ITAJAI,2020,0.19241909098819948
ITAJAI,2021,0.18540879251072553
ITAJAI,2022,0.190320564945267
ITAJAI,2023,0.19530381096628
ITAPEMA,2002,0.12466178871269566
ITAPEMA,2003,0.12518233821931593
ITAPEMA,2004,0.12386410476292121
ITAPEMA,2005,0.12942102482168616
ITAPEMA,2006,0.13253239358562513
ITAPEMA,2007,0.14865991773846704
ITAPEMA,2008,0.1356021788636046
ITAPEMA,2009,0.12142905591880825
ITAPEMA,2010,0.10603301087670242
ITAPEMA,2011,0.09561647760766841
ITAPEMA,2012,0.09384580771181718
ITAPEMA,2013,0.0876515924403727
ITAPEMA,2014,0.0940431762412868
ITAPEMA,2015,0.09290924042904257
ITAPEMA,2016,0.10590613559412348
ITAPEMA,2017,0.1037758106459844
ITAPEMA,2018,0.10176216951532073
ITAPEMA,2019,0.10936337308006247
ITAPEMA,2020,0.11520067889839593
ITAPEMA,2021,0.10087781576703242
ITAPEMA,2022,0.11107834801836913
ITAPEMA,2023,0.10530932928821035
ITAPIRANGA,2002,0.24768714386331078
ITAPIRANGA,2003,0.2534253742431867
ITAPIRANGA,2004,0.28122539072182795
ITAPIRANGA,2005,0.283543906049638
ITAPIRANGA,2006,0.4500660002179542
ITAPIRANGA,2007,0.43767758013480434
ITAPIRANGA,2008,0.42904852480590006
ITAPIRANGA,2009,0.4421372916288083
ITAPIRANGA,2010,0.33899757217602655
ITAPIRANGA,2011,0.24819168067541764
ITAPIRANGA,2012,0.26340883252781067
ITAPIRANGA,2013,0.27849619009771187
ITAPIRANGA,2014,0.28387732254753595
ITAPIRANGA,2015,0.28552475355672946
ITAPIRANGA,2016,0.38870286584037084
ITAPIRANGA,2017,0.4162718562754753
ITAPIRANGA,2018,0.43515445780816414
ITAPIRANGA,2019,0.49096661027346
ITAPIRANGA,2020,0.5191970272752024
ITAPIRANGA,2021,0.450480840901219
ITAPIRANGA,2022,0.4444863805765339
ITAPIRANGA,2023,0.4492834795855079
ITAPOA,2002,0.05131297075017014
ITAPOA,2003,0.04561601022374105
ITAPOA,2004,0.04780505281251853
ITAPOA,2005,0.057541281500866986
ITAPOA,2006,0.05894694703264886
ITAPOA,2007,0.05652982811804074
ITAPOA,2008,0.05683264545339305
ITAPOA,2009,0.050840835965834635
ITAPOA,2010,0.04762467770938006
ITAPOA,2011,0.043756395826860854
ITAPOA,2012,0.04234239229453071
ITAPOA,2013,0.04360041853430685
ITAPOA,2014,0.0488498499925825
ITAPOA,2015,0.04656600272630687
ITAPOA,2016,0.05334430859697728
ITAPOA,2017,0.056221311743942265
ITAPOA,2018,0.042379443309262965
ITAPOA,2019,0.047859154165878506
ITAPOA,2020,0.04935029550333711
ITAPOA,2021,0.03590526656675449
ITAPOA,2022,0.041926407657888826
ITAPOA,2023,0.04016815238866732
ITUPORANGA,2002,0.16980606136583723
ITUPORANGA,2003,0.1796732936085426
ITUPORANGA,2004,0.1874040689545879
ITUPORANGA,2005,0.17756707073811
ITUPORANGA,2006,0.2383431288822943
ITUPORANGA,2007,0.24304210883875327
ITUPORANGA,2008,0.24489945742802444
ITUPORANGA,2009,0.26911414171124465
ITUPORANGA,2010,0.2579348024573436
ITUPORANGA,2011,0.22015103132418748
ITUPORANGA,2012,0.21436367005634016
ITUPORANGA,2013,0.23022865528762615
ITUPORANGA,2014,0.23419457740410365
ITUPORANGA,2015,0.23000713912146536
ITUPORANGA,2016,0.26355384763044176
ITUPORANGA,2017,0.2538988863966253
ITUPORANGA,2018,0.2733693382634269
ITUPORANGA,2019,0.27246453148523936
ITUPORANGA,2020,0.3029130253926864
ITUPORANGA,2021,0.29097606585350333
ITUPORANGA,2022,0.27482891683770944
ITUPORANGA,2023,0.24662093185363504
JABORA,2002,0.0994903291936779
JABORA,2003,0.10378554430505296
JABORA,2004,0.10702967754587163
JABORA,2005,0.10423376321678239
JABORA,2006,0.17526483936683557
JABORA,2007,0.1922651240357372
JABORA,2008,0.19522296978919262
JABORA,2009,0.19936798636423722
JABORA,2010,0.1415864511298665
JABORA,2011,0.13575519459841393
JABORA,2012,0.144421376893947
JABORA,2013,0.1272389079860754
JABORA,2014,0.12828254010802015
JABORA,2015,0.13935378235530738
JABORA,2016,0.17151158330224486
JABORA,2017,0.17880004802689503
JABORA,2018,0.17795251144184085
JABORA,2019,0.18993789928624327
JABORA,2020,0.20442004851465206
JABORA,2021,0.2176603078005055
JABORA,2022,0.21880652324343447
JABORA,2023,0.20301071539939225
JACINTO MACHADO,2002,0.14653537839478584
JACINTO MACHADO,2003,0.15067220683478508
JACINTO MACHADO,2004,0.16443058049543616
JACINTO MACHADO,2005,0.15589658138716625
JACINTO MACHADO,2006,0.18361865081021572
JACINTO MACHADO,2007,0.17347227172256102
JACINTO MACHADO,2008,0.1865112740488302
JACINTO MACHADO,2009,0.1808627064105792
JACINTO MACHADO,2010,0.1696297737251251
JACINTO MACHADO,2011,0.14693310318579655
JACINTO MACHADO,2012,0.15116769106618794
JACINTO MACHADO,2013,0.16460607478158712
JACINTO MACHADO,2014,0.16935984182968744
JACINTO MACHADO,2015,0.16482347705776795
JACINTO MACHADO,2016,0.21356482064908616
JACINTO MACHADO,2017,0.22994886887848764
JACINTO MACHADO,2018,0.23157364801334418
JACINTO MACHADO,2019,0.21560797180591385
JACINTO MACHADO,2020,0.22619147845987275
JACINTO MACHADO,2021,0.2199157679127407
JACINTO MACHADO,2022,0.23853491677299757
JACINTO MACHADO,2023,0.21552995409201933
JAGUARUNA,2002,0.1640868930322891
JAGUARUNA,2003,0.18588185761735795
JAGUARUNA,2004,0.17278446630412103
JAGUARUNA,2005,0.17754933672700382
JAGUARUNA,2006,0.21709293224751286
JAGUARUNA,2007,0.21087446728301737
JAGUARUNA,2008,0.18568772807981435
JAGUARUNA,2009,0.22651994042816445
JAGUARUNA,2010,0.18511208802885432
JAGUARUNA,2011,0.17793462584663963
JAGUARUNA,2012,0.20078138039098056
JAGUARUNA,2013,0.19479286062808582
JAGUARUNA,2014,0.2116186702531042
JAGUARUNA,2015,0.21423827041146196
JAGUARUNA,2016,0.2532398763195914
JAGUARUNA,2017,0.25254196777160803
JAGUARUNA,2018,0.2408949373073562
JAGUARUNA,2019,0.28074810932511207
JAGUARUNA,2020,0.3028205074412015
JAGUARUNA,2021,0.29984811165776265
JAGUARUNA,2022,0.3099178043019514
JAGUARUNA,2023,0.3261175317464735
JARAGUA DO SUL,2002,0.4225180084709419
JARAGUA DO SUL,2003,0.41235378277160706
JARAGUA DO SUL,2004,0.4148536785795922
JARAGUA DO SUL,2005,0.38835199142568655
JARAGUA DO SUL,2006,0.5598183063157692
JARAGUA DO SUL,2007,0.5530726597137283
JARAGUA DO SUL,2008,0.5221743724664278
JARAGUA DO SUL,2009,0.5190182894534556
JARAGUA DO SUL,2010,0.4139105457716007
JARAGUA DO SUL,2011,0.32963533250784416
JARAGUA DO SUL,2012,0.32470904481985197
JARAGUA DO SUL,2013,0.3598792661195337
JARAGUA DO SUL,2014,0.37126523924951205
JARAGUA DO SUL,2015,0.3413605020590891
JARAGUA DO SUL,2016,0.39975523588015455
JARAGUA DO SUL,2017,0.40575976294295035
JARAGUA DO SUL,2018,0.4021163362455392
JARAGUA DO SUL,2019,0.4182186547500055
JARAGUA DO SUL,2020,0.4167878448165322
JARAGUA DO SUL,2021,0.40771176379099383
JARAGUA DO SUL,2022,0.3959512651748241
JARAGUA DO SUL,2023,0.4018853870515113
JARDINOPOLIS,2002,0.03997128145013563
JARDINOPOLIS,2003,0.05913765314446269
JARDINOPOLIS,2004,0.11582722128375002
JARDINOPOLIS,2005,0.07734626146862354
JARDINOPOLIS,2006,0.10201106214745487
JARDINOPOLIS,2007,0.13493697413997002
JARDINOPOLIS,2008,0.12854040108787188
JARDINOPOLIS,2009,0.12971877022388442
JARDINOPOLIS,2010,0.10076570815886265
JARDINOPOLIS,2011,0.11022020751355195
JARDINOPOLIS,2012,0.11598422471222254
JARDINOPOLIS,2013,0.14726430970877322
JARDINOPOLIS,2014,0.14391892096771797
JARDINOPOLIS,2015,0.10411890475186493
JARDINOPOLIS,2016,0.09867171682308418
JARDINOPOLIS,2017,0.10773374059950748
JARDINOPOLIS,2018,0.10821993435913993
JARDINOPOLIS,2019,0.14715504799094462
JARDINOPOLIS,2020,0.21253522449746381
JARDINOPOLIS,2021,0.19995363451545556
JARDINOPOLIS,2022,0.20281166961214508
JARDINOPOLIS,2023,0.21479047294394427
JOACABA,2002,0.2876403908031642
JOACABA,2003,0.27397975814246794
JOACABA,2004,0.2645595311811516
JOACABA,2005,0.26383170576913584
JOACABA,2006,0.30788343657727363
JOACABA,2007,0.30193601218606414
JOACABA,2008,0.2899081158974527
JOACABA,2009,0.29331171730581496
JOACABA,2010,0.24863928161411375
JOACABA,2011,0.21119450851341187
JOACABA,2012,0.22098927089006765
JOACABA,2013,0.2149279988701231
JOACABA,2014,0.2552776002836846
JOACABA,2015,0.2412561526154725
JOACABA,2016,0.2917252916423396
JOACABA,2017,0.29080031468885925
JOACABA,2018,0.2816258013639369
JOACABA,2019,0.29990951663878
JOACABA,2020,0.31042698799091206
JOACABA,2021,0.313371281775352
JOACABA,2022,0.2900217619004614
JOACABA,2023,0.28294005231230634
JOINVILLE,2002,0.23765823735268815
JOINVILLE,2003,0.23300082559077034
JOINVILLE,2004,0.23760068178125843
JOINVILLE,2005,0.22498826081967085
JOINVILLE,2006,0.3110253927409463
JOINVILLE,2007,0.3123068312701297
JOINVILLE,2008,0.29244556670756017
JOINVILLE,2009,0.29315895788101376
JOINVILLE,2010,0.23731063799664237
JOINVILLE,2011,0.1939435539717806
JOINVILLE,2012,0.20386980993470172
JOINVILLE,2013,0.2105697522757697
JOINVILLE,2014,0.21946795431713684
JOINVILLE,2015,0.1997796640414487
JOINVILLE,2016,0.2392531512072963
JOINVILLE,2017,0.2448951281908485
JOINVILLE,2018,0.25235502868164367
JOINVILLE,2019,0.27440244562555727
JOINVILLE,2020,0.26589673676808456
JOINVILLE,2021,0.2531895166580036
JOINVILLE,2022,0.24347460381658714
JOINVILLE,2023,0.2459401827388027
JOSE BOITEUX,2002,0.23228824479485055
JOSE BOITEUX,2003,0.25544535312269534
JOSE BOITEUX,2004,0.26365148951618567
JOSE BOITEUX,2005,0.23659975080807824
JOSE BOITEUX,2006,0.3603716673966746
JOSE BOITEUX,2007,0.2562915693722336
JOSE BOITEUX,2008,0.2975985092967462
JOSE BOITEUX,2009,0.35794869346374325
JOSE BOITEUX,2010,0.36906703523784123
JOSE BOITEUX,2011,0.31603508777160294
JOSE BOITEUX,2012,0.34798655785393995
JOSE BOITEUX,2013,0.3448949270643565
JOSE BOITEUX,2014,0.3408594840471065
JOSE BOITEUX,2015,0.33207570725985314
JOSE BOITEUX,2016,0.3542957043472955
JOSE BOITEUX,2017,0.33713720230766525
JOSE BOITEUX,2018,0.330714918179177
JOSE BOITEUX,2019,0.3616847054333067
JOSE BOITEUX,2020,0.34760778245018853
JOSE BOITEUX,2021,0.32528123362675204
JOSE BOITEUX,2022,0.3378374720824698
JOSE BOITEUX,2023,0.32015178672766076
JUPIA,2002,0.04667929652235986
JUPIA,2003,0.0653027015404127
JUPIA,2004,0.03723495039195295
JUPIA,2005,0.07288030537803464
JUPIA,2006,0.13465900401355607
JUPIA,2007,0.13479791664521584
JUPIA,2008,0.1373323246362612
JUPIA,2009,0.14303773765451747
JUPIA,2010,0.18153411467344144
JUPIA,2011,0.12409325383428992
JUPIA,2012,0.15308573535483339
JUPIA,2013,0.13556569955962647
JUPIA,2014,0.16797619960235904
JUPIA,2015,0.1449465059795681
JUPIA,2016,0.15259078016363153
JUPIA,2017,0.11772951924818385
JUPIA,2018,0.109912784047521
JUPIA,2019,0.07312545402704512
JUPIA,2020,0.07718937984216413
JUPIA,2021,0.08055279075167382
JUPIA,2022,0.10900147622009358
JUPIA,2023,0.14927154644675628
LACERDOPOLIS,2002,0.1368880073641555
LACERDOPOLIS,2003,0.13924610527632347
LACERDOPOLIS,2004,0.1240520571075657
LACERDOPOLIS,2005,0.12051746175005382
LACERDOPOLIS,2006,0.16855875801188436
LACERDOPOLIS,2007,0.16905747334619314
LACERDOPOLIS,2008,0.159787434065732
LACERDOPOLIS,2009,0.2005656031880902
LACERDOPOLIS,2010,0.16271225497231273
LACERDOPOLIS,2011,0.14860095406992185
LACERDOPOLIS,2012,0.18437759566537146
LACERDOPOLIS,2013,0.16196923585049933
LACERDOPOLIS,2014,0.18091218819728394
LACERDOPOLIS,2015,0.19517327687648622
LACERDOPOLIS,2016,0.23703352910994352
LACERDOPOLIS,2017,0.24633511601418256
LACERDOPOLIS,2018,0.24100209128826638
LACERDOPOLIS,2019,0.2827915018530208
LACERDOPOLIS,2020,0.33876325791181805
LACERDOPOLIS,2021,0.3009119740064432
LACERDOPOLIS,2022,0.2872634383402447
LACERDOPOLIS,2023,0.26494203328668975
LAGES,2002,0.14793373345005412
LAGES,2003,0.1436137192530727
LAGES,2004,0.1573047446459992
LAGES,2005,0.14516952745358305
LAGES,2006,0.18212220305244825
LAGES,2007,0.16691542547651045
LAGES,2008,0.15865461320138835
LAGES,2009,0.1540741407441792
LAGES,2010,0.13302799311600935
LAGES,2011,0.1130639676413161
LAGES,2012,0.12068058113098161
LAGES,2013,0.12131183293462694
LAGES,2014,0.1307426477774496
LAGES,2015,0.12792472372825242
LAGES,2016,0.15101891877114015
LAGES,2017,0.15476793949836326
LAGES,2018,0.15061001310578814
LAGES,2019,0.16063828614581682
LAGES,2020,0.1714147343011826
LAGES,2021,0.16278667101265035
LAGES,2022,0.1683031324547557
LAGES,2023,0.16699381768537613
LAGUNA,2002,0.062142952136542286
LAGUNA,2003,0.06222542683462712
LAGUNA,2004,0.061552374102755644
LAGUNA,2005,0.057831712382316484
LAGUNA,2006,0.06897983231149185
LAGUNA,2007,0.05448479585157151
LAGUNA,2008,0.056748324561181014
LAGUNA,2009,0.06108449224257169
LAGUNA,2010,0.05428609286903873
LAGUNA,2011,0.05041274006996834
LAGUNA,2012,0.057888756796437485
LAGUNA,2013,0.05877727117831951
LAGUNA,2014,0.06493687764459533
LAGUNA,2015,0.06150312660082554
LAGUNA,2016,0.06981512469546078
LAGUNA,2017,0.071297532227697
LAGUNA,2018,0.07045707357825375
LAGUNA,2019,0.07351158336243582
LAGUNA,2020,0.0809727319692026
LAGUNA,2021,0.07285220017690182
LAGUNA,2022,0.0789979011077504
LAGUNA,2023,0.07796340268262972
LAJEADO GRANDE,2002,0.0840089212667883
LAJEADO GRANDE,2003,0.11297214911832205
LAJEADO GRANDE,2004,0.14261985411288763
LAJEADO GRANDE,2005,0.1423139809509345
LAJEADO GRANDE,2006,0.1654010568888756
LAJEADO GRANDE,2007,0.13920076473182044
LAJEADO GRANDE,2008,0.1517937719569371
LAJEADO GRANDE,2009,0.1675647126417315
LAJEADO GRANDE,2010,0.18843128729468114
LAJEADO GRANDE,2011,0.1582558496650946
LAJEADO GRANDE,2012,0.15045283902478057
LAJEADO GRANDE,2013,0.14738083048266043
LAJEADO GRANDE,2014,0.10621366791515802
LAJEADO GRANDE,2015,0.18746200193562143
LAJEADO GRANDE,2016,0.24583251181036564
LAJEADO GRANDE,2017,0.2143739760798936
LAJEADO GRANDE,2018,0.22034076357621102
LAJEADO GRANDE,2019,0.2399439367281705
LAJEADO GRANDE,2020,0.2131909615384615
LAJEADO GRANDE,2021,0.18358449598966134
LAJEADO GRANDE,2022,0.24365546102237848
LAJEADO GRANDE,2023,0.22031589686244663
LAURENTINO,2002,0.38701476881178043
LAURENTINO,2003,0.4202212572849641
LAURENTINO,2004,0.46316108043365445
LAURENTINO,2005,0.511263985980022
LAURENTINO,2006,0.6018726965408523
LAURENTINO,2007,0.6288043806986046
LAURENTINO,2008,0.5863196757582927
LAURENTINO,2009,0.5498776210801197
LAURENTINO,2010,0.44708237235694864
LAURENTINO,2011,0.3624666977948896
LAURENTINO,2012,0.39897045715479257
LAURENTINO,2013,0.406632237082143
LAURENTINO,2014,0.4718716457861801
LAURENTINO,2015,0.44599650306739386
LAURENTINO,2016,0.49222289352673065
LAURENTINO,2017,0.4857343268734746
LAURENTINO,2018,0.47867299335910785
LAURENTINO,2019,0.48762868671613535
LAURENTINO,2020,0.5045381229448548
LAURENTINO,2021,0.4879490710038426
LAURENTINO,2022,0.5019800595238779
LAURENTINO,2023,0.4881546905052836
LAURO MULLER,2002,0.12882830187911362
LAURO MULLER,2003,0.12638218712705107
LAURO MULLER,2004,0.15767782702046068
LAURO MULLER,2005,0.16102527252404214
LAURO MULLER,2006,0.2140325049766753
LAURO MULLER,2007,0.19279065713374044
LAURO MULLER,2008,0.1838640905582785
LAURO MULLER,2009,0.16370988445326368
LAURO MULLER,2010,0.12227646929220769
LAURO MULLER,2011,0.1049951652362473
LAURO MULLER,2012,0.11297918939953056
LAURO MULLER,2013,0.12405718168976546
LAURO MULLER,2014,0.13987928966403168
LAURO MULLER,2015,0.13536638481732785
LAURO MULLER,2016,0.17225377881877654
LAURO MULLER,2017,0.17261473880193307
LAURO MULLER,2018,0.17713946971946634
LAURO MULLER,2019,0.1963486424730673
LAURO MULLER,2020,0.19702993261027732
LAURO MULLER,2021,0.1764877155034979
LAURO MULLER,2022,0.18938369294287583
LAURO MULLER,2023,0.1879867926868371
LEBON REGIS,2002,0.060417386126407124
LEBON REGIS,2003,0.06674130351038392
LEBON REGIS,2004,0.06452728464470865
LEBON REGIS,2005,0.0669071697991399
LEBON REGIS,2006,0.08392576800623129
LEBON REGIS,2007,0.06989712051495407
LEBON REGIS,2008,0.06001281188214633
LEBON REGIS,2009,0.06933561660468465
LEBON REGIS,2010,0.06525435807756383
LEBON REGIS,2011,0.06351988507707357
LEBON REGIS,2012,0.07400863409811291
LEBON REGIS,2013,0.06426959449220443
LEBON REGIS,2014,0.06722978080392891
LEBON REGIS,2015,0.06361904315650384
LEBON REGIS,2016,0.07941114905322674
LEBON REGIS,2017,0.0852345514885631
LEBON REGIS,2018,0.08635282317281265
LEBON REGIS,2019,0.0976266927798187
LEBON REGIS,2020,0.10402578053612044
LEBON REGIS,2021,0.09402024800546803
LEBON REGIS,2022,0.09319489002808704
LEBON REGIS,2023,0.09139216546565684
LEOBERTO LEAL,2002,0.030339960975419307
LEOBERTO LEAL,2003,0.040343817444780494
LEOBERTO LEAL,2004,0.04148092358429094
LEOBERTO LEAL,2005,0.06172947408696595
LEOBERTO LEAL,2006,0.05352725961576556
LEOBERTO LEAL,2007,0.0506476770615069
LEOBERTO LEAL,2008,0.04678130588503996
LEOBERTO LEAL,2009,0.04769248342659044
LEOBERTO LEAL,2010,0.034823334176502116
LEOBERTO LEAL,2011,0.0349675848467825
LEOBERTO LEAL,2012,0.02882978693716849
LEOBERTO LEAL,2013,0.012896078440840227
LEOBERTO LEAL,2014,0.030408552707514254
LEOBERTO LEAL,2015,0.02812332142319014
LEOBERTO LEAL,2016,0.028327642472318084
LEOBERTO LEAL,2017,0.023025830448962857
LEOBERTO LEAL,2018,0.012159661663889439
LEOBERTO LEAL,2019,0.029295563480870566
LEOBERTO LEAL,2020,0.0412348911393378
LEOBERTO LEAL,2021,0.03405183757649192
LEOBERTO LEAL,2022,0.048804413196911346
LEOBERTO LEAL,2023,0.04133788918159044
LINDOIA DO SUL,2002,0.1648569531142492
LINDOIA DO SUL,2003,0.17152409299226024
LINDOIA DO SUL,2004,0.16266757795327424
LINDOIA DO SUL,2005,0.15825059385508347
LINDOIA DO SUL,2006,0.18876384660718867
LINDOIA DO SUL,2007,0.19447382082335837
LINDOIA DO SUL,2008,0.22881309093510338
LINDOIA DO SUL,2009,0.29623509137488024
LINDOIA DO SUL,2010,0.23937925274438926
LINDOIA DO SUL,2011,0.21847414016687494
LINDOIA DO SUL,2012,0.2062639077275544
LINDOIA DO SUL,2013,0.2323135429105416
LINDOIA DO SUL,2014,0.27851197572355546
LINDOIA DO SUL,2015,0.2732023850417129
LINDOIA DO SUL,2016,0.2477823508491545
LINDOIA DO SUL,2017,0.1620532237849392
LINDOIA DO SUL,2018,0.135581527173115
LINDOIA DO SUL,2019,0.14168001017469295
LINDOIA DO SUL,2020,0.16065177610938372
LINDOIA DO SUL,2021,0.1570552823867229
LINDOIA DO SUL,2022,0.14570437079990745
LINDOIA DO SUL,2023,0.11839862021472217
LONTRAS,2002,0.29703944778087304
LONTRAS,2003,0.3154690196538957
LONTRAS,2004,0.3275417415389298
LONTRAS,2005,0.3494106975594416
LONTRAS,2006,0.45051458615292117
LONTRAS,2007,0.4766422824709607
LONTRAS,2008,0.468357798558116
LONTRAS,2009,0.5112997268023518
LONTRAS,2010,0.4467871121082251
LONTRAS,2011,0.3702951274590025
LONTRAS,2012,0.40083235545475393
LONTRAS,2013,0.38640560694702
LONTRAS,2014,0.41120873602865166
LONTRAS,2015,0.4075949662700763
LONTRAS,2016,0.4719221594442169
LONTRAS,2017,0.4555618967755108
LONTRAS,2018,0.4565938695252099
LONTRAS,2019,0.4735137395596687
LONTRAS,2020,0.47134116888352295
LONTRAS,2021,0.44246958769564904
LONTRAS,2022,0.4871243433608263
LONTRAS,2023,0.4873827723371185
LUIZ ALVES,2002,0.43095411773299064
LUIZ ALVES,2003,0.4258827474144251
LUIZ ALVES,2004,0.489874213468968
LUIZ ALVES,2005,0.4445981965287637
LUIZ ALVES,2006,0.5063783621827476
LUIZ ALVES,2007,0.5542002829265078
LUIZ ALVES,2008,0.5916417048699845
LUIZ ALVES,2009,0.6003468001616113
LUIZ ALVES,2010,0.5110939777813946
LUIZ ALVES,2011,0.45534850376021513
LUIZ ALVES,2012,0.49264589945697373
LUIZ ALVES,2013,0.4729201828566889
LUIZ ALVES,2014,0.49113808433841005
LUIZ ALVES,2015,0.48318021872241057
LUIZ ALVES,2016,0.5765939430311887
LUIZ ALVES,2017,0.5661495433977639
LUIZ ALVES,2018,0.5845848996003318
LUIZ ALVES,2019,0.6015644085405194
LUIZ ALVES,2020,0.630472871148428
LUIZ ALVES,2021,0.6245842746299632
LUIZ ALVES,2022,0.6244052495575441
LUIZ ALVES,2023,0.6296618137756078
LUZERNA,2002,0.3573144643460274
LUZERNA,2003,0.3726698093302983
LUZERNA,2004,0.3490393183688137
LUZERNA,2005,0.3260565410869408
LUZERNA,2006,0.3924109917393558
LUZERNA,2007,0.3675462015425816
LUZERNA,2008,0.37579506228721293
LUZERNA,2009,0.39173061706405665
LUZERNA,2010,0.33947790485975915
LUZERNA,2011,0.29121082089803557
LUZERNA,2012,0.3060694098496832
LUZERNA,2013,0.3234285557336223
LUZERNA,2014,0.32132922244820106
LUZERNA,2015,0.3199714660388801
LUZERNA,2016,0.36809154558031787
LUZERNA,2017,0.3599705950479818
LUZERNA,2018,0.3708628166325661
LUZERNA,2019,0.3864928002523681
LUZERNA,2020,0.4252355588438174
LUZERNA,2021,0.43404153644270493
LUZERNA,2022,0.418926142455035
LUZERNA,2023,0.43589496682145124
MACIEIRA,2002,0.12293470404822979
MACIEIRA,2003,0.134357082996126
MACIEIRA,2004,0.1250039023389635
MACIEIRA,2005,0.08264524124529789
MACIEIRA,2006,0.1113578492131925
MACIEIRA,2007,0.10920894993628126
MACIEIRA,2008,0.11434512783135528
MACIEIRA,2009,0.1172375477890888
MACIEIRA,2010,0.11426467575609894
MACIEIRA,2011,0.09386050477625042
MACIEIRA,2012,0.07891279701522995
MACIEIRA,2013,0.09931710912627133
MACIEIRA,2014,0.11003759107976699
MACIEIRA,2015,0.1074218415325828
MACIEIRA,2016,0.13347149573678513
MACIEIRA,2017,0.14598633978870532
MACIEIRA,2018,0.17283398049812326
MACIEIRA,2019,0.16164624342832462
MACIEIRA,2020,0.14166343641427628
MACIEIRA,2021,0.10536616195239479
MACIEIRA,2022,0.13859816358009358
MACIEIRA,2023,0.16429010198737845
MAFRA,2002,0.20017872824338362
MAFRA,2003,0.19747980049081412
MAFRA,2004,0.20241603490010446
MAFRA,2005,0.19750526802210822
MAFRA,2006,0.24112126155689312
MAFRA,2007,0.21951093403743804
MAFRA,2008,0.20315046739265102
MAFRA,2009,0.20462931355437944
MAFRA,2010,0.17622660540277713
MAFRA,2011,0.14928299397532063
MAFRA,2012,0.16355213444237143
MAFRA,2013,0.16093670715052705
MAFRA,2014,0.16769460631003474
MAFRA,2015,0.16478745044914164
MAFRA,2016,0.20207787390734977
MAFRA,2017,0.23925005396814797
MAFRA,2018,0.2214146149087226
MAFRA,2019,0.21994695414737522
MAFRA,2020,0.22072056380017402
MAFRA,2021,0.20476068446424445
MAFRA,2022,0.20371361210094396
MAFRA,2023,0.20432551763761236
MAJOR GERCINO,2002,0.07772134347043835
MAJOR GERCINO,2003,0.08201318801991418
MAJOR GERCINO,2004,0.0962870044350064
MAJOR GERCINO,2005,0.10909326816854585
MAJOR GERCINO,2006,0.06904915151874397
MAJOR GERCINO,2007,0.11318942095237333
MAJOR GERCINO,2008,0.18571336892941193
MAJOR GERCINO,2009,0.17810739026420608
MAJOR GERCINO,2010,0.18184630051716216
MAJOR GERCINO,2011,0.2005891049674835
MAJOR GERCINO,2012,0.18607100785794622
MAJOR GERCINO,2013,0.17836771069046525
MAJOR GERCINO,2014,0.22164179271290385
MAJOR GERCINO,2015,0.21899164716037361
MAJOR GERCINO,2016,0.22672918069585724
MAJOR GERCINO,2017,0.18716171367479795
MAJOR GERCINO,2018,0.21827545923926422
MAJOR GERCINO,2019,0.24852426827777607
MAJOR GERCINO,2020,0.20703872591308636
MAJOR GERCINO,2021,0.25690929873095325
MAJOR GERCINO,2022,0.32181536785194187
MAJOR GERCINO,2023,0.32284535471510883
MAJOR VIEIRA,2002,0.05019927003437825
MAJOR VIEIRA,2003,0.04826663200736547
MAJOR VIEIRA,2004,0.05906319246753791
MAJOR VIEIRA,2005,0.07060017599557294
MAJOR VIEIRA,2006,0.06133819907210012
MAJOR VIEIRA,2007,0.06206356222869176
MAJOR VIEIRA,2008,0.07243921885206493
MAJOR VIEIRA,2009,0.07290494475212632
MAJOR VIEIRA,2010,0.055520822303700146
MAJOR VIEIRA,2011,0.0532081792314635
MAJOR VIEIRA,2012,0.05802961277834749
MAJOR VIEIRA,2013,0.04900804374278987
MAJOR VIEIRA,2014,0.05941699674097605
MAJOR VIEIRA,2015,0.06088951267799038
MAJOR VIEIRA,2016,0.07267491024583997
MAJOR VIEIRA,2017,0.07917660567134302
MAJOR VIEIRA,2018,0.09282228775357806
MAJOR VIEIRA,2019,0.09971754031739946
MAJOR VIEIRA,2020,0.10364429199174963
MAJOR VIEIRA,2021,0.09029151607928833
MAJOR VIEIRA,2022,0.10056806734923626
MAJOR VIEIRA,2023,0.1065967509517041
MARACAJA,2002,0.22235896864915572
MARACAJA,2003,0.25437351867726676
MARACAJA,2004,0.2807675359964182
MARACAJA,2005,0.2919758998349048
MARACAJA,2006,0.3189535641431273
MARACAJA,2007,0.30325611597530067
MARACAJA,2008,0.28232129255768146
MARACAJA,2009,0.28081523027439625
MARACAJA,2010,0.2605013730692958
MARACAJA,2011,0.23413963617192987
MARACAJA,2012,0.2480150986843323
MARACAJA,2013,0.22929959505586128
MARACAJA,2014,0.26265906400562133
MARACAJA,2015,0.26802715017256107
MARACAJA,2016,0.3058861222438621
MARACAJA,2017,0.2756888065857835
MARACAJA,2018,0.24814895448888913
MARACAJA,2019,0.2608551157935047
MARACAJA,2020,0.28377989756895405
MARACAJA,2021,0.26283460583824547
MARACAJA,2022,0.269436810012574
MARACAJA,2023,0.2607110287881126
MARAVILHA,2002,0.23746977944586445
MARAVILHA,2003,0.244758012496024
MARAVILHA,2004,0.26500836569165953
MARAVILHA,2005,0.25096127523449846
MARAVILHA,2006,0.3226445259702202
MARAVILHA,2007,0.33765721500801815
MARAVILHA,2008,0.30112832816356716
MARAVILHA,2009,0.33040088687250235
MARAVILHA,2010,0.2641131108842474
MARAVILHA,2011,0.2342357577694728
MARAVILHA,2012,0.25478139351157436
MARAVILHA,2013,0.2486833094546825
MARAVILHA,2014,0.2690702408218827
MARAVILHA,2015,0.2685936345406606
MARAVILHA,2016,0.3333060307756309
MARAVILHA,2017,0.3411684434184853
MARAVILHA,2018,0.3412523367682455
MARAVILHA,2019,0.345974424430584
MARAVILHA,2020,0.3755957670081578
MARAVILHA,2021,0.3599598585107723
MARAVILHA,2022,0.33731954472224507
MARAVILHA,2023,0.36523218823037684
MAREMA,2002,0.028801487654890687
MAREMA,2003,0.04378876294945371
MAREMA,2004,0.04560208017143587
MAREMA,2005,0.07465611748808118
MAREMA,2006,0.065853457977893
MAREMA,2007,0.061626964740375684
MAREMA,2008,0.055751595899116525
MAREMA,2009,0.057752079583817534
MAREMA,2010,0.0803811421096181
MAREMA,2011,0.06968754119110701
MAREMA,2012,0.07306014922143325
MAREMA,2013,0.06479056128268923
MAREMA,2014,0.0794939320871765
MAREMA,2015,0.08818104468945019
MAREMA,2016,0.08680076492714263
MAREMA,2017,0.09610234398802611
MAREMA,2018,0.07420664643165598
MAREMA,2019,0.08787231745328185
MAREMA,2020,0.08293483549141555
MAREMA,2021,0.0669422314691041
MAREMA,2022,0.10004784542661871
MAREMA,2023,0.10969444059095475
MASSARANDUBA,2002,0.3638849623921499
MASSARANDUBA,2003,0.4056698397753613
MASSARANDUBA,2004,0.4372269830222285
MASSARANDUBA,2005,0.4144928451238079
MASSARANDUBA,2006,0.5228585739695167
MASSARANDUBA,2007,0.5320535305544505
MASSARANDUBA,2008,0.5380843464641383
MASSARANDUBA,2009,0.5815956413774523
MASSARANDUBA,2010,0.5416174586786798
MASSARANDUBA,2011,0.4627989265141679
MASSARANDUBA,2012,0.5375888108462324
MASSARANDUBA,2013,0.536227806434727
MASSARANDUBA,2014,0.5818898016192015
MASSARANDUBA,2015,0.5402848306343784
MASSARANDUBA,2016,0.5949075525698344
MASSARANDUBA,2017,0.5686622703568589
MASSARANDUBA,2018,0.567134127894674
MASSARANDUBA,2019,0.5846550908026142
MASSARANDUBA,2020,0.6031268563996411
MASSARANDUBA,2021,0.5763950320404256
MASSARANDUBA,2022,0.5659027366304348
MASSARANDUBA,2023,0.5651813784075459
MATOS COSTA,2002,0.08722249952358059
MATOS COSTA,2003,0.07656894164837941
MATOS COSTA,2004,0.08086621103169958
MATOS COSTA,2005,0.10186586458618438
MATOS COSTA,2006,0.07548139696372157
MATOS COSTA,2007,0.06673062131587518
MATOS COSTA,2008,0.07372533099135213
MATOS COSTA,2009,0.1029781816689322
MATOS COSTA,2010,0.08143004495011708
MATOS COSTA,2011,0.05086488150603084
MATOS COSTA,2012,0.06297872904554883
MATOS COSTA,2013,0.08123753682949174
MATOS COSTA,2014,0.08258229130388317
MATOS COSTA,2015,0.06688751364151244
MATOS COSTA,2016,0.09887440182398716
MATOS COSTA,2017,0.08784067317233307
MATOS COSTA,2018,0.06306216251308415
MATOS COSTA,2019,0.09316685664122638
MATOS COSTA,2020,0.07674999537832991
MATOS COSTA,2021,0.07930965207594291
MATOS COSTA,2022,0.03035006430141644
MATOS COSTA,2023,0.029210155017234396
MELEIRO,2002,0.15734128696302077
MELEIRO,2003,0.1751578181297465
MELEIRO,2004,0.1690972811781509
MELEIRO,2005,0.1472751123443942
MELEIRO,2006,0.18041238807944873
MELEIRO,2007,0.18452700021003837
MELEIRO,2008,0.19464725012367848
MELEIRO,2009,0.19532698127765924
MELEIRO,2010,0.1734582934190332
MELEIRO,2011,0.1582151963319684
MELEIRO,2012,0.15337645863131072
MELEIRO,2013,0.17332145827993026
MELEIRO,2014,0.17323497312978597
MELEIRO,2015,0.17430029466078126
MELEIRO,2016,0.1963303074781737
MELEIRO,2017,0.20371027455330923
MELEIRO,2018,0.2113236685433882
MELEIRO,2019,0.23035673830258974
MELEIRO,2020,0.23242592287560165
MELEIRO,2021,0.22504493151275345
MELEIRO,2022,0.25920686029138396
MELEIRO,2023,0.2972075625897912
MIRIM DOCE,2002,0.0980743546406537
MIRIM DOCE,2003,0.15080921551454193
MIRIM DOCE,2004,0.13569967438744607
MIRIM DOCE,2005,0.12403250737829934
MIRIM DOCE,2006,0.1510864720236581
MIRIM DOCE,2007,0.16790438748058967
MIRIM DOCE,2008,0.17243192752655323
MIRIM DOCE,2009,0.20559295263086375
MIRIM DOCE,2010,0.1900131035394376
MIRIM DOCE,2011,0.15492881399494937
MIRIM DOCE,2012,0.1928153346977032
MIRIM DOCE,2013,0.19318007370236118
MIRIM DOCE,2014,0.24331331592908337
MIRIM DOCE,2015,0.21507644743524423
MIRIM DOCE,2016,0.24392953332003114
MIRIM DOCE,2017,0.2023460879639751
MIRIM DOCE,2018,0.19738066910716928
MIRIM DOCE,2019,0.28693752138555295
MIRIM DOCE,2020,0.2771290023687488
MIRIM DOCE,2021,0.2941560200426735
MIRIM DOCE,2022,0.25975412347418986
MIRIM DOCE,2023,0.25767010958722225
MODELO,2002,0.3146822886981945
MODELO,2003,0.3387084131867783
MODELO,2004,0.4182026761060688
MODELO,2005,0.399440052814758
MODELO,2006,0.5176637454458553
MODELO,2007,0.4598772876904836
MODELO,2008,0.4387872523167
MODELO,2009,0.46588466746052076
MODELO,2010,0.44092250807730216
MODELO,2011,0.3913145071965779
MODELO,2012,0.3937069942856841
MODELO,2013,0.33269207449273763
MODELO,2014,0.322171084006151
MODELO,2015,0.3466690574242376
MODELO,2016,0.4404275224982071
MODELO,2017,0.3677521373051794
MODELO,2018,0.3160438782558456
MODELO,2019,0.28832423814185254
MODELO,2020,0.3124026071085797
MODELO,2021,0.30543306388172786
MODELO,2022,0.3184417065199122
MODELO,2023,0.33291057041059213
MONDAI,2002,0.13189078960837936
MONDAI,2003,0.12754071387213142
MONDAI,2004,0.13132611490317092
MONDAI,2005,0.1328720738809851
MONDAI,2006,0.19208274663485264
MONDAI,2007,0.21342820431413653
MONDAI,2008,0.20959527074144596
MONDAI,2009,0.20675525818479212
MONDAI,2010,0.16978748882640976
MONDAI,2011,0.15115964943505153
MONDAI,2012,0.18985213451522936
MONDAI,2013,0.21099441468913877
MONDAI,2014,0.20719010861981077
MONDAI,2015,0.19486243084212224
MONDAI,2016,0.25754203179076074
MONDAI,2017,0.2859481448313469
MONDAI,2018,0.30001067255834407
MONDAI,2019,0.3353250722965199
MONDAI,2020,0.3502144849503298
MONDAI,2021,0.33141834372727175
MONDAI,2022,0.28430847761167494
MONDAI,2023,0.280285809738615
MONTE CARLO,2002,0.09855216121761781
MONTE CARLO,2003,0.0972212659041854
MONTE CARLO,2004,0.10424678090568179
MONTE CARLO,2005,0.0764168515597409
MONTE CARLO,2006,0.12308960329982996
MONTE CARLO,2007,0.10148575319306073
MONTE CARLO,2008,0.09171749342030101
MONTE CARLO,2009,0.08347864523978424
MONTE CARLO,2010,0.07766994985014417
MONTE CARLO,2011,0.05782637453342976
MONTE CARLO,2012,0.058260765704883935
MONTE CARLO,2013,0.061303223738399346
MONTE CARLO,2014,0.0554500174709568
MONTE CARLO,2015,0.06186404691574686
MONTE CARLO,2016,0.08208812356187305
MONTE CARLO,2017,0.08871075769396629
MONTE CARLO,2018,0.08413558576512725
MONTE CARLO,2019,0.09579416870817653
MONTE CARLO,2020,0.10744266185205581
MONTE CARLO,2021,0.08988317674960311
MONTE CARLO,2022,0.1142623602722076
MONTE CARLO,2023,0.1010382338561635
MONTE CASTELO,2002,0.11016079521901219
MONTE CASTELO,2003,0.11561356290622071
MONTE CASTELO,2004,0.11233959409751307
MONTE CASTELO,2005,0.0888331212585769
MONTE CASTELO,2006,0.0769218515622773
MONTE CASTELO,2007,0.0676592592143575
MONTE CASTELO,2008,0.06785570958159866
MONTE CASTELO,2009,0.06633915894923585
MONTE CASTELO,2010,0.08750153800400333
MONTE CASTELO,2011,0.07375940141374283
MONTE CASTELO,2012,0.0702619312450375
MONTE CASTELO,2013,0.07753598555762234
MONTE CASTELO,2014,0.07717745065147677
MONTE CASTELO,2015,0.07261805248523959
MONTE CASTELO,2016,0.08623386204248927
MONTE CASTELO,2017,0.08509692981878551
MONTE CASTELO,2018,0.08415972873576569
MONTE CASTELO,2019,0.08295336339691006
MONTE CASTELO,2020,0.11754011283447127
MONTE CASTELO,2021,0.10759154304160853
MONTE CASTELO,2022,0.12358968709774507
MONTE CASTELO,2023,0.12001910998297582
MORRO DA FUMACA,2002,0.5983219452458404
MORRO DA FUMACA,2003,0.6166792642308319
MORRO DA FUMACA,2004,0.6438541013806873
MORRO DA FUMACA,2005,0.6086672008220864
MORRO DA FUMACA,2006,0.7405937455072114
MORRO DA FUMACA,2007,0.6888784185442054
MORRO DA FUMACA,2008,0.6613329773025575
MORRO DA FUMACA,2009,0.686682081900216
MORRO DA FUMACA,2010,0.5869142668235429
MORRO DA FUMACA,2011,0.5022730369420287
MORRO DA FUMACA,2012,0.5394463389326772
MORRO DA FUMACA,2013,0.5382186074245949
MORRO DA FUMACA,2014,0.5851311542412182
MORRO DA FUMACA,2015,0.5529404733090343
MORRO DA FUMACA,2016,0.6009423742100043
MORRO DA FUMACA,2017,0.5807787518810065
MORRO DA FUMACA,2018,0.566080115779622
MORRO DA FUMACA,2019,0.5739439804625883
MORRO DA FUMACA,2020,0.5800293540033777
MORRO DA FUMACA,2021,0.566026255812303
MORRO DA FUMACA,2022,0.5632421026065819
MORRO DA FUMACA,2023,0.5611185999392545
MORRO GRANDE,2002,0.12886139948206812
MORRO GRANDE,2003,0.14082460027089339
MORRO GRANDE,2004,0.1397805237560876
MORRO GRANDE,2005,0.13565372807777376
MORRO GRANDE,2006,0.22291618211388214
MORRO GRANDE,2007,0.3399266423864382
MORRO GRANDE,2008,0.442940165105279
MORRO GRANDE,2009,0.5215385167775191
MORRO GRANDE,2010,0.5930640913081651
MORRO GRANDE,2011,0.5787156263640332
MORRO GRANDE,2012,0.5885984290623466
MORRO GRANDE,2013,0.6042476335231646
MORRO GRANDE,2014,0.60160610319213
MORRO GRANDE,2015,0.6098685009718173
MORRO GRANDE,2016,0.6087470499892726
MORRO GRANDE,2017,0.22408836327687134
MORRO GRANDE,2018,0.2007180169663929
MORRO GRANDE,2019,0.20295014344899148
MORRO GRANDE,2020,0.21647580610582282
MORRO GRANDE,2021,0.19736081000094602
MORRO GRANDE,2022,0.19735792222461615
MORRO GRANDE,2023,0.2007944634463592
NAVEGANTES,2002,0.12736308619109094
NAVEGANTES,2003,0.1264305911199645
NAVEGANTES,2004,0.13203715797365403
NAVEGANTES,2005,0.1336405917549866
NAVEGANTES,2006,0.18319091725759826
NAVEGANTES,2007,0.18657675719859743
NAVEGANTES,2008,0.1772459523926848
NAVEGANTES,2009,0.19056526891640485
NAVEGANTES,2010,0.15222895940404985
NAVEGANTES,2011,0.1452087874665211
NAVEGANTES,2012,0.18208128330649564
NAVEGANTES,2013,0.2018501054597287
NAVEGANTES,2014,0.21700171623568063
NAVEGANTES,2015,0.18051359013676505
NAVEGANTES,2016,0.21140924629225621
NAVEGANTES,2017,0.20673145506270008
NAVEGANTES,2018,0.1917408145772198
NAVEGANTES,2019,0.23298041458024166
NAVEGANTES,2020,0.23513046919764563
NAVEGANTES,2021,0.21086652531787453
NAVEGANTES,2022,0.21401022948964593
NAVEGANTES,2023,0.21377717049196437
NOVA ERECHIM,2002,0.3932557539485955
NOVA ERECHIM,2003,0.39625971222449996
NOVA ERECHIM,2004,0.4433565482652098
NOVA ERECHIM,2005,0.4277232777009976
NOVA ERECHIM,2006,0.44310204341280723
NOVA ERECHIM,2007,0.42873541127701387
NOVA ERECHIM,2008,0.43487201040749246
NOVA ERECHIM,2009,0.4749182887980739
NOVA ERECHIM,2010,0.37636726318403746
NOVA ERECHIM,2011,0.31179213278172035
NOVA ERECHIM,2012,0.33290269913759907
NOVA ERECHIM,2013,0.30659475379827583
NOVA ERECHIM,2014,0.3282550448684014
NOVA ERECHIM,2015,0.3503659588165408
NOVA ERECHIM,2016,0.4646675498548728
NOVA ERECHIM,2017,0.4231414440179584
NOVA ERECHIM,2018,0.3942384252776211
NOVA ERECHIM,2019,0.42617093881384127
NOVA ERECHIM,2020,0.4390175988736721
NOVA ERECHIM,2021,0.38129986969025603
NOVA ERECHIM,2022,0.35466849119342714
NOVA ERECHIM,2023,0.35001535399354855
NOVA ITABERABA,2002,0.06678653194504738
NOVA ITABERABA,2003,0.09321931708287112
NOVA ITABERABA,2004,0.10482691043477128
NOVA ITABERABA,2005,0.12012455691620824
NOVA ITABERABA,2006,0.13952938740959786
NOVA ITABERABA,2007,0.17814271031004542
NOVA ITABERABA,2008,0.18036444743162303
NOVA ITABERABA,2009,0.17588849790901062
NOVA ITABERABA,2010,0.13810483784093563
NOVA ITABERABA,2011,0.08532899454511525
NOVA ITABERABA,2012,0.09832304949104789
NOVA ITABERABA,2013,0.12131180813472957
NOVA ITABERABA,2014,0.1683159554878128
NOVA ITABERABA,2015,0.1479713820588678
NOVA ITABERABA,2016,0.19224936972534823
NOVA ITABERABA,2017,0.19482073118997167
NOVA ITABERABA,2018,0.1937208886164527
NOVA ITABERABA,2019,0.16463999528982307
NOVA ITABERABA,2020,0.19049962033735734
NOVA ITABERABA,2021,0.19821839525078655
NOVA ITABERABA,2022,0.20777929760493846
NOVA ITABERABA,2023,0.22181500573195145
NOVA TRENTO,2002,0.2854680061186117
NOVA TRENTO,2003,0.2845694776668063
NOVA TRENTO,2004,0.3131101897926773
NOVA TRENTO,2005,0.3392074240696408
NOVA TRENTO,2006,0.4729926110569759
NOVA TRENTO,2007,0.46485941409062415
NOVA TRENTO,2008,0.47450426041801924
NOVA TRENTO,2009,0.5060084755224591
NOVA TRENTO,2010,0.40657975888412323
NOVA TRENTO,2011,0.36470309496818015
NOVA TRENTO,2012,0.4295731277730035
NOVA TRENTO,2013,0.44594624095362745
NOVA TRENTO,2014,0.48692429687137695
NOVA TRENTO,2015,0.4486861306306945
NOVA TRENTO,2016,0.5200236780816592
NOVA TRENTO,2017,0.5368210802547126
NOVA TRENTO,2018,0.5311274704470399
NOVA TRENTO,2019,0.5506974684490731
NOVA TRENTO,2020,0.5528365533322229
NOVA TRENTO,2021,0.5444410432283995
NOVA TRENTO,2022,0.533498022989792
NOVA TRENTO,2023,0.5160645056053392
NOVA VENEZA,2002,0.5010668715329833
NOVA VENEZA,2003,0.5152050300645143
NOVA VENEZA,2004,0.5422390866840452
NOVA VENEZA,2005,0.5157752379396753
NOVA VENEZA,2006,0.8393434566077301
NOVA VENEZA,2007,0.861592679673047
NOVA VENEZA,2008,0.8252183924233909
NOVA VENEZA,2009,0.8498535085978485
NOVA VENEZA,2010,0.6333554051686183
NOVA VENEZA,2011,0.5640401852951038
NOVA VENEZA,2012,0.5357599749917571
NOVA VENEZA,2013,0.667128240276029
NOVA VENEZA,2014,0.5840807101085079
NOVA VENEZA,2015,0.6122500476907258
NOVA VENEZA,2016,0.7416216306506276
NOVA VENEZA,2017,0.7867802662760451
NOVA VENEZA,2018,0.7588110805769208
NOVA VENEZA,2019,0.7852265338068628
NOVA VENEZA,2020,0.8260915120663187
NOVA VENEZA,2021,0.7993722416020292
NOVA VENEZA,2022,0.8183948117582822
NOVA VENEZA,2023,0.8019796149019403
NOVO HORIZONTE,2002,0.08420439633031572
NOVO HORIZONTE,2003,0.0
NOVO HORIZONTE,2004,0.011934068837251541
NOVO HORIZONTE,2005,0.044268175005452576
NOVO HORIZONTE,2006,0.05494957719049004
NOVO HORIZONTE,2007,0.055804787837735806
NOVO HORIZONTE,2008,0.04905520278030825
NOVO HORIZONTE,2009,0.053297282231584156
NOVO HORIZONTE,2010,0.04330192253488814
NOVO HORIZONTE,2011,0.10987239929575213
NOVO HORIZONTE,2012,0.06617840531740223
NOVO HORIZONTE,2013,0.07492834717148446
NOVO HORIZONTE,2014,0.08799002558148361
NOVO HORIZONTE,2015,0.19252795395622724
NOVO HORIZONTE,2016,0.13555411275498497
NOVO HORIZONTE,2017,0.22602589252760638
NOVO HORIZONTE,2018,0.11942761460470022
NOVO HORIZONTE,2019,0.2509734009116253
NOVO HORIZONTE,2020,0.25907875400515545
NOVO HORIZONTE,2021,0.26146754168229797
NOVO HORIZONTE,2022,0.24524974240098135
NOVO HORIZONTE,2023,0.22941094345992424
ORLEANS,2002,0.2767763817021457
ORLEANS,2003,0.28187632486538805
ORLEANS,2004,0.276299554955847
ORLEANS,2005,0.27708840809042246
ORLEANS,2006,0.3503424429744656
ORLEANS,2007,0.3571567286466562
ORLEANS,2008,0.3475573276849526
ORLEANS,2009,0.3736162457967852
ORLEANS,2010,0.30510462332501875
ORLEANS,2011,0.25784959280062647
ORLEANS,2012,0.28858553229164763
ORLEANS,2013,0.296506913843509
ORLEANS,2014,0.30387848741445944
ORLEANS,2015,0.281050041983676
ORLEANS,2016,0.32776442455421306
ORLEANS,2017,0.33784777122724763
ORLEANS,2018,0.33039964110649533
ORLEANS,2019,0.3692837915614087
ORLEANS,2020,0.38430169971047434
ORLEANS,2021,0.34616854800334523
ORLEANS,2022,0.35750990518314474
ORLEANS,2023,0.364293051688551
OTACILIO COSTA,2002,0.16295882245752527
OTACILIO COSTA,2003,0.1672472312030463
OTACILIO COSTA,2004,0.17791946736794256
OTACILIO COSTA,2005,0.16074021085027862
OTACILIO COSTA,2006,0.23406368074426046
OTACILIO COSTA,2007,0.20372551194485103
OTACILIO COSTA,2008,0.18082362965879734
OTACILIO COSTA,2009,0.23178510224971494
OTACILIO COSTA,2010,0.18519486710380295
OTACILIO COSTA,2011,0.15698210944461966
OTACILIO COSTA,2012,0.19791038758832197
OTACILIO COSTA,2013,0.19279636700049604
OTACILIO COSTA,2014,0.2137506664349252
OTACILIO COSTA,2015,0.19776239080131366
OTACILIO COSTA,2016,0.24952816759478386
OTACILIO COSTA,2017,0.24745173345501636
OTACILIO COSTA,2018,0.25756311784194647
OTACILIO COSTA,2019,0.2943390781552477
OTACILIO COSTA,2020,0.29438310603359147
OTACILIO COSTA,2021,0.2733946560095551
OTACILIO COSTA,2022,0.2829288962459199
OTACILIO COSTA,2023,0.293250996576451
OURO,2002,0.09878910591504106
OURO,2003,0.11557938099286778
OURO,2004,0.10560132726941164
OURO,2005,0.10366525573284262
OURO,2006,0.10549473648559311
OURO,2007,0.11237525909984027
OURO,2008,0.11263329833629937
OURO,2009,0.1250413548630482
OURO,2010,0.11379505000808474
OURO,2011,0.12512594988837816
OURO,2012,0.12259722537399717
OURO,2013,0.1093882292841267
OURO,2014,0.12109458755727638
OURO,2015,0.129590853854464
OURO,2016,0.14214328632823678
OURO,2017,0.15483338185165618
OURO,2018,0.16436504044424893
OURO,2019,0.200600128646335
OURO,2020,0.18631184483719043
OURO,2021,0.1954767625023957
OURO,2022,0.19332855752513625
OURO,2023,0.19391414253500144
OURO VERDE,2002,0.02982456382439838
OURO VERDE,2003,0.030640179802454738
OURO VERDE,2004,0.016318851370047568
OURO VERDE,2005,0.05272001523219586
OURO VERDE,2006,0.033476606678295044
OURO VERDE,2007,0.046671208132328605
OURO VERDE,2008,0.04693252969718814
OURO VERDE,2009,0.06176129972888701
OURO VERDE,2010,0.04090830063366725
OURO VERDE,2011,0.0316742923939352
OURO VERDE,2012,0.02283370663848003
OURO VERDE,2013,0.021247396468480187
OURO VERDE,2014,0.023236673675178027
OURO VERDE,2015,0.023427526005414572
OURO VERDE,2016,0.026446841899845037
OURO VERDE,2017,0.023896766715585008
OURO VERDE,2018,0.014788213877739022
OURO VERDE,2019,0.037024941012068005
OURO VERDE,2020,0.03901769242445472
OURO VERDE,2021,0.023102087726135603
OURO VERDE,2022,0.009619543065170695
OURO VERDE,2023,0.008625217446554942
PAIAL,2002,0.017724198865605646
PAIAL,2003,0.018846650528789623
PAIAL,2004,0.019114235949096534
PAIAL,2005,0.018356488862719626
PAIAL,2006,0.018755942177517058
PAIAL,2007,0.017991856684918258
PAIAL,2008,0.017549443755260675
PAIAL,2009,0.018790054245508347
PAIAL,2010,0.0324908581624337
PAIAL,2011,0.027239822186729885
PAIAL,2012,0.028772766063904835
PAIAL,2013,0.011747228860479065
PAIAL,2014,0.03719697811678308
PAIAL,2015,0.026044912189855978
PAIAL,2016,0.01878154877643864
PAIAL,2017,0.03687715497292544
PAIAL,2018,0.04953838943991949
PAIAL,2019,0.052823993865406635
PAIAL,2020,0.08808284516851808
PAIAL,2021,0.09215639974273017
PAIAL,2022,0.14985510950918274
PAIAL,2023,0.17198375472557395
PAINEL,2002,0.01400102625480997
PAINEL,2003,0.014049209680316716
PAINEL,2004,0.014897960954447172
PAINEL,2005,0.0
PAINEL,2006,0.015457407182449942
PAINEL,2007,0.014601803041979833
PAINEL,2008,0.013544433362825802
PAINEL,2009,0.026516416146790133
PAINEL,2010,0.03651596872526814
PAINEL,2011,0.029539974433139684
PAINEL,2012,0.010390993485669365
PAINEL,2013,0.01905582264633666
PAINEL,2014,0.021330816438519088
PAINEL,2015,0.019971914818817122
PAINEL,2016,0.021778275292273185
PAINEL,2017,0.02084429641120794
PAINEL,2018,0.011719191495510105
PAINEL,2019,0.021992725857266235
PAINEL,2020,0.027017025274397928
PAINEL,2021,0.025470301656892888
PAINEL,2022,0.03396891581295592
PAINEL,2023,0.034166720725870424
PALHOCA,2002,0.10612930715594973
PALHOCA,2003,0.1041528420319324
PALHOCA,2004,0.11197541339640903
PALHOCA,2005,0.11859859856288972
PALHOCA,2006,0.14580043917461646
PALHOCA,2007,0.13973835531948464
PALHOCA,2008,0.13889474147160313
PALHOCA,2009,0.15357177291477894
PALHOCA,2010,0.13855703537066197
PALHOCA,2011,0.11783113959130166
PALHOCA,2012,0.12442409057271142
PALHOCA,2013,0.11547221946953568
PALHOCA,2014,0.11878213666888893
PALHOCA,2015,0.11769032297148846
PALHOCA,2016,0.13253144719193247
PALHOCA,2017,0.12632389512603512
PALHOCA,2018,0.12042846427073745
PALHOCA,2019,0.13504225800106961
PALHOCA,2020,0.14742768289843888
PALHOCA,2021,0.1304666918850314
PALHOCA,2022,0.1365004532004956
PALHOCA,2023,0.14007828905172684
PALMA SOLA,2002,0.11649485790698433
PALMA SOLA,2003,0.12209513963364566
PALMA SOLA,2004,0.13603590439645497
PALMA SOLA,2005,0.1303132901354138
PALMA SOLA,2006,0.15896320492225807
PALMA SOLA,2007,0.17100237843467211
PALMA SOLA,2008,0.16734861771587814
PALMA SOLA,2009,0.16222907880367782
PALMA SOLA,2010,0.15974766206482635
PALMA SOLA,2011,0.14077297875498146
PALMA SOLA,2012,0.14145858345128623
PALMA SOLA,2013,0.15636552964507583
PALMA SOLA,2014,0.15238592443289928
PALMA SOLA,2015,0.16267878342665404
PALMA SOLA,2016,0.19730897014756774
PALMA SOLA,2017,0.18548560420923638
PALMA SOLA,2018,0.21109500911721518
PALMA SOLA,2019,0.09356581533645851
PALMA SOLA,2020,0.11557137937406554
PALMA SOLA,2021,0.12001404598690156
PALMA SOLA,2022,0.14510765446233206
PALMA SOLA,2023,0.13342740965862146
PALMEIRA,2002,0.1499608149543869
PALMEIRA,2003,0.14134151752522472
PALMEIRA,2004,0.18625673341254084
PALMEIRA,2005,0.23259121183131712
PALMEIRA,2006,0.22972701422915653
PALMEIRA,2007,0.2554240509653486
PALMEIRA,2008,0.29066309962554016
PALMEIRA,2009,0.31542245591289053
PALMEIRA,2010,0.27167086327038775
PALMEIRA,2011,0.2163952059546638
PALMEIRA,2012,0.21864276916931225
PALMEIRA,2013,0.2499181250312507
PALMEIRA,2014,0.28040840867551536
PALMEIRA,2015,0.2738773284872959
PALMEIRA,2016,0.28432279190781157
PALMEIRA,2017,0.22794145398882326
PALMEIRA,2018,0.2197622925833173
PALMEIRA,2019,0.27771546884328735
PALMEIRA,2020,0.36053644191491735
PALMEIRA,2021,0.39323845473704333
PALMEIRA,2022,0.37739169749650403
PALMEIRA,2023,0.3923022121732888
PALMITOS,2002,0.09334363659107274
PALMITOS,2003,0.11142746408376347
PALMITOS,2004,0.11514329325776149
PALMITOS,2005,0.10607896769572181
PALMITOS,2006,0.15076488229987084
PALMITOS,2007,0.1365189451586007
PALMITOS,2008,0.14834408158268697
PALMITOS,2009,0.16560625549239186
PALMITOS,2010,0.14413677971124314
PALMITOS,2011,0.1149392173659142
PALMITOS,2012,0.1367384531660054
PALMITOS,2013,0.12862657841786482
PALMITOS,2014,0.13989930186356853
PALMITOS,2015,0.13173863336154587
PALMITOS,2016,0.16071494318923946
PALMITOS,2017,0.16338756652444206
PALMITOS,2018,0.15810347058277974
PALMITOS,2019,0.1808278727218916
PALMITOS,2020,0.18198812247232324
PALMITOS,2021,0.18000592234390939
PALMITOS,2022,0.1840348608141409
PALMITOS,2023,0.1856202955993586
PAPANDUVA,2002,0.1179045876567595
PAPANDUVA,2003,0.11264191724261863
PAPANDUVA,2004,0.128460308916906
PAPANDUVA,2005,0.12787241437118407
PAPANDUVA,2006,0.14969691651879335
PAPANDUVA,2007,0.13656320173418632
PAPANDUVA,2008,0.14030102095678576
PAPANDUVA,2009,0.14291194175254548
PAPANDUVA,2010,0.12328036479161855
PAPANDUVA,2011,0.10899134256970043
PAPANDUVA,2012,0.12489262879903283
PAPANDUVA,2013,0.11906854752401735
PAPANDUVA,2014,0.12446379501723713
PAPANDUVA,2015,0.12502203836274633
PAPANDUVA,2016,0.15053723708865374
PAPANDUVA,2017,0.15310332168469654
PAPANDUVA,2018,0.1555001458446491
PAPANDUVA,2019,0.15249065744494156
PAPANDUVA,2020,0.17399002005665126
PAPANDUVA,2021,0.16723452555636953
PAPANDUVA,2022,0.1653619284302446
PAPANDUVA,2023,0.16957433207848646
PARAISO,2002,0.007375906723529695
PARAISO,2003,0.007683792512014139
PARAISO,2004,0.01566968431770752
PARAISO,2005,0.02384169233750251
PARAISO,2006,0.0353197214285383
PARAISO,2007,0.03523625767905562
PARAISO,2008,0.031624623256215886
PARAISO,2009,0.04435856370022015
PARAISO,2010,0.04065947436729397
PARAISO,2011,0.05223380036206075
PARAISO,2012,0.09378741962625461
PARAISO,2013,0.10948306522378945
PARAISO,2014,0.07009858824818412
PARAISO,2015,0.09296673247717291
PARAISO,2016,0.12075118472427845
PARAISO,2017,0.12971513946213611
PARAISO,2018,0.12607877879208745
PARAISO,2019,0.13889754337860352
PARAISO,2020,0.13358218950044645
PARAISO,2021,0.15085981736763543
PARAISO,2022,0.18140215570423973
PARAISO,2023,0.20235706637480194
PASSO DE TORRES,2002,0.04846605848750944
PASSO DE TORRES,2003,0.06343715854614143
PASSO DE TORRES,2004,0.07216077205300847
PASSO DE TORRES,2005,0.09029330514833672
PASSO DE TORRES,2006,0.1303096708379693
PASSO DE TORRES,2007,0.11645378420924224
PASSO DE TORRES,2008,0.10106455686893583
PASSO DE TORRES,2009,0.11660077899586446
PASSO DE TORRES,2010,0.1116239124412578
PASSO DE TORRES,2011,0.09799702690319162
PASSO DE TORRES,2012,0.10971329890498616
PASSO DE TORRES,2013,0.10772817033243148
PASSO DE TORRES,2014,0.10851330953958502
PASSO DE TORRES,2015,0.11466716644784526
PASSO DE TORRES,2016,0.11631804489864288
PASSO DE TORRES,2017,0.10360761955992563
PASSO DE TORRES,2018,0.10305107868214022
PASSO DE TORRES,2019,0.10350903240775011
PASSO DE TORRES,2020,0.10851047805412048
PASSO DE TORRES,2021,0.08332171519319184
PASSO DE TORRES,2022,0.08144770845410988
PASSO DE TORRES,2023,0.07370417627495778
PASSOS MAIA,2002,0.13207176159313208
PASSOS MAIA,2003,0.12918195882570732
PASSOS MAIA,2004,0.1412083226182739
PASSOS MAIA,2005,0.13679193577909896
PASSOS MAIA,2006,0.16424235744434929
PASSOS MAIA,2007,0.1686086028625105
PASSOS MAIA,2008,0.1532036714371911
PASSOS MAIA,2009,0.15017620412231852
PASSOS MAIA,2010,0.12670116420273153
PASSOS MAIA,2011,0.10422346461598987
PASSOS MAIA,2012,0.13351368784819725
PASSOS MAIA,2013,0.1426365508563573
PASSOS MAIA,2014,0.15623860266493378
PASSOS MAIA,2015,0.13790474228684185
PASSOS MAIA,2016,0.15571110098687052
PASSOS MAIA,2017,0.1546815968602508
PASSOS MAIA,2018,0.17305145298745192
PASSOS MAIA,2019,0.16148111067415433
PASSOS MAIA,2020,0.1621684754562372
PASSOS MAIA,2021,0.153400403404457
PASSOS MAIA,2022,0.14653930238695123
PASSOS MAIA,2023,0.14503326114447704
PAULO LOPES,2002,0.13676062180409784
PAULO LOPES,2003,0.14415808586478035
PAULO LOPES,2004,0.15239785007856005
PAULO LOPES,2005,0.16635488365785603
PAULO LOPES,2006,0.1898797172953486
PAULO LOPES,2007,0.15488058885925293
PAULO LOPES,2008,0.15791275626518347
PAULO LOPES,2009,0.17848813601712582
PAULO LOPES,2010,0.1649892115024555
PAULO LOPES,2011,0.14395316892083773
PAULO LOPES,2012,0.14682346289951254
PAULO LOPES,2013,0.15790593549714016
PAULO LOPES,2014,0.17293596729134622
PAULO LOPES,2015,0.16881590709230831
PAULO LOPES,2016,0.1851773325840367
PAULO LOPES,2017,0.1753563675635121
PAULO LOPES,2018,0.15919979924663444
PAULO LOPES,2019,0.1749814101951323
PAULO LOPES,2020,0.16796694158034936
PAULO LOPES,2021,0.21136235558659788
PAULO LOPES,2022,0.23117391460445158
PAULO LOPES,2023,0.2563231961275992
PEDRAS GRANDES,2002,0.14095870255389994
PEDRAS GRANDES,2003,0.1490421398352072
PEDRAS GRANDES,2004,0.19200814633262564
PEDRAS GRANDES,2005,0.2076743001560778
PEDRAS GRANDES,2006,0.32459874572856917
PEDRAS GRANDES,2007,0.29994280806809376
PEDRAS GRANDES,2008,0.24078400375331666
PEDRAS GRANDES,2009,0.2991278304776949
PEDRAS GRANDES,2010,0.27744703680828
PEDRAS GRANDES,2011,0.24193345989644843
PEDRAS GRANDES,2012,0.24247282326933445
PEDRAS GRANDES,2013,0.2259679294398843
PEDRAS GRANDES,2014,0.24467866789311515
PEDRAS GRANDES,2015,0.24498737634321915
PEDRAS GRANDES,2016,0.34342855169313463
PEDRAS GRANDES,2017,0.3497805557466125
PEDRAS GRANDES,2018,0.37786664632770617
PEDRAS GRANDES,2019,0.39103186714568705
PEDRAS GRANDES,2020,0.45040064102564104
PEDRAS GRANDES,2021,0.48543017830632873
PEDRAS GRANDES,2022,0.4966527031848758
PEDRAS GRANDES,2023,0.5439005844017251
PENHA,2002,0.07463337261066118
PENHA,2003,0.08911820668543927
PENHA,2004,0.10216516375519244
PENHA,2005,0.11501773818738767
PENHA,2006,0.14842990223093283
PENHA,2007,0.14394678696118288
PENHA,2008,0.13888683076531552
PENHA,2009,0.13318073208368766
PENHA,2010,0.11812029336172081
PENHA,2011,0.09965562182846496
PENHA,2012,0.11235897419050894
PENHA,2013,0.11132293693060613
PENHA,2014,0.11651958358166861
PENHA,2015,0.11444180076505428
PENHA,2016,0.12775966893815383
PENHA,2017,0.13163045779093074
PENHA,2018,0.12496318987199717
PENHA,2019,0.12723893188886662
PENHA,2020,0.12524096614296712
PENHA,2021,0.10942864411161923
PENHA,2022,0.13710835255395626
PENHA,2023,0.1491440564681719
PERITIBA,2002,0.17406476863262302
PERITIBA,2003,0.21447787098387067
PERITIBA,2004,0.220660104402158
PERITIBA,2005,0.2464422302222458
PERITIBA,2006,0.2912966168949262
PERITIBA,2007,0.26508102598148886
PERITIBA,2008,0.26215017818587133
PERITIBA,2009,0.27969929458884396
PERITIBA,2010,0.23774196456554703
PERITIBA,2011,0.21963586981044214
PERITIBA,2012,0.2434596308133015
PERITIBA,2013,0.20653123683410768
PERITIBA,2014,0.22964919317138585
PERITIBA,2015,0.24216103764271252
PERITIBA,2016,0.2767083398979111
PERITIBA,2017,0.2496966190854607
PERITIBA,2018,0.2631840357889028
PERITIBA,2019,0.27951924084538343
PERITIBA,2020,0.3059676672781197
PERITIBA,2021,0.3461289599681563
PERITIBA,2022,0.33648810786546446
PERITIBA,2023,0.35698616629098967
PESCARIA BRAVA,2002,0.0
PESCARIA BRAVA,2003,0.0
PESCARIA BRAVA,2004,0.0
PESCARIA BRAVA,2005,0.0
PESCARIA BRAVA,2006,0.0
PESCARIA BRAVA,2007,0.0
PESCARIA BRAVA,2008,0.0
PESCARIA BRAVA,2009,0.0
PESCARIA BRAVA,2010,0.0
PESCARIA BRAVA,2011,0.0
PESCARIA BRAVA,2012,0.0
PESCARIA BRAVA,2013,0.012250019296291804
PESCARIA BRAVA,2014,0.033523862854095615
PESCARIA BRAVA,2015,0.050532145149559116
PESCARIA BRAVA,2016,0.05572524149740367
PESCARIA BRAVA,2017,0.04917876589047725
PESCARIA BRAVA,2018,0.05810496669329384
PESCARIA BRAVA,2019,0.08429468870638879
PESCARIA BRAVA,2020,0.08891983405047685
PESCARIA BRAVA,2021,0.09846395918922567
PESCARIA BRAVA,2022,0.13417878524164106
PESCARIA BRAVA,2023,0.15538041931805313
PETROLANDIA,2002,0.11262763392233094
PETROLANDIA,2003,0.10887880188725049
PETROLANDIA,2004,0.10367118589434218
PETROLANDIA,2005,0.09754429069858006
PETROLANDIA,2006,0.15740137950547523
PETROLANDIA,2007,0.1432745826277239
PETROLANDIA,2008,0.17120933400962304
PETROLANDIA,2009,0.19369909688795847
PETROLANDIA,2010,0.17344732127128604
PETROLANDIA,2011,0.12162234128241381
PETROLANDIA,2012,0.14374170557135124
PETROLANDIA,2013,0.13297082352748413
PETROLANDIA,2014,0.15037171750850525
PETROLANDIA,2015,0.16132167582175055
PETROLANDIA,2016,0.18553255312368383
PETROLANDIA,2017,0.18772734198625005
PETROLANDIA,2018,0.1677119418919519
PETROLANDIA,2019,0.1964631255988409
PETROLANDIA,2020,0.23366297460691962
PETROLANDIA,2021,0.2208855394515838
PETROLANDIA,2022,0.20890177617068978
PETROLANDIA,2023,0.2218317897163476
PINHALZINHO,2002,0.35594441213135924
PINHALZINHO,2003,0.377910608648233
PINHALZINHO,2004,0.40947615800413334
PINHALZINHO,2005,0.37241175086079764
PINHALZINHO,2006,0.44246679497115887
PINHALZINHO,2007,0.43590969128632195
PINHALZINHO,2008,0.42504672905230334
PINHALZINHO,2009,0.4376274778929344
PINHALZINHO,2010,0.3726856603329002
PINHALZINHO,2011,0.3134895917552622
PINHALZINHO,2012,0.3474566532605437
PINHALZINHO,2013,0.3254053819233853
PINHALZINHO,2014,0.34587632001657087
PINHALZINHO,2015,0.345803927459692
PINHALZINHO,2016,0.4009030624239738
PINHALZINHO,2017,0.3814433812888477
PINHALZINHO,2018,0.40082623969349
PINHALZINHO,2019,0.43176500315307476
PINHALZINHO,2020,0.48337487564736514
PINHALZINHO,2021,0.4627741094091391
PINHALZINHO,2022,0.44436270077617335
PINHALZINHO,2023,0.4439016973362341
PINHEIRO PRETO,2002,0.3644688113412446
PINHEIRO PRETO,2003,0.39009701652930406
PINHEIRO PRETO,2004,0.41875825785405113
PINHEIRO PRETO,2005,0.4483436790385583
PINHEIRO PRETO,2006,0.5626615917430531
PINHEIRO PRETO,2007,0.5565207445658409
PINHEIRO PRETO,2008,0.5183159862694604
PINHEIRO PRETO,2009,0.5507996129738291
PINHEIRO PRETO,2010,0.43526606077023366
PINHEIRO PRETO,2011,0.4056881331478357
PINHEIRO PRETO,2012,0.4203804632449992
PINHEIRO PRETO,2013,0.3942595969962316
PINHEIRO PRETO,2014,0.41052329784064506
PINHEIRO PRETO,2015,0.4129486102725452
PINHEIRO PRETO,2016,0.5388707234765171
PINHEIRO PRETO,2017,0.5750879000669966
PINHEIRO PRETO,2018,0.6070984754100299
PINHEIRO PRETO,2019,0.6580985567631286
PINHEIRO PRETO,2020,0.7329373799951999
PINHEIRO PRETO,2021,0.7106212106702783
PINHEIRO PRETO,2022,0.7334529449162572
PINHEIRO PRETO,2023,0.7608886504061649
PIRATUBA,2002,0.12192910289614595
PIRATUBA,2003,0.11484925968420334
PIRATUBA,2004,0.11616960752496006
PIRATUBA,2005,0.12430688016238083
PIRATUBA,2006,0.17459509608161056
PIRATUBA,2007,0.1990917851405004
PIRATUBA,2008,0.22860014576117
PIRATUBA,2009,0.23589931299642677
PIRATUBA,2010,0.18670303760484389
PIRATUBA,2011,0.15424822051105638
PIRATUBA,2012,0.1568333473766686
PIRATUBA,2013,0.15602145391457417
PIRATUBA,2014,0.1648496398767801
PIRATUBA,2015,0.13952359694632496
PIRATUBA,2016,0.16001811969678734
PIRATUBA,2017,0.14605174570707297
PIRATUBA,2018,0.15888449447901573
PIRATUBA,2019,0.1611261463019398
PIRATUBA,2020,0.18332822510367036
PIRATUBA,2021,0.16632995784273957
PIRATUBA,2022,0.16816958311831243
PIRATUBA,2023,0.15953367411566405
PLANALTO ALEGRE,2002,0.10091762796611407
PLANALTO ALEGRE,2003,0.13194124354448825
PLANALTO ALEGRE,2004,0.10328918543951716
PLANALTO ALEGRE,2005,0.11541091206683898
PLANALTO ALEGRE,2006,0.09712520562487334
PLANALTO ALEGRE,2007,0.09919133241696856
PLANALTO ALEGRE,2008,0.1270930793870242
PLANALTO ALEGRE,2009,0.16757423793531923
PLANALTO ALEGRE,2010,0.13969043647896404
PLANALTO ALEGRE,2011,0.11788336534707626
PLANALTO ALEGRE,2012,0.16458318452115483
PLANALTO ALEGRE,2013,0.10030904977562002
PLANALTO ALEGRE,2014,0.10191759406611682
PLANALTO ALEGRE,2015,0.11726901379917397
PLANALTO ALEGRE,2016,0.11969955395615586
PLANALTO ALEGRE,2017,0.11128946596970261
PLANALTO ALEGRE,2018,0.13027164937560842
PLANALTO ALEGRE,2019,0.1704211795316704
PLANALTO ALEGRE,2020,0.18245579489539449
PLANALTO ALEGRE,2021,0.18182715963305707
PLANALTO ALEGRE,2022,0.2177205260062995
PLANALTO ALEGRE,2023,0.21898793831970398
POMERODE,2002,0.5191994601332506
POMERODE,2003,0.4985878825531469
POMERODE,2004,0.5208942100517316
POMERODE,2005,0.4789181699597056
POMERODE,2006,0.6893694229246221
POMERODE,2007,0.6710190577284982
POMERODE,2008,0.6505178538055548
POMERODE,2009,0.6801774536209075
POMERODE,2010,0.5538380164978547
POMERODE,2011,0.43896033240572957
POMERODE,2012,0.492643418951521
POMERODE,2013,0.5046532068027889
POMERODE,2014,0.517795537368885
POMERODE,2015,0.48816694459248766
POMERODE,2016,0.6054998519396022
POMERODE,2017,0.6457523615233637
POMERODE,2018,0.6427087431087326
POMERODE,2019,0.6434495975512986
POMERODE,2020,0.6283905858779482
POMERODE,2021,0.6193644958974662
POMERODE,2022,0.6023018106832865
POMERODE,2023,0.5743906676218562
PONTE ALTA,2002,0.1337778916674251
PONTE ALTA,2003,0.10752608777424459
PONTE ALTA,2004,0.09441780878079553
PONTE ALTA,2005,0.09171330586129506
PONTE ALTA,2006,0.1223358151177125
PONTE ALTA,2007,0.13495883371248785
PONTE ALTA,2008,0.1291291451993823
PONTE ALTA,2009,0.13212065667733583
PONTE ALTA,2010,0.10668253645391021
PONTE ALTA,2011,0.09600393964797915
PONTE ALTA,2012,0.120179658381388
PONTE ALTA,2013,0.11874969683350195
PONTE ALTA,2014,0.12204234830757293
PONTE ALTA,2015,0.12064073458193075
PONTE ALTA,2016,0.14459271328497364
PONTE ALTA,2017,0.16384961965736672
PONTE ALTA,2018,0.13324523248591486
PONTE ALTA,2019,0.16945914481424246
PONTE ALTA,2020,0.1671622489184068
PONTE ALTA,2021,0.1934169184173582
PONTE ALTA,2022,0.1811635226527215
PONTE ALTA,2023,0.1958310483285131
PONTE ALTA DO NORTE,2002,0.25838066807865506
PONTE ALTA DO NORTE,2003,0.28610087326857997
PONTE ALTA DO NORTE,2004,0.3091549450489748
PONTE ALTA DO NORTE,2005,0.25616276355859546
PONTE ALTA DO NORTE,2006,0.3241362376512411
PONTE ALTA DO NORTE,2007,0.3434143242491585
PONTE ALTA DO NORTE,2008,0.3265595108063488
PONTE ALTA DO NORTE,2009,0.3237614164553805
PONTE ALTA DO NORTE,2010,0.27938838116455245
PONTE ALTA DO NORTE,2011,0.19511115906230186
PONTE ALTA DO NORTE,2012,0.22939919622125227
PONTE ALTA DO NORTE,2013,0.24458881841066188
PONTE ALTA DO NORTE,2014,0.25706307028438036
PONTE ALTA DO NORTE,2015,0.24950765784981543
PONTE ALTA DO NORTE,2016,0.28421501122823123
PONTE ALTA DO NORTE,2017,0.30642776466666544
PONTE ALTA DO NORTE,2018,0.32461392209061035
PONTE ALTA DO NORTE,2019,0.30360258642905946
PONTE ALTA DO NORTE,2020,0.37017511695662375
PONTE ALTA DO NORTE,2021,0.39410728147957386
PONTE ALTA DO NORTE,2022,0.38245426901444635
PONTE ALTA DO NORTE,2023,0.4300486645828578
PONTE SERRADA,2002,0.18064272591017871
PONTE SERRADA,2003,0.15238755262810358
PONTE SERRADA,2004,0.15508194677908538
PONTE SERRADA,2005,0.14852437325637
PONTE SERRADA,2006,0.16769790665855705
PONTE SERRADA,2007,0.18693686944810733
PONTE SERRADA,2008,0.17425577026394237
PONTE SERRADA,2009,0.16428526104466104
PONTE SERRADA,2010,0.15992026962811998
PONTE SERRADA,2011,0.14414018797471193
PONTE SERRADA,2012,0.1515235582268377
PONTE SERRADA,2013,0.13368885766769376
PONTE SERRADA,2014,0.16688156012238825
PONTE SERRADA,2015,0.15768869867453472
PONTE SERRADA,2016,0.17531894577625223
PONTE SERRADA,2017,0.18228474294022845
PONTE SERRADA,2018,0.14648839606368344
PONTE SERRADA,2019,0.150605999399082
PONTE SERRADA,2020,0.1788952210898194
PONTE SERRADA,2021,0.17085452714665747
PONTE SERRADA,2022,0.16142003988202192
PONTE SERRADA,2023,0.1643664216870853
PORTO BELO,2002,0.15115923641446566
PORTO BELO,2003,0.1499268922514387
PORTO BELO,2004,0.1384346052797312
PORTO BELO,2005,0.15209539949599332
PORTO BELO,2006,0.19806119947053402
PORTO BELO,2007,0.17982554201505424
PORTO BELO,2008,0.16931271819106541
PORTO BELO,2009,0.19450723619342694
PORTO BELO,2010,0.1753175875217609
PORTO BELO,2011,0.15317673956408237
PORTO BELO,2012,0.16342646575702224
PORTO BELO,2013,0.15775334871652297
PORTO BELO,2014,0.1609173415418151
PORTO BELO,2015,0.16012266142569248
PORTO BELO,2016,0.1602994167156996
PORTO BELO,2017,0.15262541156773424
PORTO BELO,2018,0.13075093634165286
PORTO BELO,2019,0.1370416711572291
PORTO BELO,2020,0.1576137968507551
PORTO BELO,2021,0.12906039538026065
PORTO BELO,2022,0.14222571863269523
PORTO BELO,2023,0.14212055398194867
PORTO UNIAO,2002,0.16334157148743353
PORTO UNIAO,2003,0.17096170943343053
PORTO UNIAO,2004,0.16822333503367368
PORTO UNIAO,2005,0.15028609065582024
PORTO UNIAO,2006,0.17965232418924548
PORTO UNIAO,2007,0.17939174092702936
PORTO UNIAO,2008,0.17305425594306206
PORTO UNIAO,2009,0.1766776082268586
PORTO UNIAO,2010,0.1484707658707609
PORTO UNIAO,2011,0.12579992022079728
PORTO UNIAO,2012,0.13520581522423797
PORTO UNIAO,2013,0.13751828797593282
PORTO UNIAO,2014,0.1524333745744468
PORTO UNIAO,2015,0.1440006928029726
PORTO UNIAO,2016,0.175277504219503
PORTO UNIAO,2017,0.17563257672425447
PORTO UNIAO,2018,0.17326922321609667
PORTO UNIAO,2019,0.1947308657870972
PORTO UNIAO,2020,0.20508423345106516
PORTO UNIAO,2021,0.1853494734124223
PORTO UNIAO,2022,0.19597895014293013
PORTO UNIAO,2023,0.19948969436962294
POUSO REDONDO,2002,0.28815216715637604
POUSO REDONDO,2003,0.28503681870379405
POUSO REDONDO,2004,0.3197944995381248
POUSO REDONDO,2005,0.3188633831205831
POUSO REDONDO,2006,0.4176907894700759
POUSO REDONDO,2007,0.3986585467187356
POUSO REDONDO,2008,0.3519248647633587
POUSO REDONDO,2009,0.36451729458420545
POUSO REDONDO,2010,0.34439148555532334
POUSO REDONDO,2011,0.31402028190375464
POUSO REDONDO,2012,0.33652719114456403
POUSO REDONDO,2013,0.36125098366859143
POUSO REDONDO,2014,0.3654995529299759
POUSO REDONDO,2015,0.3413808222345557
POUSO REDONDO,2016,0.4043547030535911
POUSO REDONDO,2017,0.4195727697016781
POUSO REDONDO,2018,0.4215889031776239
POUSO REDONDO,2019,0.4459627268185491
POUSO REDONDO,2020,0.4607866950077555
POUSO REDONDO,2021,0.4594822211259397
POUSO REDONDO,2022,0.44778704730921753
POUSO REDONDO,2023,0.4339627755701084
PRAIA GRANDE,2002,0.23379956626420378
PRAIA GRANDE,2003,0.2140861332205672
PRAIA GRANDE,2004,0.24128432562162747
PRAIA GRANDE,2005,0.23931620057725222
PRAIA GRANDE,2006,0.2805428022576908
PRAIA GRANDE,2007,0.29855339304002826
PRAIA GRANDE,2008,0.2789619261675692
PRAIA GRANDE,2009,0.3093038244231453
PRAIA GRANDE,2010,0.23371163653317284
PRAIA GRANDE,2011,0.22441469333030167
PRAIA GRANDE,2012,0.23528189552594603
PRAIA GRANDE,2013,0.24701597633511954
PRAIA GRANDE,2014,0.2712731769643786
PRAIA GRANDE,2015,0.2596494270852297
PRAIA GRANDE,2016,0.2704409809056053
PRAIA GRANDE,2017,0.2673484758636121
PRAIA GRANDE,2018,0.24458035082983137
PRAIA GRANDE,2019,0.2558250841614241
PRAIA GRANDE,2020,0.27077201548682717
PRAIA GRANDE,2021,0.28025367516473276
PRAIA GRANDE,2022,0.2728461933025005
PRAIA GRANDE,2023,0.23883000878062963
PRESIDENTE CASTELLO BRANCO,2002,0.0
PRESIDENTE CASTELLO BRANCO,2003,0.03378351736087079
PRESIDENTE CASTELLO BRANCO,2004,0.01779053585073863
PRESIDENTE CASTELLO BRANCO,2005,0.0528966477663546
PRESIDENTE CASTELLO BRANCO,2006,0.07351849074462909
PRESIDENTE CASTELLO BRANCO,2007,0.053152417092052956
PRESIDENTE CASTELLO BRANCO,2008,0.034635681205126924
PRESIDENTE CASTELLO BRANCO,2009,0.03601438799200021
PRESIDENTE CASTELLO BRANCO,2010,0.03371244491677299
PRESIDENTE CASTELLO BRANCO,2011,0.029696344296771746
PRESIDENTE CASTELLO BRANCO,2012,0.04854618285689346
PRESIDENTE CASTELLO BRANCO,2013,0.04280832139626435
PRESIDENTE CASTELLO BRANCO,2014,0.05689783400653256
PRESIDENTE CASTELLO BRANCO,2015,0.06892032198814978
PRESIDENTE CASTELLO BRANCO,2016,0.07246741307066766
PRESIDENTE CASTELLO BRANCO,2017,0.0831647309934878
PRESIDENTE CASTELLO BRANCO,2018,0.08108388532915033
PRESIDENTE CASTELLO BRANCO,2019,0.07651494892575267
PRESIDENTE CASTELLO BRANCO,2020,0.07387924514030708
PRESIDENTE CASTELLO BRANCO,2021,0.0440571223053592
PRESIDENTE CASTELLO BRANCO,2022,0.05720986517779251
PRESIDENTE CASTELLO BRANCO,2023,0.015202074975650444
PRESIDENTE GETULIO,2002,0.3806080081885242
PRESIDENTE GETULIO,2003,0.40192365656398743
PRESIDENTE GETULIO,2004,0.40325986805348923
PRESIDENTE GETULIO,2005,0.4139703476834634
PRESIDENTE GETULIO,2006,0.5473724150891582
PRESIDENTE GETULIO,2007,0.5717120540762126
PRESIDENTE GETULIO,2008,0.5610006670139517
PRESIDENTE GETULIO,2009,0.6129480773123047
PRESIDENTE GETULIO,2010,0.5352748450081586
PRESIDENTE GETULIO,2011,0.43276117370223444
PRESIDENTE GETULIO,2012,0.47619262052597
PRESIDENTE GETULIO,2013,0.48126520770037595
PRESIDENTE GETULIO,2014,0.5213770335906298
PRESIDENTE GETULIO,2015,0.5191920175726914
PRESIDENTE GETULIO,2016,0.6321815504540642
PRESIDENTE GETULIO,2017,0.6239591350442777
PRESIDENTE GETULIO,2018,0.6146505505596842
PRESIDENTE GETULIO,2019,0.6341206861093645
PRESIDENTE GETULIO,2020,0.6379429600563786
PRESIDENTE GETULIO,2021,0.6346718653557787
PRESIDENTE GETULIO,2022,0.6209497472327197
PRESIDENTE GETULIO,2023,0.6338847250763441
PRESIDENTE NEREU,2002,0.05787837313749504
PRESIDENTE NEREU,2003,0.060853871757976755
PRESIDENTE NEREU,2004,0.07802021441967691
PRESIDENTE NEREU,2005,0.07596887751199186
PRESIDENTE NEREU,2006,0.04784891504453903
PRESIDENTE NEREU,2007,0.044652323259935914
PRESIDENTE NEREU,2008,0.09131507895703217
PRESIDENTE NEREU,2009,0.10469255004544216
PRESIDENTE NEREU,2010,0.08287908916040626
PRESIDENTE NEREU,2011,0.08830223462776865
PRESIDENTE NEREU,2012,0.09348228264935053
PRESIDENTE NEREU,2013,0.10242829546796933
PRESIDENTE NEREU,2014,0.14365979028160403
PRESIDENTE NEREU,2015,0.1300573408413934
PRESIDENTE NEREU,2016,0.115802948488432
PRESIDENTE NEREU,2017,0.11336661667246184
PRESIDENTE NEREU,2018,0.1413918230671969
PRESIDENTE NEREU,2019,0.13675110227262927
PRESIDENTE NEREU,2020,0.11732631082747118
PRESIDENTE NEREU,2021,0.1472697338721286
PRESIDENTE NEREU,2022,0.19355582800300677
PRESIDENTE NEREU,2023,0.19637195751229325
PRINCESA,2002,0.11363490340261434
PRINCESA,2003,0.13769899972588923
PRINCESA,2004,0.13857284347371968
PRINCESA,2005,0.1131324280132999
PRINCESA,2006,0.11594307020628224
PRINCESA,2007,0.1372633976820238
PRINCESA,2008,0.17094535596760657
PRINCESA,2009,0.19439714561742677
PRINCESA,2010,0.19611762288702572
PRINCESA,2011,0.20000823841578658
PRINCESA,2012,0.25255344128759694
PRINCESA,2013,0.20793582644881708
PRINCESA,2014,0.21351350923873946
PRINCESA,2015,0.16343879782387633
PRINCESA,2016,0.25103247992237643
PRINCESA,2017,0.24386273397390654
PRINCESA,2018,0.272488576812842
PRINCESA,2019,0.24836624897959853
PRINCESA,2020,0.26766232047051824
PRINCESA,2021,0.2955610086107284
PRINCESA,2022,0.29486604570213265
PRINCESA,2023,0.2701662700568786
QUILOMBO,2002,0.18042496901080252
QUILOMBO,2003,0.18474429241018098
QUILOMBO,2004,0.18385401367282916
QUILOMBO,2005,0.18238753909028826
QUILOMBO,2006,0.2594508677622941
QUILOMBO,2007,0.24817176267988306
QUILOMBO,2008,0.2338343357163727
QUILOMBO,2009,0.23776689051664168
QUILOMBO,2010,0.19090248916776692
QUILOMBO,2011,0.15948163610694777
QUILOMBO,2012,0.17530991065684784
QUILOMBO,2013,0.20085101498321867
QUILOMBO,2014,0.22864748095842605
QUILOMBO,2015,0.22677198136126475
QUILOMBO,2016,0.2799741162270013
QUILOMBO,2017,0.2961637732113327
QUILOMBO,2018,0.2820183947683755
QUILOMBO,2019,0.3024485502593129
QUILOMBO,2020,0.34959362870062405
QUILOMBO,2021,0.32360518663755006
QUILOMBO,2022,0.2864086022217663
QUILOMBO,2023,0.29627259402503175
RANCHO QUEIMADO,2002,0.15625113345895222
RANCHO QUEIMADO,2003,0.14696970646766105
RANCHO QUEIMADO,2004,0.13363440471784474
RANCHO QUEIMADO,2005,0.15497522629258448
RANCHO QUEIMADO,2006,0.11480626335537614
RANCHO QUEIMADO,2007,0.1483521225729438
RANCHO QUEIMADO,2008,0.131272294619274
RANCHO QUEIMADO,2009,0.12849346597929906
RANCHO QUEIMADO,2010,0.13565967404187426
RANCHO QUEIMADO,2011,0.1052361734855552
RANCHO QUEIMADO,2012,0.10950943394684928
RANCHO QUEIMADO,2013,0.10425768132293528
RANCHO QUEIMADO,2014,0.11176300270379597
RANCHO QUEIMADO,2015,0.09690733425108057
RANCHO QUEIMADO,2016,0.12618017371354545
RANCHO QUEIMADO,2017,0.13780289149690272
RANCHO QUEIMADO,2018,0.11734211595896135
RANCHO QUEIMADO,2019,0.1517612572813327
RANCHO QUEIMADO,2020,0.15922836827279702
RANCHO QUEIMADO,2021,0.11686501763231757
RANCHO QUEIMADO,2022,0.24984973162610505
RANCHO QUEIMADO,2023,0.22349911351013962
RIO DAS ANTAS,2002,0.1469684635889302
RIO DAS ANTAS,2003,0.1561072430852969
RIO DAS ANTAS,2004,0.1709514078389812
RIO DAS ANTAS,2005,0.17116319431399918
RIO DAS ANTAS,2006,0.20959671724265377
RIO DAS ANTAS,2007,0.20784674329195807
RIO DAS ANTAS,2008,0.21044681726709005
RIO DAS ANTAS,2009,0.21513595232341676
RIO DAS ANTAS,2010,0.17413694003822916
RIO DAS ANTAS,2011,0.1454121675174253
RIO DAS ANTAS,2012,0.17452960017467734
RIO DAS ANTAS,2013,0.1705680042710258
RIO DAS ANTAS,2014,0.17793865127916175
RIO DAS ANTAS,2015,0.16301914559635072
RIO DAS ANTAS,2016,0.1774351068584723
RIO DAS ANTAS,2017,0.19569236621461414
RIO DAS ANTAS,2018,0.20190424565673698
RIO DAS ANTAS,2019,0.19766679797358266
RIO DAS ANTAS,2020,0.25088121319174833
RIO DAS ANTAS,2021,0.23028576322283612
RIO DAS ANTAS,2022,0.24872559135181516
RIO DAS ANTAS,2023,0.28360201387754685
RIO DO CAMPO,2002,0.1495170728779188
RIO DO CAMPO,2003,0.14524243229496686
RIO DO CAMPO,2004,0.1583319023629444
RIO DO CAMPO,2005,0.160837063312226
RIO DO CAMPO,2006,0.23465681395567617
RIO DO CAMPO,2007,0.21942423644196157
RIO DO CAMPO,2008,0.19202194285474217
RIO DO CAMPO,2009,0.2110930504805562
RIO DO CAMPO,2010,0.21234003022560866
RIO DO CAMPO,2011,0.17765712744841514
RIO DO CAMPO,2012,0.22859472558553268
RIO DO CAMPO,2013,0.36713648561493584
RIO DO CAMPO,2014,0.25001364629320694
RIO DO CAMPO,2015,0.26067779965186305
RIO DO CAMPO,2016,0.2778312642154255
RIO DO CAMPO,2017,0.2612934825958229
RIO DO CAMPO,2018,0.23881657635108675
RIO DO CAMPO,2019,0.274621685684619
RIO DO CAMPO,2020,0.2764444332194384
RIO DO CAMPO,2021,0.2554194365596524
RIO DO CAMPO,2022,0.2569799410903276
RIO DO CAMPO,2023,0.265946191629038
RIO DO OESTE,2002,0.337863148648982
RIO DO OESTE,2003,0.3582430570716322
RIO DO OESTE,2004,0.3356399597488046
RIO DO OESTE,2005,0.35342284929441464
RIO DO OESTE,2006,0.38476485077469236
RIO DO OESTE,2007,0.3432730842707732
RIO DO OESTE,2008,0.30705960123995574
RIO DO OESTE,2009,0.36789167395329514
RIO DO OESTE,2010,0.3472395069174884
RIO DO OESTE,2011,0.2960568200617284
RIO DO OESTE,2012,0.300191195546253
RIO DO OESTE,2013,0.32043256197474207
RIO DO OESTE,2014,0.335442781960763
RIO DO OESTE,2015,0.3164074037265735
RIO DO OESTE,2016,0.34349634727237205
RIO DO OESTE,2017,0.34003385115051665
RIO DO OESTE,2018,0.336385024841417
RIO DO OESTE,2019,0.3717840175768053
RIO DO OESTE,2020,0.3499610138906375
RIO DO OESTE,2021,0.3686752384570009
RIO DO OESTE,2022,0.360984471181642
RIO DO OESTE,2023,0.3555431368310188
RIO DO SUL,2002,0.35453006429913664
RIO DO SUL,2003,0.36763310066727994
RIO DO SUL,2004,0.38167112896987354
RIO DO SUL,2005,0.378571284739345
RIO DO SUL,2006,0.45714723063927903
RIO DO SUL,2007,0.43964596350049867
RIO DO SUL,2008,0.41074478386801194
RIO DO SUL,2009,0.42209803313753624
RIO DO SUL,2010,0.36676041939176085
RIO DO SUL,2011,0.3075079362456999
RIO DO SUL,2012,0.3260213930388546
RIO DO SUL,2013,0.331433136434702
RIO DO SUL,2014,0.32859410423915614
RIO DO SUL,2015,0.3062818160424163
RIO DO SUL,2016,0.35731696011681324
RIO DO SUL,2017,0.363609614435473
RIO DO SUL,2018,0.3540057285142033
RIO DO SUL,2019,0.36966657200468367
RIO DO SUL,2020,0.3880271840527527
RIO DO SUL,2021,0.38297540816685327
RIO DO SUL,2022,0.36716494439886643
RIO DO SUL,2023,0.35225705617168157
RIO DOS CEDROS,2002,0.5354282819933747
RIO DOS CEDROS,2003,0.5528608860879123
RIO DOS CEDROS,2004,0.5469192742690347
RIO DOS CEDROS,2005,0.5121402923002392
RIO DOS CEDROS,2006,0.6895438870409671
RIO DOS CEDROS,2007,0.6628213068596054
RIO DOS CEDROS,2008,0.5945117609022939
RIO DOS CEDROS,2009,0.587163952625706
RIO DOS CEDROS,2010,0.461011579316704
RIO DOS CEDROS,2011,0.366849594222192
RIO DOS CEDROS,2012,0.3813547082628559
RIO DOS CEDROS,2013,0.41963027328501434
RIO DOS CEDROS,2014,0.4658733036841525
RIO DOS CEDROS,2015,0.45683104583097145
RIO DOS CEDROS,2016,0.5294062475699597
RIO DOS CEDROS,2017,0.5260878929002977
RIO DOS CEDROS,2018,0.5366853049574423
RIO DOS CEDROS,2019,0.596278184769472
RIO DOS CEDROS,2020,0.6072277975085634
RIO DOS CEDROS,2021,0.6130204105234522
RIO DOS CEDROS,2022,0.6013343873877961
RIO DOS CEDROS,2023,0.5793348830404288
RIO FORTUNA,2002,0.18588929732817525
RIO FORTUNA,2003,0.24490842662721096
RIO FORTUNA,2004,0.2484524943270497
RIO FORTUNA,2005,0.2404977420963081
RIO FORTUNA,2006,0.3454969299708224
RIO FORTUNA,2007,0.3185492580325177
RIO FORTUNA,2008,0.30293985388436045
RIO FORTUNA,2009,0.34739895878663785
RIO FORTUNA,2010,0.3114172795037636
RIO FORTUNA,2011,0.2753230432608322
RIO FORTUNA,2012,0.32754660624683785
RIO FORTUNA,2013,0.32602465441495015
RIO FORTUNA,2014,0.3268359431400613
RIO FORTUNA,2015,0.3134171434247563
RIO FORTUNA,2016,0.33338825129976324
RIO FORTUNA,2017,0.3368098604661238
RIO FORTUNA,2018,0.3093251057245265
RIO FORTUNA,2019,0.32627437638309176
RIO FORTUNA,2020,0.34852220580228666
RIO FORTUNA,2021,0.32121233154098455
RIO FORTUNA,2022,0.34547645177999003
RIO FORTUNA,2023,0.35958237114098324
RIO NEGRINHO,2002,0.35685472066906637
RIO NEGRINHO,2003,0.3733597297065079
RIO NEGRINHO,2004,0.3905680481103616
RIO NEGRINHO,2005,0.377730675953897
RIO NEGRINHO,2006,0.5176053430354295
RIO NEGRINHO,2007,0.45704061350325653
RIO NEGRINHO,2008,0.395567751859059
RIO NEGRINHO,2009,0.38776687399165455
RIO NEGRINHO,2010,0.29131358900705634
RIO NEGRINHO,2011,0.24967030717372699
RIO NEGRINHO,2012,0.2657268032975554
RIO NEGRINHO,2013,0.2713612035431711
RIO NEGRINHO,2014,0.28758055971673413
RIO NEGRINHO,2015,0.28132023458832517
RIO NEGRINHO,2016,0.34080719600459186
RIO NEGRINHO,2017,0.3529105633421029
RIO NEGRINHO,2018,0.3725774218212664
RIO NEGRINHO,2019,0.39788438169657414
RIO NEGRINHO,2020,0.39840808341989786
RIO NEGRINHO,2021,0.40392071825423853
RIO NEGRINHO,2022,0.3772147650483393
RIO NEGRINHO,2023,0.36853796428332813
RIO RUFINO,2002,0.017163194188348357
RIO RUFINO,2003,0.03136287556665768
RIO RUFINO,2004,0.03124748855701034
RIO RUFINO,2005,0.029508804604173825
RIO RUFINO,2006,0.030674826908955892
RIO RUFINO,2007,0.015698009950603414
RIO RUFINO,2008,0.015029950374834579
RIO RUFINO,2009,0.014833647942857549
RIO RUFINO,2010,0.057838629104069145
RIO RUFINO,2011,0.048061495810856586
RIO RUFINO,2012,0.04442073303443497
RIO RUFINO,2013,0.04916254218548299
RIO RUFINO,2014,0.05390092250789739
RIO RUFINO,2015,0.050034066733955586
RIO RUFINO,2016,0.06244795141717517
RIO RUFINO,2017,0.08562946453933043
RIO RUFINO,2018,0.08950557594132437
RIO RUFINO,2019,0.12418330000642805
RIO RUFINO,2020,0.13029769620158638
RIO RUFINO,2021,0.11352290922889291
RIO RUFINO,2022,0.12007725240139974
RIO RUFINO,2023,0.10050413454226143
RIQUEZA,2002,0.1332801699424436
RIQUEZA,2003,0.11694473844575023
RIQUEZA,2004,0.1348288976811247
RIQUEZA,2005,0.12542199356789482
RIQUEZA,2006,0.16346078552745674
RIQUEZA,2007,0.1464408227070733
RIQUEZA,2008,0.15070029098564852
RIQUEZA,2009,0.14040602381355935
RIQUEZA,2010,0.13712443639713734
RIQUEZA,2011,0.1508514435369585
RIQUEZA,2012,0.1800584826066417
RIQUEZA,2013,0.15406637257671407
RIQUEZA,2014,0.1615832796034386
RIQUEZA,2015,0.16629642112497708
RIQUEZA,2016,0.18439899276802554
RIQUEZA,2017,0.18128305262434893
RIQUEZA,2018,0.19298917847929375
RIQUEZA,2019,0.2023028548536262
RIQUEZA,2020,0.23021097651912215
RIQUEZA,2021,0.2237952534691538
RIQUEZA,2022,0.20628246419327373
RIQUEZA,2023,0.21291913321444614
RODEIO,2002,0.7198821273284399
RODEIO,2003,0.712820769108873
RODEIO,2004,0.6659533027244592
RODEIO,2005,0.5802453861132153
RODEIO,2006,0.7200034803564055
RODEIO,2007,0.6831509505581532
RODEIO,2008,0.6923801531107974
RODEIO,2009,0.7729264026846245
RODEIO,2010,0.6502760269864476
RODEIO,2011,0.5681235713537658
RODEIO,2012,0.6010702609639973
RODEIO,2013,0.5782796550400283
RODEIO,2014,0.5861764221062715
RODEIO,2015,0.5553556574155709
RODEIO,2016,0.5897221979547825
RODEIO,2017,0.5541116164903621
RODEIO,2018,0.5134575538213817
RODEIO,2019,0.5168109576354166
RODEIO,2020,0.4878011894673653
RODEIO,2021,0.49862113683295134
RODEIO,2022,0.5112328058151715
RODEIO,2023,0.49407837449457104
ROMELANDIA,2002,0.054543049462781594
ROMELANDIA,2003,0.05861798369200092
ROMELANDIA,2004,0.04346898685394409
ROMELANDIA,2005,0.030981790181370965
ROMELANDIA,2006,0.05159169686886657
ROMELANDIA,2007,0.03777136261480301
ROMELANDIA,2008,0.046143547273108085
ROMELANDIA,2009,0.0475009864552367
ROMELANDIA,2010,0.0528531059323285
ROMELANDIA,2011,0.049105349728692994
ROMELANDIA,2012,0.042692821498038415
ROMELANDIA,2013,0.03458899508413887
ROMELANDIA,2014,0.036542087644378725
ROMELANDIA,2015,0.035474661745287635
ROMELANDIA,2016,0.04554204584378986
ROMELANDIA,2017,0.06272280741917804
ROMELANDIA,2018,0.03031801768177528
ROMELANDIA,2019,0.0360698763540325
ROMELANDIA,2020,0.052392275020873416
ROMELANDIA,2021,0.03839724350470407
ROMELANDIA,2022,0.029842127446883502
ROMELANDIA,2023,0.028979346962142858
SALETE,2002,0.3608647245892071
SALETE,2003,0.3573493862031304
SALETE,2004,0.43451801465555495
SALETE,2005,0.3976420174422934
SALETE,2006,0.5299534205807026
SALETE,2007,0.489147900249966
SALETE,2008,0.47141699193540165
SALETE,2009,0.4558981815680591
SALETE,2010,0.41530193897090756
SALETE,2011,0.35773150181570723
SALETE,2012,0.3996356602865965
SALETE,2013,0.4105852749177475
SALETE,2014,0.4428437384654779
SALETE,2015,0.4455590552679986
SALETE,2016,0.5119264919497097
SALETE,2017,0.4967401680579959
SALETE,2018,0.49871045651778434
SALETE,2019,0.5048066461528611
SALETE,2020,0.4933262171834636
SALETE,2021,0.530609605179887
SALETE,2022,0.4785589427779648
SALETE,2023,0.4925766859653007
SALTINHO,2002,0.007869247914879012
SALTINHO,2003,0.016336736277701942
SALTINHO,2004,0.016569755502226707
SALTINHO,2005,0.0
SALTINHO,2006,0.0
SALTINHO,2007,0.008192692772234387
SALTINHO,2008,0.02550672271411468
SALTINHO,2009,0.04111642496016896
SALTINHO,2010,0.0367110380176
SALTINHO,2011,0.045162963775623656
SALTINHO,2012,0.05294836077248407
SALTINHO,2013,0.06219957990858932
SALTINHO,2014,0.06870425542973017
SALTINHO,2015,0.061627916514693744
SALTINHO,2016,0.09775184095463353
SALTINHO,2017,0.12003489309344673
SALTINHO,2018,0.1121224558674225
SALTINHO,2019,0.13319677699953744
SALTINHO,2020,0.17236992867897888
SALTINHO,2021,0.18107464962517322
SALTINHO,2022,0.16011456526404
SALTINHO,2023,0.16213040466092865
SALTO VELOSO,2002,0.3724183973330423
SALTO VELOSO,2003,0.3777040972397181
SALTO VELOSO,2004,0.397280257633819
SALTO VELOSO,2005,0.36147276064239164
SALTO VELOSO,2006,0.4331383157098729
SALTO VELOSO,2007,0.41451701379693695
SALTO VELOSO,2008,0.36541628221222155
SALTO VELOSO,2009,0.393823413589822
SALTO VELOSO,2010,0.2957830356153015
SALTO VELOSO,2011,0.24899315097238167
SALTO VELOSO,2012,0.28389430418255723
SALTO VELOSO,2013,0.2818233125838009
SALTO VELOSO,2014,0.32991483933515
SALTO VELOSO,2015,0.28210784797766764
SALTO VELOSO,2016,0.37329397068795445
SALTO VELOSO,2017,0.4155764404836526
SALTO VELOSO,2018,0.4481768557853135
SALTO VELOSO,2019,0.47569944402755615
SALTO VELOSO,2020,0.5085527511039872
SALTO VELOSO,2021,0.521367341859628
SALTO VELOSO,2022,0.502619057315203
SALTO VELOSO,2023,0.5218220955683356
SANGAO,2002,0.6975603125681681
SANGAO,2003,0.6769541877038769
SANGAO,2004,0.6739985995499079
SANGAO,2005,0.6506483063658127
SANGAO,2006,0.8100466931526711
SANGAO,2007,0.7812900162588747
SANGAO,2008,0.7736718559813565
SANGAO,2009,0.8313389237361276
SANGAO,2010,0.687841681017987
SANGAO,2011,0.567898256798677
SANGAO,2012,0.5898178132433766
SANGAO,2013,0.586081197306646
SANGAO,2014,0.5966383807781033
SANGAO,2015,0.5541094290423882
SANGAO,2016,0.6048873023022568
SANGAO,2017,0.5725987397541494
SANGAO,2018,0.5774089173232837
SANGAO,2019,0.5777157674748787
SANGAO,2020,0.5692829141517485
SANGAO,2021,0.598730249610991
SANGAO,2022,0.6083482558740718
SANGAO,2023,0.5969648741201099
SANTA CECILIA,2002,0.21698911934009302
SANTA CECILIA,2003,0.22511245388739515
SANTA CECILIA,2004,0.229103548539319
SANTA CECILIA,2005,0.19454111175518785
SANTA CECILIA,2006,0.2182072671606463
SANTA CECILIA,2007,0.20634937662655167
SANTA CECILIA,2008,0.2664059982804984
SANTA CECILIA,2009,0.2627776167510566
SANTA CECILIA,2010,0.22404872658779568
SANTA CECILIA,2011,0.17396220350407376
SANTA CECILIA,2012,0.17888252130550242
SANTA CECILIA,2013,0.19869392880107256
SANTA CECILIA,2014,0.21445415208268004
SANTA CECILIA,2015,0.21543614994342047
SANTA CECILIA,2016,0.27829780481668387
SANTA CECILIA,2017,0.23579713428790092
SANTA CECILIA,2018,0.2393869129490777
SANTA CECILIA,2019,0.25681035912242245
SANTA CECILIA,2020,0.2629123053719522
SANTA CECILIA,2021,0.2597392631422934
SANTA CECILIA,2022,0.24414176920294534
SANTA CECILIA,2023,0.2736882429985891
SANTA HELENA,2002,0.08777315669675996
SANTA HELENA,2003,0.0841180073325978
SANTA HELENA,2004,0.11410926324831148
SANTA HELENA,2005,0.11376668303481627
SANTA HELENA,2006,0.1496607224856642
SANTA HELENA,2007,0.1405426976939348
SANTA HELENA,2008,0.16740478481174995
SANTA HELENA,2009,0.15665424485783083
SANTA HELENA,2010,0.10767625915373788
SANTA HELENA,2011,0.10843619528278607
SANTA HELENA,2012,0.11308785299031959
SANTA HELENA,2013,0.11628872764320553
SANTA HELENA,2014,0.1296489194081002
SANTA HELENA,2015,0.13629964255360963
SANTA HELENA,2016,0.18928569101117737
SANTA HELENA,2017,0.21030558571292962
SANTA HELENA,2018,0.2039178855527224
SANTA HELENA,2019,0.21276818407544087
SANTA HELENA,2020,0.24269603268448653
SANTA HELENA,2021,0.27780550487472444
SANTA HELENA,2022,0.32922113483463517
SANTA HELENA,2023,0.28783215545831553
SANTA ROSA DE LIMA,2002,0.15737741531610422
SANTA ROSA DE LIMA,2003,0.2126119815643752
SANTA ROSA DE LIMA,2004,0.25066482229147197
SANTA ROSA DE LIMA,2005,0.24159496083771984
SANTA ROSA DE LIMA,2006,0.26141249545883444
SANTA ROSA DE LIMA,2007,0.24687053427903516
SANTA ROSA DE LIMA,2008,0.23808666394001568
SANTA ROSA DE LIMA,2009,0.18794344371829588
SANTA ROSA DE LIMA,2010,0.16812524736391035
SANTA ROSA DE LIMA,2011,0.19096390591335835
SANTA ROSA DE LIMA,2012,0.20940446614019437
SANTA ROSA DE LIMA,2013,0.1930683676858528
SANTA ROSA DE LIMA,2014,0.20572484213636363
SANTA ROSA DE LIMA,2015,0.2203059362456538
SANTA ROSA DE LIMA,2016,0.27695877700292004
SANTA ROSA DE LIMA,2017,0.31016359899685836
SANTA ROSA DE LIMA,2018,0.3798165343813728
SANTA ROSA DE LIMA,2019,0.41235321816253745
SANTA ROSA DE LIMA,2020,0.40573962722603274
SANTA ROSA DE LIMA,2021,0.45340728204569625
SANTA ROSA DE LIMA,2022,0.4493766199503753
SANTA ROSA DE LIMA,2023,0.4253288833867619
SANTA ROSA DO SUL,2002,0.10040594410342046
SANTA ROSA DO SUL,2003,0.09976558563387622
SANTA ROSA DO SUL,2004,0.08413675496772162
SANTA ROSA DO SUL,2005,0.09034919979750203
SANTA ROSA DO SUL,2006,0.1219634090444823
SANTA ROSA DO SUL,2007,0.14110306826868454
SANTA ROSA DO SUL,2008,0.14398973438281737
SANTA ROSA DO SUL,2009,0.14533426938420485
SANTA ROSA DO SUL,2010,0.14560873917911837
SANTA ROSA DO SUL,2011,0.12800723378129839
SANTA ROSA DO SUL,2012,0.13320183643358371
SANTA ROSA DO SUL,2013,0.15082864614889768
SANTA ROSA DO SUL,2014,0.1461835097627395
SANTA ROSA DO SUL,2015,0.13664472561538074
SANTA ROSA DO SUL,2016,0.14598367593557587
SANTA ROSA DO SUL,2017,0.14216591344008236
SANTA ROSA DO SUL,2018,0.11528539970830329
SANTA ROSA DO SUL,2019,0.11821667316431672
SANTA ROSA DO SUL,2020,0.11582799501337052
SANTA ROSA DO SUL,2021,0.09301990563957217
SANTA ROSA DO SUL,2022,0.12258093320795263
SANTA ROSA DO SUL,2023,0.1334410623113272
SANTA TEREZINHA,2002,0.03215624873624743
SANTA TEREZINHA,2003,0.03297757818456002
SANTA TEREZINHA,2004,0.0421992176885832
SANTA TEREZINHA,2005,0.045487986494062146
SANTA TEREZINHA,2006,0.05169185183245124
SANTA TEREZINHA,2007,0.0539225902643545
SANTA TEREZINHA,2008,0.0669579875655986
SANTA TEREZINHA,2009,0.06869963375459612
SANTA TEREZINHA,2010,0.05417871200958655
SANTA TEREZINHA,2011,0.04459107275185069
SANTA TEREZINHA,2012,0.053745064815504985
SANTA TEREZINHA,2013,0.06131370421047971
SANTA TEREZINHA,2014,0.0785476444242192
SANTA TEREZINHA,2015,0.07627430821165243
SANTA TEREZINHA,2016,0.09161713033383236
SANTA TEREZINHA,2017,0.08793765006410223
SANTA TEREZINHA,2018,0.0904688603416432
SANTA TEREZINHA,2019,0.11142815539959955
SANTA TEREZINHA,2020,0.12263409874643759
SANTA TEREZINHA,2021,0.10791945692252068
SANTA TEREZINHA,2022,0.10968236913394841
SANTA TEREZINHA,2023,0.10492599615834153
SANTA TEREZINHA DO PROGRESSO,2002,0.009741745668519123
SANTA TEREZINHA DO PROGRESSO,2003,0.0
SANTA TEREZINHA DO PROGRESSO,2004,0.0
SANTA TEREZINHA DO PROGRESSO,2005,0.0
SANTA TEREZINHA DO PROGRESSO,2006,0.01306284306488973
SANTA TEREZINHA DO PROGRESSO,2007,0.010904173430567925
SANTA TEREZINHA DO PROGRESSO,2008,0.010268609051370451
SANTA TEREZINHA DO PROGRESSO,2009,0.021604967830343408
SANTA TEREZINHA DO PROGRESSO,2010,0.020683403509516234
SANTA TEREZINHA DO PROGRESSO,2011,0.03612153351128856
SANTA TEREZINHA DO PROGRESSO,2012,0.051827033527267
SANTA TEREZINHA DO PROGRESSO,2013,0.03246743973196747
SANTA TEREZINHA DO PROGRESSO,2014,0.0358728078241841
SANTA TEREZINHA DO PROGRESSO,2015,0.034106483404300184
SANTA TEREZINHA DO PROGRESSO,2016,0.030097028921806657
SANTA TEREZINHA DO PROGRESSO,2017,0.03102966306379041
SANTA TEREZINHA DO PROGRESSO,2018,0.03439089491894752
SANTA TEREZINHA DO PROGRESSO,2019,0.03862057731500053
SANTA TEREZINHA DO PROGRESSO,2020,0.05110934086831019
SANTA TEREZINHA DO PROGRESSO,2021,0.05268960288083783
SANTA TEREZINHA DO PROGRESSO,2022,0.06480546180919786
SANTA TEREZINHA DO PROGRESSO,2023,0.05377176335834873
SANTIAGO DO SUL,2002,0.0
SANTIAGO DO SUL,2003,0.0
SANTIAGO DO SUL,2004,0.0
SANTIAGO DO SUL,2005,0.02118706507547708
SANTIAGO DO SUL,2006,0.03541510375943027
SANTIAGO DO SUL,2007,0.03910198896014974
SANTIAGO DO SUL,2008,0.05520609779122621
SANTIAGO DO SUL,2009,0.06486567188673906
SANTIAGO DO SUL,2010,0.056968545510071446
SANTIAGO DO SUL,2011,0.050740315316522046
SANTIAGO DO SUL,2012,0.054061204038591076
SANTIAGO DO SUL,2013,0.06881030223200922
SANTIAGO DO SUL,2014,0.07115310751243535
SANTIAGO DO SUL,2015,0.07008767276920036
SANTIAGO DO SUL,2016,0.07593169719967442
SANTIAGO DO SUL,2017,0.06419360696091223
SANTIAGO DO SUL,2018,0.08772728766380974
SANTIAGO DO SUL,2019,0.1122317225865781
SANTIAGO DO SUL,2020,0.1529909583729028
SANTIAGO DO SUL,2021,0.13436207861768212
SANTIAGO DO SUL,2022,0.12650217856351
SANTIAGO DO SUL,2023,0.14182632427788494
SANTO AMARO DA IMPERATRIZ,2002,0.14511382913813411
SANTO AMARO DA IMPERATRIZ,2003,0.16426264865361626
SANTO AMARO DA IMPERATRIZ,2004,0.17439004681183223
SANTO AMARO DA IMPERATRIZ,2005,0.174000926777772
SANTO AMARO DA IMPERATRIZ,2006,0.1976307009727831
SANTO AMARO DA IMPERATRIZ,2007,0.190509729570184
SANTO AMARO DA IMPERATRIZ,2008,0.1814368505212282
SANTO AMARO DA IMPERATRIZ,2009,0.19696278641614545
SANTO AMARO DA IMPERATRIZ,2010,0.1737106029503219
SANTO AMARO DA IMPERATRIZ,2011,0.14497603947131452
SANTO AMARO DA IMPERATRIZ,2012,0.1442470168134068
SANTO AMARO DA IMPERATRIZ,2013,0.14533250892241345
SANTO AMARO DA IMPERATRIZ,2014,0.14895915401427517
SANTO AMARO DA IMPERATRIZ,2015,0.14493804135451233
SANTO AMARO DA IMPERATRIZ,2016,0.1541594801541391
SANTO AMARO DA IMPERATRIZ,2017,0.14932436970639917
SANTO AMARO DA IMPERATRIZ,2018,0.1429635735912808
SANTO AMARO DA IMPERATRIZ,2019,0.15489318173114336
SANTO AMARO DA IMPERATRIZ,2020,0.16746428868698898
SANTO AMARO DA IMPERATRIZ,2021,0.15524289829951216
SANTO AMARO DA IMPERATRIZ,2022,0.165443508166239
SANTO AMARO DA IMPERATRIZ,2023,0.17201098273876322
SAO BENTO DO SUL,2002,0.38418850428760837
SAO BENTO DO SUL,2003,0.3074486547560896
SAO BENTO DO SUL,2004,0.3964477561574523
SAO BENTO DO SUL,2005,0.3783216911981278
SAO BENTO DO SUL,2006,0.4906075808943587
SAO BENTO DO SUL,2007,0.4424974079176415
SAO BENTO DO SUL,2008,0.41817081288789837
SAO BENTO DO SUL,2009,0.43396504364026955
SAO BENTO DO SUL,2010,0.36029862929916623
SAO BENTO DO SUL,2011,0.29648566766666823
SAO BENTO DO SUL,2012,0.32224749994052426
SAO BENTO DO SUL,2013,0.3294429519315604
SAO BENTO DO SUL,2014,0.34581762862721016
SAO BENTO DO SUL,2015,0.3373219791836346
SAO BENTO DO SUL,2016,0.39407333527155936
SAO BENTO DO SUL,2017,0.3907465388524052
SAO BENTO DO SUL,2018,0.40398692261017266
SAO BENTO DO SUL,2019,0.4272736100173863
SAO BENTO DO SUL,2020,0.44295477014973805
SAO BENTO DO SUL,2021,0.4384037942304617
SAO BENTO DO SUL,2022,0.4038868346948761
SAO BENTO DO SUL,2023,0.38035011414631037
SAO BERNARDINO,2002,0.03243681240123044
SAO BERNARDINO,2003,0.022539896194659206
SAO BERNARDINO,2004,0.05266509959473004
SAO BERNARDINO,2005,0.037430676603585504
SAO BERNARDINO,2006,0.026012836235559268
SAO BERNARDINO,2007,0.052017284497356236
SAO BERNARDINO,2008,0.060174514789390836
SAO BERNARDINO,2009,0.06494411580635004
SAO BERNARDINO,2010,0.060339085809953445
SAO BERNARDINO,2011,0.06957899754051838
SAO BERNARDINO,2012,0.06626264341482242
SAO BERNARDINO,2013,0.05210421177913982
SAO BERNARDINO,2014,0.09260149421499075
SAO BERNARDINO,2015,0.08300893379480584
SAO BERNARDINO,2016,0.08875483084823202
SAO BERNARDINO,2017,0.14543329330874083
SAO BERNARDINO,2018,0.15750490807809886
SAO BERNARDINO,2019,0.17869115316610804
SAO BERNARDINO,2020,0.18016896363870955
SAO BERNARDINO,2021,0.17877282875460115
SAO BERNARDINO,2022,0.13423287694643227
SAO BERNARDINO,2023,0.14640307757253845
SAO BONIFACIO,2002,0.16213778618925634
SAO BONIFACIO,2003,0.21123141660720623
SAO BONIFACIO,2004,0.2388720437893738
SAO BONIFACIO,2005,0.25536140463167084
SAO BONIFACIO,2006,0.26032445664188514
SAO BONIFACIO,2007,0.26829807592232235
SAO BONIFACIO,2008,0.2927878959500928
SAO BONIFACIO,2009,0.27975393974318796
SAO BONIFACIO,2010,0.2543339825262755
SAO BONIFACIO,2011,0.22382396420561312
SAO BONIFACIO,2012,0.21385899558317428
SAO BONIFACIO,2013,0.2062896798319625
SAO BONIFACIO,2014,0.21492739842691924
SAO BONIFACIO,2015,0.21047155573573
SAO BONIFACIO,2016,0.22341002279042457
SAO BONIFACIO,2017,0.21686532955214172
SAO BONIFACIO,2018,0.255535189699985
SAO BONIFACIO,2019,0.2664412227618902
SAO BONIFACIO,2020,0.2682884745483403
SAO BONIFACIO,2021,0.2858032825551666
SAO BONIFACIO,2022,0.37326090746532714
SAO BONIFACIO,2023,0.37920963260598317
SAO CARLOS,2002,0.16183712898640304
SAO CARLOS,2003,0.1526573037658089
SAO CARLOS,2004,0.1752963286145153
SAO CARLOS,2005,0.17349162491719317
SAO CARLOS,2006,0.22898173468583088
SAO CARLOS,2007,0.21617082287300482
SAO CARLOS,2008,0.22958453855345476
SAO CARLOS,2009,0.2321443812428165
SAO CARLOS,2010,0.17026270600162147
SAO CARLOS,2011,0.15329617098945156
SAO CARLOS,2012,0.16708747951600098
SAO CARLOS,2013,0.21027603867454311
SAO CARLOS,2014,0.23447079913773605
SAO CARLOS,2015,0.21732000351496172
SAO CARLOS,2016,0.25640205317401277
SAO CARLOS,2017,0.2662378328435463
SAO CARLOS,2018,0.2942767158178297
SAO CARLOS,2019,0.33715585868548353
SAO CARLOS,2020,0.32245900826940843
SAO CARLOS,2021,0.29918639519334733
SAO CARLOS,2022,0.28380139764917234
SAO CARLOS,2023,0.28695854053804204
SAO CRISTOVAO DO SUL,2002,0.2817619043941385
SAO CRISTOVAO DO SUL,2003,0.2345764250584954
SAO CRISTOVAO DO SUL,2004,0.22276789563709232
SAO CRISTOVAO DO SUL,2005,0.22600564582100396
SAO CRISTOVAO DO SUL,2006,0.3026134049601048
SAO CRISTOVAO DO SUL,2007,0.2791051459781343
SAO CRISTOVAO DO SUL,2008,0.2056755366665658
SAO CRISTOVAO DO SUL,2009,0.2166388328462759
SAO CRISTOVAO DO SUL,2010,0.21362637665852588
SAO CRISTOVAO DO SUL,2011,0.16161398810935101
SAO CRISTOVAO DO SUL,2012,0.16409600630534543
SAO CRISTOVAO DO SUL,2013,0.1531617754904272
SAO CRISTOVAO DO SUL,2014,0.1391595485502557
SAO CRISTOVAO DO SUL,2015,0.1389758852190771
SAO CRISTOVAO DO SUL,2016,0.18583257415694582
SAO CRISTOVAO DO SUL,2017,0.18826215379203382
SAO CRISTOVAO DO SUL,2018,0.19919148652820545
SAO CRISTOVAO DO SUL,2019,0.2078579910862574
SAO CRISTOVAO DO SUL,2020,0.2312451966497039
SAO CRISTOVAO DO SUL,2021,0.20002061258253084
SAO CRISTOVAO DO SUL,2022,0.21485194332757757
SAO CRISTOVAO DO SUL,2023,0.21444572847958313
SAO DOMINGOS,2002,0.1604390067731976
SAO DOMINGOS,2003,0.17075876244064714
SAO DOMINGOS,2004,0.1453247472070274
SAO DOMINGOS,2005,0.14752604946174344
SAO DOMINGOS,2006,0.197279222523729
SAO DOMINGOS,2007,0.17402041182167083
SAO DOMINGOS,2008,0.1588439782455766
SAO DOMINGOS,2009,0.16560961309689512
SAO DOMINGOS,2010,0.13030087955407418
SAO DOMINGOS,2011,0.08663001243424685
SAO DOMINGOS,2012,0.10322398724493694
SAO DOMINGOS,2013,0.09330745242824692
SAO DOMINGOS,2014,0.09241052316913952
SAO DOMINGOS,2015,0.09309741765627708
SAO DOMINGOS,2016,0.09595191610774303
SAO DOMINGOS,2017,0.09772332247547089
SAO DOMINGOS,2018,0.09385596683776605
SAO DOMINGOS,2019,0.11049895782749714
SAO DOMINGOS,2020,0.10970133720938273
SAO DOMINGOS,2021,0.09567232090593301
SAO DOMINGOS,2022,0.11860655620174523
SAO DOMINGOS,2023,0.1223830270024806
SAO FRANCISCO DO SUL,2002,0.051977644745532334
SAO FRANCISCO DO SUL,2003,0.06105577748256692
SAO FRANCISCO DO SUL,2004,0.06254288839010538
SAO FRANCISCO DO SUL,2005,0.062360663231756354
SAO FRANCISCO DO SUL,2006,0.08079811808147372
SAO FRANCISCO DO SUL,2007,0.08284622543577913
SAO FRANCISCO DO SUL,2008,0.09178843761419768
SAO FRANCISCO DO SUL,2009,0.09432046401981818
SAO FRANCISCO DO SUL,2010,0.07700492253071968
SAO FRANCISCO DO SUL,2011,0.06452383628040331
SAO FRANCISCO DO SUL,2012,0.0686785465852718
SAO FRANCISCO DO SUL,2013,0.07690474351076243
SAO FRANCISCO DO SUL,2014,0.07692337076428848
SAO FRANCISCO DO SUL,2015,0.07650150143986378
SAO FRANCISCO DO SUL,2016,0.09138809324991184
SAO FRANCISCO DO SUL,2017,0.08574016108762096
SAO FRANCISCO DO SUL,2018,0.08179552084692701
SAO FRANCISCO DO SUL,2019,0.08731855567317659
SAO FRANCISCO DO SUL,2020,0.09440347460248405
SAO FRANCISCO DO SUL,2021,0.07318001142687412
SAO FRANCISCO DO SUL,2022,0.08959247361585992
SAO FRANCISCO DO SUL,2023,0.09667529920738618
SAO JOAO BATISTA,2002,0.5358083845835324
SAO JOAO BATISTA,2003,0.5694050081273577
SAO JOAO BATISTA,2004,0.6328742717403334
SAO JOAO BATISTA,2005,0.6832934884477891
SAO JOAO BATISTA,2006,0.8356141017292104
SAO JOAO BATISTA,2007,0.8297239425703253
SAO JOAO BATISTA,2008,0.7528437739959897
SAO JOAO BATISTA,2009,0.7661950854301753
SAO JOAO BATISTA,2010,0.6078918951771382
SAO JOAO BATISTA,2011,0.496312830551216
SAO JOAO BATISTA,2012,0.5173041176457034
SAO JOAO BATISTA,2013,0.500615990629378
SAO JOAO BATISTA,2014,0.49761916210620544
SAO JOAO BATISTA,2015,0.45838198712112826
SAO JOAO BATISTA,2016,0.529138008136465
SAO JOAO BATISTA,2017,0.5317174399947748
SAO JOAO BATISTA,2018,0.5268975453327449
SAO JOAO BATISTA,2019,0.5584083533949293
SAO JOAO BATISTA,2020,0.5028386559801462
SAO JOAO BATISTA,2021,0.5168194571686598
SAO JOAO BATISTA,2022,0.528690869884348
SAO JOAO BATISTA,2023,0.47832655779474853
SAO JOAO DO ITAPERIU,2002,0.12569383972074624
SAO JOAO DO ITAPERIU,2003,0.11015423560821294
SAO JOAO DO ITAPERIU,2004,0.11572705935228772
SAO JOAO DO ITAPERIU,2005,0.12220851315854851
SAO JOAO DO ITAPERIU,2006,0.14288528771260411
SAO JOAO DO ITAPERIU,2007,0.13482000325847704
SAO JOAO DO ITAPERIU,2008,0.19213052094442412
SAO JOAO DO ITAPERIU,2009,0.20007243507001862
SAO JOAO DO ITAPERIU,2010,0.1809095699277173
SAO JOAO DO ITAPERIU,2011,0.19992941715207185
SAO JOAO DO ITAPERIU,2012,0.24297141211940007
SAO JOAO DO ITAPERIU,2013,0.26228253103488963
SAO JOAO DO ITAPERIU,2014,0.2953346333614255
SAO JOAO DO ITAPERIU,2015,0.299131412377001
SAO JOAO DO ITAPERIU,2016,0.37298195077819596
SAO JOAO DO ITAPERIU,2017,0.4062008626846896
SAO JOAO DO ITAPERIU,2018,0.4299315530634965
SAO JOAO DO ITAPERIU,2019,0.4563592021967051
SAO JOAO DO ITAPERIU,2020,0.4539823375653472
SAO JOAO DO ITAPERIU,2021,0.47293108440590303
SAO JOAO DO ITAPERIU,2022,0.4715824006087188
SAO JOAO DO ITAPERIU,2023,0.4924234594113821
SAO JOAO DO OESTE,2002,0.08827383097768349
SAO JOAO DO OESTE,2003,0.08337987034295126
SAO JOAO DO OESTE,2004,0.10286547134878855
SAO JOAO DO OESTE,2005,0.11808122450990415
SAO JOAO DO OESTE,2006,0.16032489209847886
SAO JOAO DO OESTE,2007,0.16884221251519696
SAO JOAO DO OESTE,2008,0.17147632906548518
SAO JOAO DO OESTE,2009,0.1755817640276272
SAO JOAO DO OESTE,2010,0.16126155079521187
SAO JOAO DO OESTE,2011,0.12565181022246424
SAO JOAO DO OESTE,2012,0.11655551024747729
SAO JOAO DO OESTE,2013,0.11594055323758848
SAO JOAO DO OESTE,2014,0.13575672473310949
SAO JOAO DO OESTE,2015,0.14006443177724412
SAO JOAO DO OESTE,2016,0.1648924122640262
SAO JOAO DO OESTE,2017,0.16816421251970293
SAO JOAO DO OESTE,2018,0.18509904282318945
SAO JOAO DO OESTE,2019,0.23310359165886513
SAO JOAO DO OESTE,2020,0.27062482184713
SAO JOAO DO OESTE,2021,0.27062922302048975
SAO JOAO DO OESTE,2022,0.2891300521304209
SAO JOAO DO OESTE,2023,0.2890435492620752
SAO JOAO DO SUL,2002,0.09393573813243206
SAO JOAO DO SUL,2003,0.09545937993383465
SAO JOAO DO SUL,2004,0.08214525992328964
SAO JOAO DO SUL,2005,0.0837164293895997
SAO JOAO DO SUL,2006,0.08997979384523234
SAO JOAO DO SUL,2007,0.09031329975353472
SAO JOAO DO SUL,2008,0.10812272931935833
SAO JOAO DO SUL,2009,0.1159959677358402
SAO JOAO DO SUL,2010,0.12871456733239942
SAO JOAO DO SUL,2011,0.10275216759956873
SAO JOAO DO SUL,2012,0.11014214946043022
SAO JOAO DO SUL,2013,0.1158980343530205
SAO JOAO DO SUL,2014,0.14210266745617467
SAO JOAO DO SUL,2015,0.14262476719135453
SAO JOAO DO SUL,2016,0.17823896653066984
SAO JOAO DO SUL,2017,0.16654925514338323
SAO JOAO DO SUL,2018,0.17330731039189076
SAO JOAO DO SUL,2019,0.1751785571047062
SAO JOAO DO SUL,2020,0.17469170489238225
SAO JOAO DO SUL,2021,0.19861373374471486
SAO JOAO DO SUL,2022,0.19088278872655612
SAO JOAO DO SUL,2023,0.18631963553708425
SAO JOAQUIM,2002,0.05668118354603678
SAO JOAQUIM,2003,0.05596462716940075
SAO JOAQUIM,2004,0.055930245429692715
SAO JOAQUIM,2005,0.07268373994484569
SAO JOAQUIM,2006,0.08104710869658237
SAO JOAQUIM,2007,0.07159091502571105
SAO JOAQUIM,2008,0.06876630971213131
SAO JOAQUIM,2009,0.06331254469297168
SAO JOAQUIM,2010,0.04927955405411547
SAO JOAQUIM,2011,0.045868808508365055
SAO JOAQUIM,2012,0.05199747212656791
SAO JOAQUIM,2013,0.04803449381156016
SAO JOAQUIM,2014,0.04760507416084413
SAO JOAQUIM,2015,0.04877486803930399
SAO JOAQUIM,2016,0.059570661924963346
SAO JOAQUIM,2017,0.055766627110877424
SAO JOAQUIM,2018,0.05504868300800692
SAO JOAQUIM,2019,0.06692577864639732
SAO JOAQUIM,2020,0.0687244192570812
SAO JOAQUIM,2021,0.0640522983186749
SAO JOAQUIM,2022,0.07082042828352433
SAO JOAQUIM,2023,0.0584775468239564
SAO JOSE,2002,0.1449601035764371
SAO JOSE,2003,0.14292443508591346
SAO JOSE,2004,0.15095386133094102
SAO JOSE,2005,0.14820181546813974
SAO JOSE,2006,0.18445470699695266
SAO JOSE,2007,0.17652319532666882
SAO JOSE,2008,0.17138246912856822
SAO JOSE,2009,0.17834907927245458
SAO JOSE,2010,0.15297950296977186
SAO JOSE,2011,0.1253653148953429
SAO JOSE,2012,0.13172230649597755
SAO JOSE,2013,0.12467299183933574
SAO JOSE,2014,0.13109024089154478
SAO JOSE,2015,0.12658657788092922
SAO JOSE,2016,0.1402262673755287
SAO JOSE,2017,0.14926562798404913
SAO JOSE,2018,0.13949211306980158
SAO JOSE,2019,0.14540866709220657
SAO JOSE,2020,0.15161262352694777
SAO JOSE,2021,0.14072407770363665
SAO JOSE,2022,0.1436736058034308
SAO JOSE,2023,0.14514419909928478
SAO JOSE DO CEDRO,2002,0.23822451551117674
SAO JOSE DO CEDRO,2003,0.24789868737748588
SAO JOSE DO CEDRO,2004,0.2588916779716616
SAO JOSE DO CEDRO,2005,0.2652201269371692
SAO JOSE DO CEDRO,2006,0.3200035858471657
SAO JOSE DO CEDRO,2007,0.30259803603306773
SAO JOSE DO CEDRO,2008,0.28535675065211946
SAO JOSE DO CEDRO,2009,0.3248631417326489
SAO JOSE DO CEDRO,2010,0.26638314160001647
SAO JOSE DO CEDRO,2011,0.23190704593539657
SAO JOSE DO CEDRO,2012,0.25040754896084205
SAO JOSE DO CEDRO,2013,0.22859187060658587
SAO JOSE DO CEDRO,2014,0.23139038118838362
SAO JOSE DO CEDRO,2015,0.21789495902622422
SAO JOSE DO CEDRO,2016,0.24291234444405646
SAO JOSE DO CEDRO,2017,0.2444500292065736
SAO JOSE DO CEDRO,2018,0.25310868752801485
SAO JOSE DO CEDRO,2019,0.2853969911261322
SAO JOSE DO CEDRO,2020,0.27340577494182006
SAO JOSE DO CEDRO,2021,0.27815643406990004
SAO JOSE DO CEDRO,2022,0.24241924464173836
SAO JOSE DO CEDRO,2023,0.24901679276689617
SAO JOSE DO CERRITO,2002,0.02105689265570344
SAO JOSE DO CERRITO,2003,0.01942004947560924
SAO JOSE DO CERRITO,2004,0.03078806090379345
SAO JOSE DO CERRITO,2005,0.026948033920417346
SAO JOSE DO CERRITO,2006,0.03740310110956444
SAO JOSE DO CERRITO,2007,0.05227834143205078
SAO JOSE DO CERRITO,2008,0.0397918184585777
SAO JOSE DO CERRITO,2009,0.04292196711240455
SAO JOSE DO CERRITO,2010,0.04193983558639084
SAO JOSE DO CERRITO,2011,0.033776526162385995
SAO JOSE DO CERRITO,2012,0.03560901622838611
SAO JOSE DO CERRITO,2013,0.032275826605242156
SAO JOSE DO CERRITO,2014,0.043200174754219015
SAO JOSE DO CERRITO,2015,0.04239888075308403
SAO JOSE DO CERRITO,2016,0.0412570997072859
SAO JOSE DO CERRITO,2017,0.04160860907522491
SAO JOSE DO CERRITO,2018,0.04034437559214879
SAO JOSE DO CERRITO,2019,0.04484021388533914
SAO JOSE DO CERRITO,2020,0.03694981859070247
SAO JOSE DO CERRITO,2021,0.014786354064321354
SAO JOSE DO CERRITO,2022,0.02048846129549654
SAO JOSE DO CERRITO,2023,0.023761740038331744
SAO LOURENCO DO OESTE,2002,0.289783742710334
SAO LOURENCO DO OESTE,2003,0.31435063339334945
SAO LOURENCO DO OESTE,2004,0.35037970289538223
SAO LOURENCO DO OESTE,2005,0.340970356943897
SAO LOURENCO DO OESTE,2006,0.46357503895606805
SAO LOURENCO DO OESTE,2007,0.44976725731881373
SAO LOURENCO DO OESTE,2008,0.43664200840138245
SAO LOURENCO DO OESTE,2009,0.43293514394950827
SAO LOURENCO DO OESTE,2010,0.34850122569903363
SAO LOURENCO DO OESTE,2011,0.2811973771761832
SAO LOURENCO DO OESTE,2012,0.31686444091929633
SAO LOURENCO DO OESTE,2013,0.323560359271506
SAO LOURENCO DO OESTE,2014,0.33783846604639983
SAO LOURENCO DO OESTE,2015,0.30758992159276743
SAO LOURENCO DO OESTE,2016,0.4149552800710125
SAO LOURENCO DO OESTE,2017,0.4263196857243245
SAO LOURENCO DO OESTE,2018,0.4697043389284541
SAO LOURENCO DO OESTE,2019,0.5105097341046747
SAO LOURENCO DO OESTE,2020,0.48843611242031104
SAO LOURENCO DO OESTE,2021,0.4749592053923637
SAO LOURENCO DO OESTE,2022,0.4267750570222126
SAO LOURENCO DO OESTE,2023,0.42381987039435265
SAO LUDGERO,2002,0.4559585675421811
SAO LUDGERO,2003,0.44353845513286644
SAO LUDGERO,2004,0.42888904375205006
SAO LUDGERO,2005,0.3615795124704743
SAO LUDGERO,2006,0.5524568751582184
SAO LUDGERO,2007,0.49321242275278787
SAO LUDGERO,2008,0.44149595727996027
SAO LUDGERO,2009,0.4277146882046499
SAO LUDGERO,2010,0.36137779820123866
SAO LUDGERO,2011,0.2989132473747137
SAO LUDGERO,2012,0.34345608484746637
SAO LUDGERO,2013,0.3672856057722613
SAO LUDGERO,2014,0.41169318030025687
SAO LUDGERO,2015,0.40116993094514436
SAO LUDGERO,2016,0.48103476669417233
SAO LUDGERO,2017,0.4839912771912453
SAO LUDGERO,2018,0.49956346104360067
SAO LUDGERO,2019,0.5337285703291949
SAO LUDGERO,2020,0.5466634843103877
SAO LUDGERO,2021,0.5602063766851115
SAO LUDGERO,2022,0.541122208869701
SAO LUDGERO,2023,0.5546851151844278
SAO MARTINHO,2002,0.21368061597632354
SAO MARTINHO,2003,0.24606081374135003
SAO MARTINHO,2004,0.2499046266187851
SAO MARTINHO,2005,0.2562762542652945
SAO MARTINHO,2006,0.3303963228532859
SAO MARTINHO,2007,0.38649881228327676
SAO MARTINHO,2008,0.33898298181519987
SAO MARTINHO,2009,0.34588051746074877
SAO MARTINHO,2010,0.3578374628229544
SAO MARTINHO,2011,0.28038085664901774
SAO MARTINHO,2012,0.2927895623837941
SAO MARTINHO,2013,0.24980668421803814
SAO MARTINHO,2014,0.29189316157532685
SAO MARTINHO,2015,0.28782015980330894
SAO MARTINHO,2016,0.31671716312757225
SAO MARTINHO,2017,0.33424068287812747
SAO MARTINHO,2018,0.31626354620417824
SAO MARTINHO,2019,0.3296899182573426
SAO MARTINHO,2020,0.3377500551242767
SAO MARTINHO,2021,0.37975710476168983
SAO MARTINHO,2022,0.40334456783139117
SAO MARTINHO,2023,0.3772086812860916
SAO MIGUEL DA BOA VISTA,2002,0.016685866193207274
SAO MIGUEL DA BOA VISTA,2003,0.017280887308167982
SAO MIGUEL DA BOA VISTA,2004,0.01833928480313259
SAO MIGUEL DA BOA VISTA,2005,0.01746587426247558
SAO MIGUEL DA BOA VISTA,2006,0.01739170855560115
SAO MIGUEL DA BOA VISTA,2007,0.017796842083411906
SAO MIGUEL DA BOA VISTA,2008,0.016583987538705953
SAO MIGUEL DA BOA VISTA,2009,0.015673774126201297
SAO MIGUEL DA BOA VISTA,2010,0.014584089773698794
SAO MIGUEL DA BOA VISTA,2011,0.024831986105935136
SAO MIGUEL DA BOA VISTA,2012,0.025298288563802132
SAO MIGUEL DA BOA VISTA,2013,0.010833332083727585
SAO MIGUEL DA BOA VISTA,2014,0.0
SAO MIGUEL DA BOA VISTA,2015,0.0
SAO MIGUEL DA BOA VISTA,2016,0.0
SAO MIGUEL DA BOA VISTA,2017,0.0
SAO MIGUEL DA BOA VISTA,2018,0.0036873446808452655
SAO MIGUEL DA BOA VISTA,2019,0.0
SAO MIGUEL DA BOA VISTA,2020,0.0
SAO MIGUEL DA BOA VISTA,2021,0.0038720342762783477
SAO MIGUEL DA BOA VISTA,2022,0.02102751342407569
SAO MIGUEL DA BOA VISTA,2023,0.010660340298731108
SAO MIGUEL DO OESTE,2002,0.19741320954008568
SAO MIGUEL DO OESTE,2003,0.2061653901069281
SAO MIGUEL DO OESTE,2004,0.2078266829206602
SAO MIGUEL DO OESTE,2005,0.19924002745796285
SAO MIGUEL DO OESTE,2006,0.24352009712279593
SAO MIGUEL DO OESTE,2007,0.2394088583123294
SAO MIGUEL DO OESTE,2008,0.23665517888723578
SAO MIGUEL DO OESTE,2009,0.24593053344042032
SAO MIGUEL DO OESTE,2010,0.21229765972815562
SAO MIGUEL DO OESTE,2011,0.17773921464047435
SAO MIGUEL DO OESTE,2012,0.194641582571155
SAO MIGUEL DO OESTE,2013,0.19298601434286616
SAO MIGUEL DO OESTE,2014,0.2067906211108843
SAO MIGUEL DO OESTE,2015,0.19474925446328853
SAO MIGUEL DO OESTE,2016,0.23784344181770795
SAO MIGUEL DO OESTE,2017,0.25006899114282416
SAO MIGUEL DO OESTE,2018,0.2421084626471931
SAO MIGUEL DO OESTE,2019,0.26422552303945945
SAO MIGUEL DO OESTE,2020,0.27780703059675055
SAO MIGUEL DO OESTE,2021,0.2616984121702227
SAO MIGUEL DO OESTE,2022,0.2622221717241968
SAO MIGUEL DO OESTE,2023,0.2761913484745049
SAO PEDRO DE ALCANTARA,2002,0.0832676990088144
SAO PEDRO DE ALCANTARA,2003,0.08292893021204399
SAO PEDRO DE ALCANTARA,2004,0.10661380417106289
SAO PEDRO DE ALCANTARA,2005,0.07493930600608124
SAO PEDRO DE ALCANTARA,2006,0.10167700513645665
SAO PEDRO DE ALCANTARA,2007,0.08770035225153058
SAO PEDRO DE ALCANTARA,2008,0.08815409076553937
SAO PEDRO DE ALCANTARA,2009,0.09637916919739634
SAO PEDRO DE ALCANTARA,2010,0.09540970067095264
SAO PEDRO DE ALCANTARA,2011,0.08925163549797724
SAO PEDRO DE ALCANTARA,2012,0.09801081857108132
SAO PEDRO DE ALCANTARA,2013,0.09229284338014576
SAO PEDRO DE ALCANTARA,2014,0.10888910680578441
SAO PEDRO DE ALCANTARA,2015,0.09673700955736866
SAO PEDRO DE ALCANTARA,2016,0.10513095188359498
SAO PEDRO DE ALCANTARA,2017,0.11082360409419968
SAO PEDRO DE ALCANTARA,2018,0.11248617231988754
SAO PEDRO DE ALCANTARA,2019,0.10710368903624438
SAO PEDRO DE ALCANTARA,2020,0.12271829305163633
SAO PEDRO DE ALCANTARA,2021,0.09404251558654679
SAO PEDRO DE ALCANTARA,2022,0.13629374343825185
SAO PEDRO DE ALCANTARA,2023,0.15626212405997947
SAUDADES,2002,0.28765034415450763
SAUDADES,2003,0.3093496115269631
SAUDADES,2004,0.2908647991288516
SAUDADES,2005,0.2770637589420487
SAUDADES,2006,0.39841652383817533
SAUDADES,2007,0.3926264801932936
SAUDADES,2008,0.36225236548672
SAUDADES,2009,0.38596846786431804
SAUDADES,2010,0.31717367884386305
SAUDADES,2011,0.25744718724776966
SAUDADES,2012,0.26286663271255695
SAUDADES,2013,0.30219430707193956
SAUDADES,2014,0.33236007576086957
SAUDADES,2015,0.32371908037805486
SAUDADES,2016,0.38298576601548356
SAUDADES,2017,0.40164952406699606
SAUDADES,2018,0.4156214687898342
SAUDADES,2019,0.4433884398655441
SAUDADES,2020,0.48078202663579933
SAUDADES,2021,0.4368123994329013
SAUDADES,2022,0.4099497190462797
SAUDADES,2023,0.3926852284460163
SCHROEDER,2002,0.3174404773076846
SCHROEDER,2003,0.2781694003714926
SCHROEDER,2004,0.304115737758312
SCHROEDER,2005,0.3401950555071105
SCHROEDER,2006,0.44405712933891345
SCHROEDER,2007,0.4148910489411679
SCHROEDER,2008,0.4057741007949104
SCHROEDER,2009,0.42517664095958513
SCHROEDER,2010,0.36337982903243743
SCHROEDER,2011,0.3258209521225363
SCHROEDER,2012,0.3388024932593227
SCHROEDER,2013,0.3385427107036673
SCHROEDER,2014,0.3766794810627141
SCHROEDER,2015,0.3487707494651938
SCHROEDER,2016,0.37007646889261037
SCHROEDER,2017,0.39300254898443565
SCHROEDER,2018,0.37691170913373684
SCHROEDER,2019,0.39122332563646306
SCHROEDER,2020,0.3981175731318439
SCHROEDER,2021,0.40793040795374713
SCHROEDER,2022,0.3939761114367598
SCHROEDER,2023,0.3888510428936197
SEARA,2002,0.22691535958294706
SEARA,2003,0.23412417483264886
SEARA,2004,0.2609868439038877
SEARA,2005,0.25991920724232753
SEARA,2006,0.37584335522363427
SEARA,2007,0.37039648465638664
SEARA,2008,0.35794945515917814
SEARA,2009,0.3646461772486028
SEARA,2010,0.2721000761588469
SEARA,2011,0.22256753302127597
SEARA,2012,0.24169844370551877
SEARA,2013,0.24511783209970261
SEARA,2014,0.26197081471712724
SEARA,2015,0.2820939905448274
SEARA,2016,0.36422730997675984
SEARA,2017,0.3982646507644558
SEARA,2018,0.4116527737961744
SEARA,2019,0.4374855427474461
SEARA,2020,0.5036834011666113
SEARA,2021,0.45412994224343856
SEARA,2022,0.4287830406921217
SEARA,2023,0.42257559914221315
SERRA ALTA,2002,0.22188035323887742
SERRA ALTA,2003,0.23547627576794805
SERRA ALTA,2004,0.24506493695524845
SERRA ALTA,2005,0.25656783886192913
SERRA ALTA,2006,0.3436471015992366
SERRA ALTA,2007,0.3263659877157461
SERRA ALTA,2008,0.3450567893049034
SERRA ALTA,2009,0.34632703534827536
SERRA ALTA,2010,0.30407588324014234
SERRA ALTA,2011,0.2396123440952062
SERRA ALTA,2012,0.2891340088379678
SERRA ALTA,2013,0.27074342119178346
SERRA ALTA,2014,0.29721212997713226
SERRA ALTA,2015,0.2805427821325815
SERRA ALTA,2016,0.3366896020117941
SERRA ALTA,2017,0.33475358626866547
SERRA ALTA,2018,0.3440024067687115
SERRA ALTA,2019,0.3520524266182061
SERRA ALTA,2020,0.3480857128982129
SERRA ALTA,2021,0.31432382484547117
SERRA ALTA,2022,0.3020566122230003
SERRA ALTA,2023,0.3104536394857569
SIDEROPOLIS,2002,0.26212916848454587
SIDEROPOLIS,2003,0.27844575847455244
SIDEROPOLIS,2004,0.3197487867902911
SIDEROPOLIS,2005,0.3384494561027863
SIDEROPOLIS,2006,0.38781721604567365
SIDEROPOLIS,2007,0.352373823086346
SIDEROPOLIS,2008,0.34784357618508316
SIDEROPOLIS,2009,0.351860711071919
SIDEROPOLIS,2010,0.31430479465212435
SIDEROPOLIS,2011,0.2512272986323115
SIDEROPOLIS,2012,0.2638421807343563
SIDEROPOLIS,2013,0.2772603608773544
SIDEROPOLIS,2014,0.28193786297659373
SIDEROPOLIS,2015,0.2718497427653931
SIDEROPOLIS,2016,0.30453410827855953
SIDEROPOLIS,2017,0.3049022766845604
SIDEROPOLIS,2018,0.3259858001427282
SIDEROPOLIS,2019,0.34896736939892053
SIDEROPOLIS,2020,0.36088895626490025
SIDEROPOLIS,2021,0.3629483660913668
SIDEROPOLIS,2022,0.3826438198351804
SIDEROPOLIS,2023,0.4005091673438055
SOMBRIO,2002,0.3332741374998388
SOMBRIO,2003,0.3796242546708024
SOMBRIO,2004,0.3861265151568431
SOMBRIO,2005,0.3555201737949721
SOMBRIO,2006,0.4339210320960352
SOMBRIO,2007,0.422251960280277
SOMBRIO,2008,0.38873768779302015
SOMBRIO,2009,0.4019839565381021
SOMBRIO,2010,0.34765591259385503
SOMBRIO,2011,0.3059895161773667
SOMBRIO,2012,0.3270834899044529
SOMBRIO,2013,0.30984750188690297
SOMBRIO,2014,0.3228449632682818
SOMBRIO,2015,0.31541314854243707
SOMBRIO,2016,0.3607140064718905
SOMBRIO,2017,0.34866808591918297
SOMBRIO,2018,0.3274688406652011
SOMBRIO,2019,0.3301205206284372
SOMBRIO,2020,0.3392192602632065
SOMBRIO,2021,0.31731011422953304
SOMBRIO,2022,0.30845127828123436
SOMBRIO,2023,0.29976282283933925
SUL BRASIL,2002,0.07656329891310036
SUL BRASIL,2003,0.07118473668276307
SUL BRASIL,2004,0.08024682451261998
SUL BRASIL,2005,0.08271238538155938
SUL BRASIL,2006,0.15342398039412128
SUL BRASIL,2007,0.21471566073162174
SUL BRASIL,2008,0.1528925327976226
SUL BRASIL,2009,0.14275797689100495
SUL BRASIL,2010,0.11980206849266718
SUL BRASIL,2011,0.10693581674671379
SUL BRASIL,2012,0.0982218602534447
SUL BRASIL,2013,0.11549901416511552
SUL BRASIL,2014,0.1372058088163132
SUL BRASIL,2015,0.1233050477299564
SUL BRASIL,2016,0.13232259830966359
SUL BRASIL,2017,0.13047671492408924
SUL BRASIL,2018,0.12847874858622071
SUL BRASIL,2019,0.16801760054827428
SUL BRASIL,2020,0.17317576963978948
SUL BRASIL,2021,0.13841115108808533
SUL BRASIL,2022,0.1070895027843156
SUL BRASIL,2023,0.10906961639257146
TAIO,2002,0.2830138432893123
TAIO,2003,0.30469848252833703
TAIO,2004,0.307456030923623
TAIO,2005,0.30208529578818505
TAIO,2006,0.380378687215301
TAIO,2007,0.36055358200024723
TAIO,2008,0.33779218137144745
TAIO,2009,0.3940385296875128
TAIO,2010,0.34135930827916605
TAIO,2011,0.29419334504369016
TAIO,2012,0.3508707715898951
TAIO,2013,0.35351840854572336
TAIO,2014,0.3757990041845748
TAIO,2015,0.37477479353921117
TAIO,2016,0.42251934291723536
TAIO,2017,0.41140700449226564
TAIO,2018,0.4188676225820118
TAIO,2019,0.4547763184673349
TAIO,2020,0.4677190833704481
TAIO,2021,0.4466290456411359
TAIO,2022,0.4055672975202481
TAIO,2023,0.39988326455984347
TANGARA,2002,0.17186980790827536
TANGARA,2003,0.18012598931844187
TANGARA,2004,0.1845508814126657
TANGARA,2005,0.19072878868721552
TANGARA,2006,0.24087626349643926
TANGARA,2007,0.22050090852821896
TANGARA,2008,0.24911013679716823
TANGARA,2009,0.2763846970374231
TANGARA,2010,0.21363148842608146
TANGARA,2011,0.19667398510828277
TANGARA,2012,0.20103056679877762
TANGARA,2013,0.20763547434465995
TANGARA,2014,0.23641381673587758
TANGARA,2015,0.22623093678242104
TANGARA,2016,0.28613046206107123
TANGARA,2017,0.31888460516552714
TANGARA,2018,0.31752585139980305
TANGARA,2019,0.3225800875322878
TANGARA,2020,0.33741963330358515
TANGARA,2021,0.30421313181112786
TANGARA,2022,0.3265145935581469
TANGARA,2023,0.3316733950202742
TIGRINHOS,2002,0.01851257892072444
TIGRINHOS,2003,0.019113313925199098
TIGRINHOS,2004,0.019770663175392833
TIGRINHOS,2005,0.019265475931575068
TIGRINHOS,2006,0.020251994543794775
TIGRINHOS,2007,0.01923484042049237
TIGRINHOS,2008,0.018584228174851735
TIGRINHOS,2009,0.0197196400898347
TIGRINHOS,2010,0.0666935227683151
TIGRINHOS,2011,0.05363437467871084
TIGRINHOS,2012,0.026975401786835575
TIGRINHOS,2013,0.021361620342992313
TIGRINHOS,2014,0.0
TIGRINHOS,2015,0.010792295117178177
TIGRINHOS,2016,0.03620180780424753
TIGRINHOS,2017,0.06643313692484482
TIGRINHOS,2018,0.09412540781117747
TIGRINHOS,2019,0.09810477663060585
TIGRINHOS,2020,0.05888020444709745
TIGRINHOS,2021,0.12676509953776105
TIGRINHOS,2022,0.1014863727046602
TIGRINHOS,2023,0.046953251347327474
TIJUCAS,2002,0.24035150416376078
TIJUCAS,2003,0.24071900507198574
TIJUCAS,2004,0.2444766389398111
TIJUCAS,2005,0.25386272869534043
TIJUCAS,2006,0.3434751176024822
TIJUCAS,2007,0.3423416490313612
TIJUCAS,2008,0.31128790925042393
TIJUCAS,2009,0.2863389001832811
TIJUCAS,2010,0.310269657020947
TIJUCAS,2011,0.24536017054333234
TIJUCAS,2012,0.26197807485218705
TIJUCAS,2013,0.27022900747923007
TIJUCAS,2014,0.2750865093606498
TIJUCAS,2015,0.24830225988801213
TIJUCAS,2016,0.28851284332157856
TIJUCAS,2017,0.2818371022172163
TIJUCAS,2018,0.28984320190414953
TIJUCAS,2019,0.2994715886756443
TIJUCAS,2020,0.3140608759145465
TIJUCAS,2021,0.30690347161711373
TIJUCAS,2022,0.306749878397486
TIJUCAS,2023,0.32857810674968235
TIMBE DO SUL,2002,0.12827721591260632
TIMBE DO SUL,2003,0.11747672596428085
TIMBE DO SUL,2004,0.127192058405962
TIMBE DO SUL,2005,0.13767093505774125
TIMBE DO SUL,2006,0.14972279904289124
TIMBE DO SUL,2007,0.1335591821243227
TIMBE DO SUL,2008,0.13117795506843194
TIMBE DO SUL,2009,0.13423017057576245
TIMBE DO SUL,2010,0.12454775177768204
TIMBE DO SUL,2011,0.106666049462398
TIMBE DO SUL,2012,0.12125535911436486
TIMBE DO SUL,2013,0.12016039069309413
TIMBE DO SUL,2014,0.1297256110374592
TIMBE DO SUL,2015,0.1258941674688509
TIMBE DO SUL,2016,0.1292640265825889
TIMBE DO SUL,2017,0.11820336215723465
TIMBE DO SUL,2018,0.1436289248448952
TIMBE DO SUL,2019,0.15523932701948334
TIMBE DO SUL,2020,0.14564668069693196
TIMBE DO SUL,2021,0.15396318781810286
TIMBE DO SUL,2022,0.1692233656586672
TIMBE DO SUL,2023,0.2032763255202701
TIMBO,2002,0.6460733205202147
TIMBO,2003,0.616290363462989
TIMBO,2004,0.6182452279953786
TIMBO,2005,0.5956065378297868
TIMBO,2006,0.7685802528990935
TIMBO,2007,0.747892528336259
TIMBO,2008,0.7163728394065865
TIMBO,2009,0.7391909340080904
TIMBO,2010,0.6149203245930208
TIMBO,2011,0.5002271198567518
TIMBO,2012,0.5371163074423662
TIMBO,2013,0.5214032271362256
TIMBO,2014,0.5395739611445909
TIMBO,2015,0.5083984020647114
TIMBO,2016,0.5838368565273173
TIMBO,2017,0.5955290875016014
TIMBO,2018,0.5809178372721351
TIMBO,2019,0.6022659937806261
TIMBO,2020,0.6091861426272637
TIMBO,2021,0.5684181097969802
TIMBO,2022,0.5493970339897161
TIMBO,2023,0.5386718115189093
TIMBO GRANDE,2002,0.13534788598155967
TIMBO GRANDE,2003,0.13511041115178857
TIMBO GRANDE,2004,0.1701010695645301
TIMBO GRANDE,2005,0.1530752412858695
TIMBO GRANDE,2006,0.18177236101648836
TIMBO GRANDE,2007,0.15673440976374933
TIMBO GRANDE,2008,0.13564556056501215
TIMBO GRANDE,2009,0.125413442987772
TIMBO GRANDE,2010,0.13810655049743245
TIMBO GRANDE,2011,0.14092692959390835
TIMBO GRANDE,2012,0.13368354919029057
TIMBO GRANDE,2013,0.18447081689920197
TIMBO GRANDE,2014,0.19436547374118607
TIMBO GRANDE,2015,0.20478270071993726
TIMBO GRANDE,2016,0.2383218750564487
TIMBO GRANDE,2017,0.25718592271531904
TIMBO GRANDE,2018,0.2539830147883635
TIMBO GRANDE,2019,0.27200291948319866
TIMBO GRANDE,2020,0.25658012959304066
TIMBO GRANDE,2021,0.241093747074548
TIMBO GRANDE,2022,0.2054059047962949
TIMBO GRANDE,2023,0.18864152330282258
TRES BARRAS,2002,0.14811985631060426
TRES BARRAS,2003,0.1445407889488154
TRES BARRAS,2004,0.14247666814289595
TRES BARRAS,2005,0.14464050474728893
TRES BARRAS,2006,0.1898078018548549
TRES BARRAS,2007,0.1943037949782041
TRES BARRAS,2008,0.169754625863952
TRES BARRAS,2009,0.17373720783060437
TRES BARRAS,2010,0.16554422099913568
TRES BARRAS,2011,0.137065035740482
TRES BARRAS,2012,0.1528305025495933
TRES BARRAS,2013,0.1726546796845927
TRES BARRAS,2014,0.19918587405802002
TRES BARRAS,2015,0.18560820528061006
TRES BARRAS,2016,0.24730566484442823
TRES BARRAS,2017,0.26409455120121983
TRES BARRAS,2018,0.2750901787194174
TRES BARRAS,2019,0.27658422052306286
TRES BARRAS,2020,0.29534523689627273
TRES BARRAS,2021,0.2659175737728706
TRES BARRAS,2022,0.2745831635519298
TRES BARRAS,2023,0.29728983565754247
TREVISO,2002,0.13034256203215136
TREVISO,2003,0.2526528911362307
TREVISO,2004,0.2993182682442643
TREVISO,2005,0.33933680548134815
TREVISO,2006,0.5551959918613351
TREVISO,2007,0.5495920665783811
TREVISO,2008,0.5807236573548628
TREVISO,2009,0.53078322527701
TREVISO,2010,0.40640538447541147
TREVISO,2011,0.34756421692878764
TREVISO,2012,0.34556273094466616
TREVISO,2013,0.4627466123913535
TREVISO,2014,0.5102416165314698
TREVISO,2015,0.46446897673150145
TREVISO,2016,0.588102538554822
TREVISO,2017,0.623214650071414
TREVISO,2018,0.6191066010942008
TREVISO,2019,0.6396027185033307
TREVISO,2020,0.6362868596171845
TREVISO,2021,0.6026908733003218
TREVISO,2022,0.595209042807548
TREVISO,2023,0.5547582614775053
TREZE DE MAIO,2002,0.3338192662728984
TREZE DE MAIO,2003,0.333222108824907
TREZE DE MAIO,2004,0.33232408813077136
TREZE DE MAIO,2005,0.3727115432361129
TREZE DE MAIO,2006,0.42818085940113126
TREZE DE MAIO,2007,0.38035357303056816
TREZE DE MAIO,2008,0.4067990441485265
TREZE DE MAIO,2009,0.45387100938275293
TREZE DE MAIO,2010,0.3822930129662955
TREZE DE MAIO,2011,0.3457914906577199
TREZE DE MAIO,2012,0.400619785833817
TREZE DE MAIO,2013,0.4151401874295765
TREZE DE MAIO,2014,0.43333679904033945
TREZE DE MAIO,2015,0.4222901279232857
TREZE DE MAIO,2016,0.5220850340334817
TREZE DE MAIO,2017,0.5260096193610821
TREZE DE MAIO,2018,0.5360628565922693
TREZE DE MAIO,2019,0.549865038853054
TREZE DE MAIO,2020,0.5320202476413849
TREZE DE MAIO,2021,0.5728813037938975
TREZE DE MAIO,2022,0.5927912899411305
TREZE DE MAIO,2023,0.5802385074158204
TREZE TILIAS,2002,0.2583851465579572
TREZE TILIAS,2003,0.26610922052801483
TREZE TILIAS,2004,0.27237730706293173
TREZE TILIAS,2005,0.3125798390489145
TREZE TILIAS,2006,0.4043077149898766
TREZE TILIAS,2007,0.3913035308564701
TREZE TILIAS,2008,0.4088808571071082
TREZE TILIAS,2009,0.4137342693802991
TREZE TILIAS,2010,0.3445790001308684
TREZE TILIAS,2011,0.3002842495405917
TREZE TILIAS,2012,0.3404737799512002
TREZE TILIAS,2013,0.36862747306469357
TREZE TILIAS,2014,0.39876353889584504
TREZE TILIAS,2015,0.42289807630359444
TREZE TILIAS,2016,0.5298747812331159
TREZE TILIAS,2017,0.5688157219910894
TREZE TILIAS,2018,0.589268757414329
TREZE TILIAS,2019,0.6416348253604087
TREZE TILIAS,2020,0.6747484845192996
TREZE TILIAS,2021,0.6142895324946327
TREZE TILIAS,2022,0.5769919368892424
TREZE TILIAS,2023,0.5868431179400091
TROMBUDO CENTRAL,2002,0.3652788864590672
TROMBUDO CENTRAL,2003,0.4206194491682677
TROMBUDO CENTRAL,2004,0.444379819064736
TROMBUDO CENTRAL,2005,0.42603634994821926
TROMBUDO CENTRAL,2006,0.5208241904247265
TROMBUDO CENTRAL,2007,0.5087534527602813
TROMBUDO CENTRAL,2008,0.5009287075356814
TROMBUDO CENTRAL,2009,0.5036705312723936
TROMBUDO CENTRAL,2010,0.46903858802533444
TROMBUDO CENTRAL,2011,0.3883781145738612
TROMBUDO CENTRAL,2012,0.4017962917527014
TROMBUDO CENTRAL,2013,0.40060289624873735
TROMBUDO CENTRAL,2014,0.4230021994445073
TROMBUDO CENTRAL,2015,0.41146297831019013
TROMBUDO CENTRAL,2016,0.5078532359695863
TROMBUDO CENTRAL,2017,0.46359563749768645
TROMBUDO CENTRAL,2018,0.47246949398331106
TROMBUDO CENTRAL,2019,0.5462042852494559
TROMBUDO CENTRAL,2020,0.5722331715648237
TROMBUDO CENTRAL,2021,0.5433560148080768
TROMBUDO CENTRAL,2022,0.5491889598159032
TROMBUDO CENTRAL,2023,0.5548167566466631
TUBARAO,2002,0.25001986336688475
TUBARAO,2003,0.26219763941229113
TUBARAO,2004,0.2717165587431494
TUBARAO,2005,0.2655604287981876
TUBARAO,2006,0.31737426153922615
TUBARAO,2007,0.31547562398154866
TUBARAO,2008,0.29764634111861166
TUBARAO,2009,0.30578138266336363
TUBARAO,2010,0.26636342052947504
TUBARAO,2011,0.22802689789005218
TUBARAO,2012,0.24251929599275857
TUBARAO,2013,0.23893792703420402
TUBARAO,2014,0.24891326214448994
TUBARAO,2015,0.23566541131418983
TUBARAO,2016,0.2712689094881632
TUBARAO,2017,0.2692677342350148
TUBARAO,2018,0.26407107795863105
TUBARAO,2019,0.28680332987970714
TUBARAO,2020,0.27405463477349457
TUBARAO,2021,0.26866636628773655
TUBARAO,2022,0.2853834698440681
TUBARAO,2023,0.2788254213357421
TUNAPOLIS,2002,0.10499093377369301
TUNAPOLIS,2003,0.10424190880016797
TUNAPOLIS,2004,0.10551648669670573
TUNAPOLIS,2005,0.10646375306181735
TUNAPOLIS,2006,0.08857562789192713
TUNAPOLIS,2007,0.07054304482063024
TUNAPOLIS,2008,0.07445559070466366
TUNAPOLIS,2009,0.08414228828906337
TUNAPOLIS,2010,0.07719612568513458
TUNAPOLIS,2011,0.08221543650981286
TUNAPOLIS,2012,0.10769987398067689
TUNAPOLIS,2013,0.11657828223725027
TUNAPOLIS,2014,0.12682210614919848
TUNAPOLIS,2015,0.12148966280624529
TUNAPOLIS,2016,0.13766189216883262
TUNAPOLIS,2017,0.1445704666057691
TUNAPOLIS,2018,0.1538025328792254
TUNAPOLIS,2019,0.14891934358048653
TUNAPOLIS,2020,0.15407777491053773
TUNAPOLIS,2021,0.1490788693674165
TUNAPOLIS,2022,0.16871811172335258
TUNAPOLIS,2023,0.18482812705596285
TURVO,2002,0.25907802976831223
TURVO,2003,0.25811497726278076
TURVO,2004,0.28348784612491235
TURVO,2005,0.2726523747183637
TURVO,2006,0.2993070998151249
TURVO,2007,0.3013733634565159
TURVO,2008,0.28328640080284617
TURVO,2009,0.30334141445671636
TURVO,2010,0.2602196954272025
TURVO,2011,0.2205112109968132
TURVO,2012,0.24446133023151342
TURVO,2013,0.2264923859695887
TURVO,2014,0.24082729963554517
TURVO,2015,0.24588908853085825
TURVO,2016,0.2978051117122371
TURVO,2017,0.28820267805744804
TURVO,2018,0.3002746794216745
TURVO,2019,0.327399119757913
TURVO,2020,0.3341135241446975
TURVO,2021,0.34662452179017594
TURVO,2022,0.35113831439687193
TURVO,2023,0.3541557890455458
UNIAO DO OESTE,2002,0.05893730200811422
UNIAO DO OESTE,2003,0.07382883788868595
UNIAO DO OESTE,2004,0.05416846756433323
UNIAO DO OESTE,2005,0.05100759660354667
UNIAO DO OESTE,2006,0.043917487216919855
UNIAO DO OESTE,2007,0.07197294805794957
UNIAO DO OESTE,2008,0.07867206590403028
UNIAO DO OESTE,2009,0.08597154378566135
UNIAO DO OESTE,2010,0.06510324330833506
UNIAO DO OESTE,2011,0.07143813139879468
UNIAO DO OESTE,2012,0.07635956264682428
UNIAO DO OESTE,2013,0.06514218646131728
UNIAO DO OESTE,2014,0.06985889128991682
UNIAO DO OESTE,2015,0.06053022680534584
UNIAO DO OESTE,2016,0.06902686292212237
UNIAO DO OESTE,2017,0.0691518962818896
UNIAO DO OESTE,2018,0.08652444755895165
UNIAO DO OESTE,2019,0.08910250788300444
UNIAO DO OESTE,2020,0.09456610433666454
UNIAO DO OESTE,2021,0.12711082127925147
UNIAO DO OESTE,2022,0.11898300374173557
UNIAO DO OESTE,2023,0.13426210502612201
URUBICI,2002,0.06374790717730704
URUBICI,2003,0.059564079554670926
URUBICI,2004,0.061531591781368265
URUBICI,2005,0.05886677378165117
URUBICI,2006,0.0665985753387275
URUBICI,2007,0.06118273246360402
URUBICI,2008,0.056160466940396093
URUBICI,2009,0.06377505321349398
URUBICI,2010,0.05792866587869991
URUBICI,2011,0.05298840364644517
URUBICI,2012,0.059265102153510205
URUBICI,2013,0.056995302324988666
URUBICI,2014,0.06594997986194266
URUBICI,2015,0.06426093615482904
URUBICI,2016,0.06904116777669096
URUBICI,2017,0.06054080523249008
URUBICI,2018,0.04881933180053146
URUBICI,2019,0.06176581795365841
URUBICI,2020,0.06353375501157954
URUBICI,2021,0.06014603593988781
URUBICI,2022,0.0725000023459483
URUBICI,2023,0.06697548663355327
URUPEMA,2002,0.026442923136367872
URUPEMA,2003,0.027278157343897862
URUPEMA,2004,0.02849916681756303
URUPEMA,2005,0.027961670996716058
URUPEMA,2006,0.043875541139240505
URUPEMA,2007,0.04049405487728133
URUPEMA,2008,0.038022433373451875
URUPEMA,2009,0.025614898517535643
URUPEMA,2010,0.02237558978978445
URUPEMA,2011,0.009418300358124307
URUPEMA,2012,0.03036214354517908
URUPEMA,2013,0.01941964306339811
URUPEMA,2014,0.027640526060895003
URUPEMA,2015,0.018671722786072778
URUPEMA,2016,0.009934942853649745
URUPEMA,2017,0.009440728069573034
URUPEMA,2018,0.0003164077871768131
URUPEMA,2019,0.010033078992230602
URUPEMA,2020,0.010690328736103384
URUPEMA,2021,0.03126342376343691
URUPEMA,2022,0.025924712303961622
URUPEMA,2023,0.057433631633905705
URUSSANGA,2002,0.31319985969794106
URUSSANGA,2003,0.34079269861886075
URUSSANGA,2004,0.3479067355469848
URUSSANGA,2005,0.3299853232031377
URUSSANGA,2006,0.4272337212516918
URUSSANGA,2007,0.41122189097847145
URUSSANGA,2008,0.38166986998731545
URUSSANGA,2009,0.39734220754026084
URUSSANGA,2010,0.38109217660036304
URUSSANGA,2011,0.3232604629643042
URUSSANGA,2012,0.3594446043677847
URUSSANGA,2013,0.38184125828323345
URUSSANGA,2014,0.3897847208428261
URUSSANGA,2015,0.3620286180622719
URUSSANGA,2016,0.41903019934764585
URUSSANGA,2017,0.4107837597422804
URUSSANGA,2018,0.42582000433787187
URUSSANGA,2019,0.45013592650057827
URUSSANGA,2020,0.4997206779224397
URUSSANGA,2021,0.4875994038127824
URUSSANGA,2022,0.448791575789515
URUSSANGA,2023,0.47229822561604706
VARGEAO,2002,0.2090789594686535
VARGEAO,2003,0.20454251381639202
VARGEAO,2004,0.22143043922144443
VARGEAO,2005,0.22044549673574837
VARGEAO,2006,0.23477455714492695
VARGEAO,2007,0.24170751386254052
VARGEAO,2008,0.23292926380562234
VARGEAO,2009,0.260231533487283
VARGEAO,2010,0.2157164450206172
VARGEAO,2011,0.18238214732553693
VARGEAO,2012,0.19674841206562274
VARGEAO,2013,0.20355332052567676
VARGEAO,2014,0.21244389191440696
VARGEAO,2015,0.2177251052759614
VARGEAO,2016,0.24193927526139886
VARGEAO,2017,0.24217883398526088
VARGEAO,2018,0.2485426897049208
VARGEAO,2019,0.2817786858440766
VARGEAO,2020,0.2861973905276366
VARGEAO,2021,0.2737331452038944
VARGEAO,2022,0.23430290348861846
VARGEAO,2023,0.2874400409160526
VARGEM,2002,0.05546400047645187
VARGEM,2003,0.04474110367287874
VARGEM,2004,0.057204912250192884
VARGEM,2005,0.054033715342364674
VARGEM,2006,0.11704900808138574
VARGEM,2007,0.11875335061482407
VARGEM,2008,0.09880369102935727
VARGEM,2009,0.13292968482865727
VARGEM,2010,0.0718185974366575
VARGEM,2011,0.06245804530321354
VARGEM,2012,0.06611052783530821
VARGEM,2013,0.0659955606156011
VARGEM,2014,0.08568548131684228
VARGEM,2015,0.09005614867752232
VARGEM,2016,0.10269735405840569
VARGEM,2017,0.09228256611075056
VARGEM,2018,0.08127001044010122
VARGEM,2019,0.08989223625032791
VARGEM,2020,0.09866489513121263
VARGEM,2021,0.1215876243911545
VARGEM,2022,0.1222523931336466
VARGEM,2023,0.11357163076976635
VARGEM BONITA,2002,0.31967389849963
VARGEM BONITA,2003,0.31025030151436384
VARGEM BONITA,2004,0.31435446068786166
VARGEM BONITA,2005,0.3274832950563248
VARGEM BONITA,2006,0.4391378888900279
VARGEM BONITA,2007,0.38855680196517295
VARGEM BONITA,2008,0.34630415513518914
VARGEM BONITA,2009,0.3712426671874217
VARGEM BONITA,2010,0.26541169399813164
VARGEM BONITA,2011,0.23502680128363035
VARGEM BONITA,2012,0.25876664257437554
VARGEM BONITA,2013,0.2900368926359045
VARGEM BONITA,2014,0.3248730663997816
VARGEM BONITA,2015,0.319088866462011
VARGEM BONITA,2016,0.3991384546509621
VARGEM BONITA,2017,0.4486080310918565
VARGEM BONITA,2018,0.5021212250872966
VARGEM BONITA,2019,0.4960766135638628
VARGEM BONITA,2020,0.5519206099252534
VARGEM BONITA,2021,0.4817235993414303
VARGEM BONITA,2022,0.5038369384605663
VARGEM BONITA,2023,0.450766222194311
VIDAL RAMOS,2002,0.1012486075663406
VIDAL RAMOS,2003,0.09750857602110324
VIDAL RAMOS,2004,0.10428032431950437
VIDAL RAMOS,2005,0.10408395568763108
VIDAL RAMOS,2006,0.1386357598259554
VIDAL RAMOS,2007,0.1329928915515626
VIDAL RAMOS,2008,0.12169391104829484
VIDAL RAMOS,2009,0.13190133526130038
VIDAL RAMOS,2010,0.1190653908288561
VIDAL RAMOS,2011,0.10013730606691322
VIDAL RAMOS,2012,0.11393656279566655
VIDAL RAMOS,2013,0.11423045622702076
VIDAL RAMOS,2014,0.12149881643598025
VIDAL RAMOS,2015,0.12794680810600056
VIDAL RAMOS,2016,0.1396477109311161
VIDAL RAMOS,2017,0.13368688369917897
VIDAL RAMOS,2018,0.13766204223115985
VIDAL RAMOS,2019,0.15867536129854498
VIDAL RAMOS,2020,0.1704653396824741
VIDAL RAMOS,2021,0.1657459374792069
VIDAL RAMOS,2022,0.15035577003801112
VIDAL RAMOS,2023,0.13285846111813537
VIDEIRA,2002,0.24065249143537598
VIDEIRA,2003,0.2606680308496139
VIDEIRA,2004,0.25444666613538336
VIDEIRA,2005,0.24171594232150018
VIDEIRA,2006,0.33025653153309187
VIDEIRA,2007,0.3196119784224348
VIDEIRA,2008,0.1888691996611347
VIDEIRA,2009,0.22137683628743796
VIDEIRA,2010,0.19707493038142854
VIDEIRA,2011,0.16358278017806424
VIDEIRA,2012,0.18753806982576937
VIDEIRA,2013,0.18577114866221472
VIDEIRA,2014,0.19525798636529704
VIDEIRA,2015,0.19646337989182416
VIDEIRA,2016,0.2323317933633876
VIDEIRA,2017,0.3081681059039776
VIDEIRA,2018,0.3134810437478315
VIDEIRA,2019,0.3072563228240846
VIDEIRA,2020,0.3091285946210403
VIDEIRA,2021,0.3013924580186291
VIDEIRA,2022,0.29868739378790093
VIDEIRA,2023,0.30669656269764367
VITOR MEIRELES,2002,0.13138652903764217
VITOR MEIRELES,2003,0.13842267716528275
VITOR MEIRELES,2004,0.1411072430209878
VITOR MEIRELES,2005,0.14731203956337896
VITOR MEIRELES,2006,0.17248823752018577
VITOR MEIRELES,2007,0.1959919344951785
VITOR MEIRELES,2008,0.19315120918743506
VITOR MEIRELES,2009,0.20191878153888265
VITOR MEIRELES,2010,0.16299311364786606
VITOR MEIRELES,2011,0.1522863874188249
VITOR MEIRELES,2012,0.19629245959785516
VITOR MEIRELES,2013,0.21520233040566794
VITOR MEIRELES,2014,0.2518228092080799
VITOR MEIRELES,2015,0.2959001416997021
VITOR MEIRELES,2016,0.35639737257077975
VITOR MEIRELES,2017,0.3709458593247807
VITOR MEIRELES,2018,0.3697396784556176
VITOR MEIRELES,2019,0.382528459244261
VITOR MEIRELES,2020,0.38538972647279723
VITOR MEIRELES,2021,0.3935616821279078
VITOR MEIRELES,2022,0.37184360764121704
VITOR MEIRELES,2023,0.363804187133389
WITMARSUM,2002,0.2612469679080124
WITMARSUM,2003,0.2743300002604679
WITMARSUM,2004,0.2758611053870355
WITMARSUM,2005,0.33017411073177677
WITMARSUM,2006,0.40753140596901793
WITMARSUM,2007,0.3786665559362569
WITMARSUM,2008,0.4260909193678145
WITMARSUM,2009,0.49545772091641394
WITMARSUM,2010,0.4494305795899729
WITMARSUM,2011,0.32086880881073043
WITMARSUM,2012,0.36879661544266384
WITMARSUM,2013,0.34897487547101136
WITMARSUM,2014,0.455460276803129
WITMARSUM,2015,0.4591224731478558
WITMARSUM,2016,0.5328889626762658
WITMARSUM,2017,0.5586396971071943
WITMARSUM,2018,0.6056674052742352
WITMARSUM,2019,0.6507654095968254
WITMARSUM,2020,0.6603745651333591
WITMARSUM,2021,0.6352894958789138
WITMARSUM,2022,0.6499175555758159
WITMARSUM,2023,0.6500085957386144
XANXERE,2002,0.19748342777424208
XANXERE,2003,0.2038201883981296
XANXERE,2004,0.20874278525452383
XANXERE,2005,0.20696938442982665
XANXERE,2006,0.25182921488075033
XANXERE,2007,0.24580228764905304
XANXERE,2008,0.23573814431347379
XANXERE,2009,0.24776379198482776
XANXERE,2010,0.20898048751007237
XANXERE,2011,0.1843225748502387
XANXERE,2012,0.19724455078723424
XANXERE,2013,0.1816298921125971
XANXERE,2014,0.18799606965454688
XANXERE,2015,0.1789482323825184
XANXERE,2016,0.21239597773161054
XANXERE,2017,0.20084406211636496
XANXERE,2018,0.19407828753536238
XANXERE,2019,0.22172454489828933
XANXERE,2020,0.23189568276826644
XANXERE,2021,0.22680664949466622
XANXERE,2022,0.22836276141344009
XANXERE,2023,0.22385937925859165
XAVANTINA,2002,0.050150624072537814
XAVANTINA,2003,0.08329458470598132
XAVANTINA,2004,0.0778740371973247
XAVANTINA,2005,0.07607594723864712
XAVANTINA,2006,0.07106524286938908
XAVANTINA,2007,0.05864767695644245
XAVANTINA,2008,0.07212303193955807
XAVANTINA,2009,0.07532607301625138
XAVANTINA,2010,0.06497098557833997
XAVANTINA,2011,0.06897448881176181
XAVANTINA,2012,0.0626704588964076
XAVANTINA,2013,0.049775159953262316
XAVANTINA,2014,0.05204101086172804
XAVANTINA,2015,0.06995804915728529
XAVANTINA,2016,0.07853515096235515
XAVANTINA,2017,0.07861217346211188
XAVANTINA,2018,0.06188182742530396
XAVANTINA,2019,0.07411837472562915
XAVANTINA,2020,0.07189919187341867
XAVANTINA,2021,0.07954025796398986
XAVANTINA,2022,0.07821246763711794
XAVANTINA,2023,0.08268749546949467
XAXIM,2002,0.2220811484064319
XAXIM,2003,0.1400064755022854
XAXIM,2004,0.13580302615536544
XAXIM,2005,0.14690721665439643
XAXIM,2006,0.2282610484775105
XAXIM,2007,0.3107089748258295
XAXIM,2008,0.2988542016394682
XAXIM,2009,0.31625641741055843
XAXIM,2010,0.26351865693163684
XAXIM,2011,0.2064444132168646
XAXIM,2012,0.19837070267102264
XAXIM,2013,0.22651332085512935
XAXIM,2014,0.2643229269642564
XAXIM,2015,0.24775954515710313
XAXIM,2016,0.30657685258414574
XAXIM,2017,0.29962887581423425
XAXIM,2018,0.2905461053956332
XAXIM,2019,0.3047744575530084
XAXIM,2020,0.3315435446891764
XAXIM,2021,0.2987004738605784
XAXIM,2022,0.32249710914346114
XAXIM,2023,0.3233951273166635
ZORTEA,2002,0.05195804844528025
ZORTEA,2003,0.04390221390805944
ZORTEA,2004,0.04241827989501694
ZORTEA,2005,0.03762782026807829
ZORTEA,2006,0.04038240211631275
ZORTEA,2007,0.036728437373476974
ZORTEA,2008,0.023070718122065872
ZORTEA,2009,0.03212273592500626
ZORTEA,2010,0.008992150581096522
ZORTEA,2011,0.008107289155667592
ZORTEA,2012,0.015384282650744794
ZORTEA,2013,0.012860742521939682
ZORTEA,2014,0.007013771389414818
ZORTEA,2015,0.006914217334881928
ZORTEA,2016,0.021372718781701404
ZORTEA,2017,0.03326481662046434
ZORTEA,2018,0.03143077403796358
ZORTEA,2019,0.03386961436954015
ZORTEA,2020,0.03569311799900113
ZORTEA,2021,0.01229541297859513
ZORTEA,2022,0.039770336894308006
ZORTEA,2023,0.03640769474412865
