municipio,ano,hazard_mean,hazard_max,hazard_index
Bocaina do Sul,2002,0.2679396432184544,0.4870943791763116,0.377517011197383
Massaranduba,2002,0.20508702626480974,0.34475214227703027,0.27491958427092
Blumenau,2002,0.26820216371474126,0.42591519983629517,0.34705868177551824
Timbé do Sul,2002,0.3569745034262148,0.6243824737663539,0.4906784885962844
Lontras,2002,0.34889051603525606,0.4803090519996666,0.41459978401746134
Ascurra,2002,0.3171769104462,0.4479771731376745,0.38257704179193724
Tigrinhos,2002,0.46337169476050166,0.8688474472638333,0.6661095710121675
Arroio Trinta,2002,0.3736351559917388,0.7433812289819631,0.5585081924868509
Lindóia do Sul,2002,0.49857646584969995,0.8001262958031975,0.6493513808264487
Tijucas,2002,0.3353959838409521,0.5611347209567655,0.4482653523988588
Arvoredo,2002,0.4658748404387504,0.894753449330887,0.6803141448848187
Leoberto Leal,2002,0.2755040727037905,0.47910022394666846,0.37730214832522946
Treviso,2002,0.3838841623303355,0.6062366248853565,0.495060393607846
Balneário Arroio do Silva,2002,0.4068166451191426,0.857186240409426,0.6320014427642844
Treze de Maio,2002,0.41195451947283734,0.6930936878915418,0.5525241036821895
Major Gercino,2002,0.27713449938199264,0.5069522839775393,0.392043391679766
Balneário Camboriú,2002,0.4187352106670684,0.6251062922216163,0.5219207514443424
Macieira,2002,0.348943366688074,0.7598375333013059,0.5543904499946899
Luzerna,2002,0.43941350075712593,0.7271986140833592,0.5833060574202426
Timbó,2002,0.2863899112588026,0.4134573808573692,0.3499236460580859
Luiz Alves,2002,0.25481707121263986,0.3934406737350248,0.3241288724738323
Três Barras,2002,0.3411768433021387,0.8506156026791919,0.5958962229906652
Atalanta,2002,0.3364348852681971,0.5129929685111587,0.4247139268896779
Mafra,2002,0.336999077331954,0.7916580597717869,0.5643285685518704
Timbó Grande,2002,0.29697317527521344,0.7950168144298381,0.5459949948525258
Aurora,2002,0.35237361397621286,0.491837358605931,0.4221054862910719
Siderópolis,2002,0.3733648273921822,0.5715159191160415,0.4724403732541118
Laguna,2002,0.34046806339516655,1.0,0.6702340316975832
Antônio Carlos,2002,0.28647350461445975,0.5407184849626481,0.4135959947885539
Serra Alta,2002,0.454719197955735,0.850096810353613,0.652408004154674
Lajeado Grande,2002,0.478780340238699,0.8236013451543872,0.6511908426965431
Arabutã,2002,0.48590764131317266,0.8110872719486423,0.6484974566309074
Apiúna,2002,0.3257932694066536,0.4366107753451072,0.3812020223758804
Seara,2002,0.48227789772658514,0.8895554126358122,0.6859166551811986
Lages,2002,0.287260329331576,0.4807553422921681,0.38400783581187203
Anitápolis,2002,0.27988655973508614,0.5367778470365637,0.40833220338582493
Taió,2002,0.3098097519887636,0.6324704404802236,0.4711400962344936
Lauro Müller,2002,0.38405725463363183,0.5689828361794124,0.4765200454065221
Tangará,2002,0.34832723270341426,0.6863827253857664,0.5173549790445904
Lebon Régis,2002,0.31760779672060324,0.7304188321614187,0.524013314441011
Armazém,2002,0.41549365660088705,0.6403873970205135,0.5279405268107003
Sombrio,2002,0.3411151856467577,0.74204634363842,0.5415807646425889
Laurentino,2002,0.3649102619210183,0.5419341689595436,0.45342221544028094
Araquari,2002,0.23703281296366607,0.357129462934764,0.29708113794921504
Sul Brasil,2002,0.45132749523913984,0.8568225822888008,0.6540750387639703
Araranguá,2002,0.41259572659392413,0.8227063213027178,0.6176510239483209
Alfredo Wagner,2002,0.26564128744974447,0.48183912694922243,0.3737402071994834
São Miguel da Boa Vista,2002,0.5000761677190104,0.8755732191990223,0.6878246934590164
Jardinópolis,2002,0.46338108229290187,0.8465301131152552,0.6549555977040785
São Martinho,2002,0.3595621178489388,0.6382235382983261,0.49889282807363244
Alto Bela Vista,2002,0.5410744379264131,0.7545903849033996,0.6478324114149063
Jaraguá do Sul,2002,0.20475682102810244,0.4096395703096175,0.30719819566886
São Lourenço do Oeste,2002,0.42845031423550467,0.969122592479364,0.6987864533574344
Águas Frias,2002,0.48772639974572574,0.7707123203913177,0.6292193600685216
São Ludgero,2002,0.4332185822602996,0.5880011516321786,0.5106098669462391
Jaguaruna,2002,0.40743521704296143,0.9380942818505653,0.6727647494467633
Águas Mornas,2002,0.2816094401980793,0.5562053454305185,0.4189073928142989
José Boiteux,2002,0.3295067706462973,0.5836863635701911,0.4565965671082442
Saudades,2002,0.48598326957135746,0.7847026651504398,0.6353429673608987
Joinville,2002,0.19294086316146966,0.305337395502799,0.24913912933213433
Schroeder,2002,0.18016720752664467,0.3442372363191685,0.2622022219229066
Angelina,2002,0.27220648997725255,0.5145056650827855,0.393356077530019
Lacerdópolis,2002,0.4626067647325456,0.6958116783858148,0.5792092215591802
Anita Garibaldi,2002,0.4277106191208159,0.6242324397184363,0.5259715294196261
Jupiá,2002,0.42621199804903315,1.0,0.7131059990245165
São Miguel do Oeste,2002,0.5381514618079296,0.8754713135636406,0.7068113876857851
Joaçaba,2002,0.44696369666338565,0.7189991298826518,0.5829814132730187
Anchieta,2002,0.4633879243677964,0.9150107000917153,0.6891993122297558
São Pedro de Alcântara,2002,0.2921657030856464,0.5607284562140069,0.42644707964982664
Itapoá,2002,0.24737884398080912,0.5906546974196292,0.41901677070021914
São José,2002,0.3068036535621889,0.6633246407297051,0.48506414714594703
Itapiranga,2002,0.6011781083859868,0.9581492312051919,0.7796636697955894
Agrolândia,2002,0.32073667040855813,0.5276673800061147,0.4242020252073364
São João do Sul,2002,0.2922000817463864,0.7233223525459338,0.5077612171461601
Abdon Batista,2002,0.3699751588427446,0.5972596648231014,0.48361741183292306
Itajaí,2002,0.35177035572448684,0.5295592701445877,0.4406648129345373
São Joaquim,2002,0.31297033900296883,0.497114209946953,0.4050422744749609
Itapema,2002,0.39012602968643395,0.5888112487416712,0.4894686392140526
Abelardo Luz,2002,0.43287697332803093,0.9279017629674924,0.6803893681477616
São José do Cerrito,2002,0.284775525066073,0.5805863770148846,0.43268095104047877
Jaborá,2002,0.4820672127555971,0.7336526376575294,0.6078599252065633
Água Doce,2002,0.37213311213699163,0.7715473382095942,0.5718402251732929
Jacinto Machado,2002,0.32744849116527697,0.6386871019264901,0.48306779654588355
Águas de Chapecó,2002,0.5030084012169773,0.8450555832377806,0.674031992227379
São José do Cedro,2002,0.48696666479196377,0.9310506471007847,0.7090086559463742
Ituporanga,2002,0.3497766631697805,0.457963925405075,0.40387029428742777
Agronômica,2002,0.3551144909278221,0.522470192601651,0.4387923417647365
São Cristóvão do Sul,2002,0.2790626237066056,0.614694792622032,0.4468787081643188
Irati,2002,0.4431535259056827,0.8929990828492816,0.6680763043774822
São Carlos,2002,0.4961043581932286,0.8419612149139366,0.6690327865535826
São Domingos,2002,0.4399450093290831,0.9658208498929991,0.702882929611041
Irineópolis,2002,0.3224207551236717,0.8842012296613337,0.6033109923925027
São Bonifácio,2002,0.30185069284216104,0.5845549700058145,0.44320283142398775
Ipumirim,2002,0.4948376467658072,0.8217411404330786,0.6582893935994429
Irani,2002,0.481223642707968,0.7680687683205351,0.6246462055142515
Iraceminha,2002,0.5294580685498465,0.8388192533713781,0.6841386609606123
São João Batista,2002,0.29777620163970825,0.5426239282172121,0.4202000649284602
Itaiópolis,2002,0.3267871516700856,0.7407057428457615,0.5337464472579235
São João do Itaperiú,2002,0.253600671391411,0.3907629147508225,0.3221817930711167
Itá,2002,0.5119741396187427,0.9002438684816229,0.7061090040501827
São João do Oeste,2002,0.5720967628005478,0.9488789171556259,0.7604878399780868
São Francisco do Sul,2002,0.2310247332805792,0.4462563535960982,0.3386405434383387
Santa Helena,2002,0.542442622323854,0.87145538425372,0.7069490032887871
Santa Cecília,2002,0.30620467740214197,0.704624758852613,0.5054147181273775
Imbituba,2002,0.33998171818174133,0.8615773325660667,0.600779525373904
Santa Rosa de Lima,2002,0.3273450563195007,0.5799010845512685,0.45362307043538463
Imbuia,2002,0.30757690901575263,0.4452729581829102,0.3764249335993314
Salto Veloso,2002,0.37597080893888324,0.751859777845715,0.5639152933922991
Imaruí,2002,0.356544220792071,0.7821326630218126,0.5693384419069418
Sangão,2002,0.4244170961767725,0.8253477794923035,0.624882437834538
São Bento do Sul,2002,0.23718273453093236,0.562060531947417,0.39962163323917466
Ipira,2002,0.5390938375655152,0.7915730617542807,0.6653334496598979
São Bernardino,2002,0.42796530887886153,0.9418526444512386,0.68490897666505
Iomerê,2002,0.3724944846316347,0.7286252929787019,0.5505598888051684
Ipuaçu,2002,0.4727795549515955,0.934129765068316,0.7034546600099558
Iporã do Oeste,2002,0.5505049513988891,0.9607740269662712,0.7556394891825802
Santa Terezinha,2002,0.32560153489512067,0.7141381675163397,0.5198698512057303
Santa Rosa do Sul,2002,0.31017126665691896,0.711617490570774,0.5108943786138465
Santo Amaro da Imperatriz,2002,0.2916986415250516,0.6077362680851608,0.44971745480510616
Santiago do Sul,2002,0.45056555771296164,0.9106695200244572,0.6806175388687095
Santa Terezinha do Progresso,2002,0.45067395843672275,0.8981962702537454,0.6744351143452341
Indaial,2002,0.3038839735498236,0.43015581329758834,0.367019893423706
Rio Negrinho,2002,0.2932071161511545,0.6616447569550596,0.47742593655310706
Rodeio,2002,0.2981418784409091,0.443085702639356,0.37061379054013255
Ibicaré,2002,0.41166364877466405,0.7135432589422197,0.5626034538584419
Riqueza,2002,0.5503652173873378,0.9429670026375159,0.7466661100124268
Ibirama,2002,0.3334304482567684,0.5054810673887411,0.41945575782275474
Rio Rufino,2002,0.25711868782151387,0.5006793924517886,0.3788990401366512
Rio Fortuna,2002,0.35126755850013436,0.5647490848770687,0.4580083216886015
Herval d'Oeste,2002,0.41968486162075497,0.6971756461209226,0.5584302538708388
Ibiam,2002,0.3556144891443682,0.6790583919290739,0.5173364405367211
Ilhota,2002,0.2881361539917252,0.44536133759170854,0.3667487457917169
Saltinho,2002,0.43555798142696744,0.8999432240031447,0.6677506027150562
Salete,2002,0.3058946400350108,0.6464214137708482,0.4761580269029295
Romelândia,2002,0.5030512433658736,0.8917997319097901,0.6974254876378319
Içara,2002,0.4504935534257324,0.776473906216507,0.6134837298211198
Rio do Campo,2002,0.3077842396932834,0.6860513830859293,0.49691781138960633
Guabiruba,2002,0.2899516916381818,0.49344294291620205,0.3916973172771919
Guaraciaba,2002,0.5008474798554956,0.9119195624851388,0.7063835211703172
Gravatal,2002,0.41362655725386926,0.6797529082440804,0.5466897327489748
Rio das Antas,2002,0.339180324814817,0.7324977071232041,0.5358390159690105
Guatambú,2002,0.4967324710099445,0.902930555774597,0.6998315133922708
Rio do Sul,2002,0.3580070474767787,0.517476816467951,0.43774193197236483
Guarujá do Sul,2002,0.47868232902122454,0.9428309385509019,0.7107566337860632
Rio do Oeste,2002,0.3506865942478601,0.5728115764801793,0.4617490853640197
Rio dos Cedros,2002,0.2673424830199359,0.5316311578237173,0.3994868204218266
Guaramirim,2002,0.18761951942191668,0.3044280474668616,0.24602378344438913
Presidente Getúlio,2002,0.35796474165645,0.5580352593498423,0.45800000050314615
Garuva,2002,0.21809240565603455,0.42631581788985407,0.3222041117729443
Presidente Castello Branco,2002,0.5037806301607993,0.7092632222561912,0.6065219262084953
Garopaba,2002,0.3426434550288078,0.8132507194558058,0.5779470872423068
Rancho Queimado,2002,0.2580559701309926,0.5054628777262641,0.3817594239286283
Grão-Pará,2002,0.3722776154009042,0.5709646837197941,0.4716211495603492
Presidente Nereu,2002,0.3249401724889944,0.4334151885941959,0.3791776805415952
Gaspar,2002,0.27599965513029473,0.44589283065129504,0.3609462428907949
Quilombo,2002,0.47246564924542334,0.8479646309056277,0.6602151400755255
Governador Celso Ramos,2002,0.35074676080941647,0.6462584880148927,0.4985026244121546
Princesa,2002,0.4875440146857718,0.9378171812901256,0.7126805979879487
Porto Belo,2002,0.37208205879029255,0.5911001996686257,0.4815911292294591
Faxinal dos Guedes,2002,0.48576512725318133,0.8692550698053602,0.6775100985292708
Flor do Sertão,2002,0.5460853002523995,0.8684398247223073,0.7072625624873534
Ponte Alta do Norte,2002,0.2935064948617957,0.6453683888719047,0.4694374418668502
Entre Rios,2002,0.4705552052880623,0.8706817487007029,0.6706184769943826
Doutor Pedrinho,2002,0.3042920259084366,0.5886820383272459,0.44648703211784124
Ponte Serrada,2002,0.44870570922471115,0.8022885094117134,0.6254971093182122
Erval Velho,2002,0.42561243606592103,0.6754120230121452,0.5505122295390331
Ermo,2002,0.37476813725606195,0.7401368890133148,0.5574525131346884
Frei Rogério,2002,0.32836446943653874,0.6643228370528891,0.4963436532447139
Pouso Redondo,2002,0.31437816421790366,0.5790957573287139,0.44673696077330877
Praia Grande,2002,0.30232671701965863,0.6364499107373341,0.4693883138784964
Galvão,2002,0.42579207833767263,0.9907848189719176,0.7082884486547951
Formosa do Sul,2002,0.45206452920416607,0.9006420055029042,0.6763532673535351
Porto União,2002,0.276993066815593,0.8238342723209735,0.5504136695682833
Florianópolis,2002,0.3753043520058082,0.7629365296511845,0.5691204408284963
Fraiburgo,2002,0.33035280435613856,0.6970345460103944,0.5136936751832665
Forquilhinha,2002,0.43904588021282226,0.6783894397451352,0.5587176599789787
Curitibanos,2002,0.3055882103190607,0.635615420120968,0.4706018152200144
Cunhataí,2002,0.48850323089807673,0.8443953822490664,0.6664493065735716
Pinheiro Preto,2002,0.38123915541576237,0.7135432589422197,0.547391207178991
Balneário Piçarras,2002,0.3424901055064606,0.5148598735282836,0.42867498951737204
Pinhalzinho,2002,0.47985140062092424,0.789055334760012,0.6344533676904681
Cunha Porã,2002,0.4875644893886322,0.7968298917136936,0.6421971905511629
Pomerode,2002,0.2367108727996131,0.39559767655151357,0.31615427467556334
Dionísio Cerqueira,2002,0.4863311758871113,0.9507184347294405,0.7185248053082759
Ponte Alta,2002,0.27769126710286973,0.5921243380242799,0.4349078025635748
Dona Emma,2002,0.3598038229627703,0.5961479669825742,0.47797589497267223
Piratuba,2002,0.5784171472115954,1.0,0.7892085736057977
Descanso,2002,0.5544532871261526,0.8860077244226897,0.7202305057744212
Planalto Alegre,2002,0.4882391351043417,0.8573844276653009,0.6728117813848213
Cocal do Sul,2002,0.44721638496292154,0.6324263731784368,0.5398213790706792
Cordilheira Alta,2002,0.47405732690706015,0.908662323706749,0.6913598253069047
Penha,2002,0.39383031848755096,0.5847855617382761,0.48930794011291356
Concórdia,2002,0.5054139390249586,0.7421798605267717,0.6237968997758652
Celso Ramos,2002,0.46148740395206445,0.7104987269731914,0.585993065462628
Paulo Lopes,2002,0.30812844867215594,0.6723624828675113,0.49024546576983363
Caxambu do Sul,2002,0.5028624483018465,0.8575709030116083,0.6802166756567274
Pedras Grandes,2002,0.43255099517127676,0.5866813626971396,0.5096161789342082
Chapecó,2002,0.4900717383480692,0.9463960657245162,0.7182339020362927
Chapadão do Lageado,2002,0.3240074238911321,0.45045202428265735,0.3872297240868947
Cerro Negro,2002,0.39220221897588786,0.5586466931621323,0.47542445606901007
Petrolândia,2002,0.3183243441934702,0.48520669859709953,0.4017655213952849
Corupá,2002,0.24173539918727144,0.5227759095077958,0.3822556543475336
Criciúma,2002,0.44738277936372595,0.6711889115969257,0.5592858454803258
Correia Pinto,2002,0.2626859937656574,0.5667620873979784,0.4147240405818179
Peritiba,2002,0.5142129376557661,0.6775497978133891,0.5958813677345776
Coronel Freitas,2002,0.4969265325277468,0.7839623253965402,0.6404444289621435
Pescaria Brava,2002,0.37787388354400275,0.8665493340439934,0.6222116087939981
Coronel Martins,2002,0.438893145150671,0.9586059309079791,0.698749538029325
Palma Sola,2002,0.46695660751307666,0.9471109752369308,0.7070337913750038
Canoinhas,2002,0.33999412067424195,0.8711505146234587,0.6055723176488503
Balneário Rincão,2002,0.44904440065153617,0.8825429187843018,0.665793659717919
Ouro,2002,0.497039283069267,0.6962193009273412,0.5966292919983041
Campos Novos,2002,0.38157145516334107,0.6396490782120029,0.510610266687672
Palhoça,2002,0.3238319226743082,0.7169729461148463,0.5204024343945772
Painel,2002,0.25703029592711096,0.45078762329240996,0.35390895960976043
Canelinha,2002,0.3147318179700267,0.5331857998271857,0.4239588088986062
Paial,2002,0.5089644417567054,0.9708950189403054,0.7399297303485054
Ouro Verde,2002,0.4765773175705249,0.9242433506572911,0.7004103341139081
Papanduva,2002,0.32565577771728604,0.7898680943397633,0.5577619360285246
Catanduvas,2002,0.4535870325386919,0.7486729107028712,0.6011299716207816
Passos Maia,2002,0.4197993277678238,0.8267400387241419,0.6232696832459829
Passo de Torres,2002,0.3531339222018059,0.8208942317282506,0.5870140769650283
Paraíso,2002,0.5245440776094565,0.9079792112503822,0.7162616444299194
Capinzal,2002,0.529529360557605,0.8630051990842765,0.6962672798209408
Palmeira,2002,0.27482834119102906,0.5553041883216144,0.41506626475632175
Capivari de Baixo,2002,0.3714028803968935,0.8130428280446216,0.5922228542207575
Palmitos,2002,0.5174294462122168,0.902634166025245,0.710031806118731
Nova Itaberaba,2002,0.5037966865734373,0.8445012824467766,0.674148984510107
Xavantina,2002,0.48001064131866145,0.8641178550515659,0.6720642481851137
Capão Alto,2002,0.3471092777596633,0.4876621391448663,0.4173857084522648
Nova Erechim,2002,0.49460533589077127,0.7754369379500418,0.6350211369204065
Xaxim,2002,0.4812070677919513,0.8908186649166929,0.6860128663543221
Nova Trento,2002,0.29088530127783035,0.5197549965632285,0.4053201489205295
Campo Alegre,2002,0.22836144945383763,0.5288902476306943,0.37862584854226594
Xanxerê,2002,0.49602554824712775,0.8634668297156833,0.6797461889814056
Navegantes,2002,0.3623484652967299,0.5462104077986244,0.45427943654767716
Caibi,2002,0.5289905653754117,0.9062850980432212,0.7176378317093164
Camboriú,2002,0.36501759835779685,0.5504527772963991,0.457735187827098
Calmon,2002,0.2885508180727845,0.7834912870681753,0.5360210525704798
Orleans,2002,0.4043475014899004,0.5645941190306837,0.48447081026029204
Zortéa,2002,0.5168066496317583,0.8335480005990714,0.6751773251154148
Campo Erê,2002,0.4267981952490647,0.9354692754509327,0.6811337353499987
Otacílio Costa,2002,0.28570511985109687,0.5406841264988624,0.4131946231749797
Novo Horizonte,2002,0.43708215443526394,0.9623968205441762,0.69973948748972
Nova Veneza,2002,0.41080793270844085,0.6110456329048246,0.5109267828066327
Campo Belo do Sul,2002,0.3625436115520302,0.540235741703183,0.4513896766276066
Vargeão,2002,0.46459532919025137,0.8658921838377664,0.6652437565140089
Modelo,2002,0.47079323575064647,0.8068888209517988,0.6388410283512227
Vidal Ramos,2002,0.3107569606479598,0.44756131897797613,0.379159139812968
Mondaí,2002,0.5850604401538684,1.0,0.7925302200769342
Botuverá,2002,0.2969581455439299,0.5019588018836693,0.3994584737137996
Vargem Bonita,2002,0.4351783361162543,0.7692802780414809,0.6022293070788676
Braço do Norte,2002,0.42631731495765923,0.588641073210393,0.5074791940840262
Vargem,2002,0.313840811711113,0.6172963835488339,0.46556859762997344
Urussanga,2002,0.4381303171321184,0.6206053194741672,0.5293678183031428
Meleiro,2002,0.4161973496742712,0.6954042632926013,0.5558008064834362
Urupema,2002,0.2572497029738463,0.46163538952105393,0.3594425462474501
Bom Retiro,2002,0.26703922908388344,0.47537597990001124,0.37120760449194734
Bom Jesus do Oeste,2002,0.45551281277450784,0.8505044328951393,0.6530086228348235
Mirim Doce,2002,0.2953922534964306,0.6281999710373459,0.46179611226688827
Vitor Meireles,2002,0.3308937066199874,0.6411366232763203,0.48601516494815383
Caçador,2002,0.32527626025993905,0.759058391929074,0.5421673260945066
Morro Grande,2002,0.3750163671445999,0.6089883948206225,0.4920023809826112
Witmarsum,2002,0.3459343196068092,0.6170725907809369,0.48150345519387305
Morro da Fumaça,2002,0.446437501905254,0.7062611709238356,0.5763493364145448
Monte Carlo,2002,0.3193118098797545,0.6657155474031051,0.4925136786414298
Brunópolis,2002,0.3146496426798979,0.6334454295322535,0.4740475361060757
Braço do Trombudo,2002,0.3184865247518017,0.5576276368083156,0.43805708078005867
Videira,2002,0.3530024523768732,0.7151522952903508,0.534077373833612
Monte Castelo,2002,0.31481380965092765,0.7666506529239641,0.5407322312874459
Brusque,2002,0.3053869586773885,0.516000172043196,0.4106935653602923
Trombudo Central,2002,0.35077175050033726,0.5440232344848673,0.4473974924926023
Maracajá,2002,0.4256261296388316,0.7531071607130136,0.5893666451759226
Benedito Novo,2002,0.2931492952788227,0.5117701008865795,0.4024596980827011
Biguaçu,2002,0.303990149900034,0.572103786583485,0.4380469682417595
Major Vieira,2002,0.314256328185366,0.8209204430543471,0.5675883856198565
Barra Velha,2002,0.3149029886566981,0.46541902051562545,0.39016100458616176
Barra Bonita,2002,0.519684805419512,0.8966676857230206,0.7081762455712663
Bandeirante,2002,0.5357280781546502,0.8877145477573483,0.7117213129559992
Balneário Gaivota,2002,0.3754363261573403,0.834098769034416,0.6047675475958781
Balneário Barra do Sul,2002,0.27556427722031546,0.41276202377081556,0.3441631504955655
Treze Tílias,2002,0.39772384303418523,0.7392234790583921,0.5684736610462887
Belmonte,2002,0.5358987825076856,0.8636502598593702,0.6997745211835279
Bela Vista do Toldo,2002,0.3184021369259342,0.840679324049379,0.5795407304876565
União do Oeste,2002,0.4749222360154317,0.8015897279119534,0.6382559819636926
Bombinhas,2002,0.40919508801466065,0.6341268677289215,0.5216609778717911
Urubici,2002,0.2578551479187252,0.4927662162792344,0.3753106820989798
Bom Jesus,2002,0.48482256466724416,0.9193926424131257,0.702107603540185
Tunápolis,2002,0.5453068162831038,0.9053779045710908,0.7253423604270973
Matos Costa,2002,0.26001096942627305,0.8039242933770602,0.5319676314016666
Marema,2002,0.47532743729740773,0.8115473642835305,0.6434374007904691
Bom Jardim da Serra,2002,0.2747434006016684,0.48768186748214143,0.3812126340419049
Tubarão,2002,0.389016016207408,0.7225401311144659,0.555778073660937
Maravilha,2002,0.48692181339548607,0.8320255443459355,0.6594736788707107
Turvo,2002,0.3793727074514005,0.67507527606625,0.5272239917588253
Bocaina do Sul,2003,0.2564020633123201,0.4915970257287624,0.3739995445205413
Massaranduba,2003,0.2640318949000907,0.47195641381074277,0.3679941543554167
Blumenau,2003,0.23050074390129655,0.3506832488868418,0.2905919963940692
Timbé do Sul,2003,0.35499967949685474,0.49664485178857953,0.42582226564271713
Lontras,2003,0.2503738373421309,0.4660776349399106,0.35822573614102077
Ascurra,2003,0.24724209487399565,0.42855826807922603,0.33790018147661083
Tigrinhos,2003,0.44067655440071063,0.8734223859972364,0.6570494701989735
Arroio Trinta,2003,0.40464555225646204,0.7585076001842471,0.5815765762203546
Lindóia do Sul,2003,0.34124699478618714,0.7813296483955166,0.5612883215908518
Tijucas,2003,0.27026900852605695,0.45866572393848526,0.3644673662322711
Arvoredo,2003,0.37560741303450806,0.712574850299401,0.5440911316669546
Leoberto Leal,2003,0.21970040221671033,0.3705096594142035,0.2951050308154569
Treviso,2003,0.4819953150125075,0.5807461999078769,0.5313707574601922
Balneário Arroio do Silva,2003,0.553997814973408,1.0,0.7769989074867041
Treze de Maio,2003,0.557177046877075,0.7837632562217457,0.6704701515494104
Major Gercino,2003,0.22540520664820232,0.3761294934713699,0.3007673500597861
Balneário Camboriú,2003,0.38581284767481827,0.5902644575450855,0.4880386526099519
Macieira,2003,0.3920212029813447,0.7737316575639931,0.5828764302726689
Luzerna,2003,0.3941340086360543,0.7406725011515434,0.5674032548937988
Timbó,2003,0.23580229123956198,0.39005066789497894,0.3129264795672705
Luiz Alves,2003,0.30637733898207614,0.5846233129314505,0.44550032595676337
Três Barras,2003,0.365163125786319,0.7751601691721453,0.5701616474792321
Atalanta,2003,0.24224475946277294,0.5051312759097193,0.3736880176862461
Mafra,2003,0.34398533063608316,0.7233831712873632,0.5336842509617232
Timbó Grande,2003,0.3636600729201578,0.7633233532934135,0.5634917131067856
Aurora,2003,0.24185057245673575,0.4808106863196684,0.36133062938820204
Siderópolis,2003,0.4623509432729133,0.5523984997038889,0.5073747214884011
Laguna,2003,0.4331761060044644,1.0,0.7165880530022322
Antônio Carlos,2003,0.25308881882560275,0.47663696054396326,0.364862889684783
Serra Alta,2003,0.45151732367785546,0.8582220175034547,0.6548696705906552
Lajeado Grande,2003,0.4588202391103935,0.8615070051083067,0.6601636221093501
Arabutã,2003,0.32388080831499777,0.7351977363953413,0.5295392723551695
Apiúna,2003,0.23819264750892233,0.4239804414838962,0.3310865444964093
Seara,2003,0.3442105853897796,0.7045601105481346,0.5243853479689571
Lages,2003,0.3355237583757714,0.5234701161611086,0.42949693726844
Anitápolis,2003,0.2790608947116118,0.5303973224490269,0.40472910858031935
Taió,2003,0.3070824063248079,0.6066204389557682,0.45685142264028805
Lauro Müller,2003,0.4259800290624842,0.5490820556688819,0.48753104236568306
Tangará,2003,0.40185995344526704,0.7050255763776093,0.5534427649114382
Lebon Régis,2003,0.3814569325562701,0.7169857208659606,0.5492213267111153
Armazém,2003,0.37135196453835895,0.6604125666733194,0.5158822656058392
Sombrio,2003,0.4658854060891576,0.8380185121700378,0.6519519591295977
Laurentino,2003,0.25894232311336207,0.5162597881160754,0.38760105561471875
Araquari,2003,0.28123816881268066,0.5675350835759976,0.4243866261943391
Sul Brasil,2003,0.46247858497764616,0.8639336711192998,0.6632061280484729
Araranguá,2003,0.5359141393807405,0.9121503760914718,0.7240322577361061
Alfredo Wagner,2003,0.22731404032652305,0.413756992697029,0.32053551651177603
São Miguel da Boa Vista,2003,0.43480568446575285,0.8825426070935052,0.658674145779629
Jardinópolis,2003,0.4742834778434014,0.8568401658222017,0.6655618218328015
São Martinho,2003,0.351053815507868,0.6718035562363359,0.511428685872102
Alto Bela Vista,2003,0.3698836584828985,0.6711745739290648,0.5205291162059816
Jaraguá do Sul,2003,0.25049483095730285,0.36513921758604834,0.30781702427167557
São Lourenço do Oeste,2003,0.527865778743512,0.9660064486411795,0.7469361136923458
Águas Frias,2003,0.4704537042105619,0.8829295714349517,0.6766916378227568
São Ludgero,2003,0.4562175688018192,0.6145991584300114,0.5354083636159153
Jaguaruna,2003,0.5611179027288495,0.9963533351289533,0.7787356189289014
Águas Mornas,2003,0.2895072113788889,0.5358364142850969,0.4126718128319929
José Boiteux,2003,0.2676145338064879,0.5488978087780486,0.40825617129226827
Saudades,2003,0.4596400672474978,0.8615446178918975,0.6605923425696977
Joinville,2003,0.26579593120896994,0.5133943585486135,0.3895951448787917
Schroeder,2003,0.25154791306310514,0.4242516914910398,0.3378998022770725
Angelina,2003,0.24297491581666816,0.4236154594942864,0.3332951876554773
Lacerdópolis,2003,0.3901996240467619,0.7134039613081525,0.5518017926774572
Anita Garibaldi,2003,0.3958635154174491,0.5872754491017966,0.4915694822596228
Jupiá,2003,0.564326926594796,1.0,0.7821634632973979
São Miguel do Oeste,2003,0.43842296407072223,0.890373099953938,0.6643980320123302
Joaçaba,2003,0.380208443998964,0.7328774403855012,0.5565429421922325
Anchieta,2003,0.47910352055434624,0.9155228005527406,0.6973131605535434
São Pedro de Alcântara,2003,0.2717757518868338,0.5105141371224242,0.391144944504629
Itapoá,2003,0.2993627429121367,0.8008811109869446,0.5501219269495407
São José,2003,0.25386990570223744,0.5879399630335663,0.4209049343679019
Itapiranga,2003,0.4311826428393167,0.8480515891294333,0.639617115984375
Agrolândia,2003,0.2522812622252513,0.5180654076462459,0.38517333493574857
São João do Sul,2003,0.4102936801384835,0.7146040452519712,0.5624488626952273
Abdon Batista,2003,0.39448263412413664,0.6138101419538547,0.5041463880389957
Itajaí,2003,0.3229865622798255,0.4679657507502795,0.3954761565150525
São Joaquim,2003,0.3011495483318971,0.5372706421736451,0.4192100952527711
Itapema,2003,0.35359400498117677,0.5322356517999749,0.44291482839057583
Abelardo Luz,2003,0.47790990230447483,0.9254721326577615,0.7016910174811182
São José do Cerrito,2003,0.37334630815542247,0.5853415341263176,0.47934392114087004
Jaborá,2003,0.352442349750429,0.7373560571165366,0.5448992034334827
Água Doce,2003,0.3729696825392565,0.777703376255526,0.5753365293973912
Jacinto Machado,2003,0.37993375265016643,0.5420757627699693,0.4610047577100679
Águas de Chapecó,2003,0.46997986544384196,0.9306317194291872,0.7003057924365146
São José do Cedro,2003,0.5107936604438021,0.9366374942422845,0.7237155773430433
Ituporanga,2003,0.23350852005852235,0.4567577395815659,0.3451331298200441
Agronômica,2003,0.25024779313279666,0.5052970981114693,0.37777244562213297
São Cristóvão do Sul,2003,0.3457348995057554,0.6027329955473667,0.47423394752656106
Irati,2003,0.4820122011665676,0.8958083832335332,0.6889102922000504
São Carlos,2003,0.47009953694966516,0.9559266757400682,0.7130131063448667
São Domingos,2003,0.5506113871142613,1.0,0.7753056935571306
Irineópolis,2003,0.33847506718508646,0.8353344592865551,0.5869047632358209
São Bonifácio,2003,0.32700908314864235,0.6145833090332381,0.47079619609094026
Ipumirim,2003,0.3397240338918049,0.7880664706090776,0.5638952522504412
Irani,2003,0.3391701223345798,0.7672474056412064,0.5532087639878931
Iraceminha,2003,0.42761142303621835,0.8556425610317827,0.6416269920340005
São João Batista,2003,0.2283442323809629,0.40348004822153677,0.3159121403012498
Itaiópolis,2003,0.32750374868174803,0.6879946400904485,0.5077491943860983
São João do Itaperiú,2003,0.29586080317125524,0.5687819357615881,0.43232136946642163
Itá,2003,0.33507356960653834,0.6803974468645126,0.5077355082355255
São João do Oeste,2003,0.436079978887347,0.8368493781667432,0.6364646785270451
São Francisco do Sul,2003,0.2892428909048808,0.6950130375990323,0.4921279642519566
Santa Helena,2003,0.4218702464089582,0.8697190234914783,0.6457946349502183
Santa Cecília,2003,0.35422294388008646,0.6810019218856715,0.5176124328828791
Imbituba,2003,0.3385467708571033,0.8127570241824918,0.5756518975197975
Santa Rosa de Lima,2003,0.3218182597077852,0.5754795807665036,0.4486489202371444
Imbuia,2003,0.22011745638446623,0.4125287885766931,0.3163231224805797
Salto Veloso,2003,0.39039790114653616,0.7642561031782591,0.5773270021623976
Imaruí,2003,0.35676032789321166,0.7730570656249354,0.5649086967590735
Sangão,2003,0.5577456063364318,0.898235200247615,0.7279904032920235
São Bento do Sul,2003,0.29485898607787864,0.502763703362506,0.3988113447201923
Ipira,2003,0.3756804919588228,0.6878550591125442,0.5317677755356836
São Bernardino,2003,0.49190229943943364,0.9357162597881161,0.7138092796137749
Iomerê,2003,0.40827543346979445,0.7484108705665593,0.5783431520181769
Ipuaçu,2003,0.506330435083094,0.9291428976366792,0.7177366663598866
Iporã do Oeste,2003,0.4324401981395106,0.8380776907723017,0.6352589444559061
Santa Terezinha,2003,0.31760780991936804,0.6759371070748317,0.49677245849709983
Santa Rosa do Sul,2003,0.435961042549123,0.790998885841618,0.6134799641953705
Santo Amaro da Imperatriz,2003,0.29442796589099685,0.5696689540773843,0.43204845998419056
Santiago do Sul,2003,0.5126671195961283,0.916562907254813,0.7146150134254707
Santa Terezinha do Progresso,2003,0.45818495271867454,0.8993090741593736,0.6787470134390241
Indaial,2003,0.22577957899795909,0.3844730120179222,0.3051262955079407
Rio Negrinho,2003,0.32011228110463374,0.6061280515891294,0.4631201663468816
Rodeio,2003,0.24495517470954148,0.4224781206817135,0.3337166476956275
Ibicaré,2003,0.4005643940704423,0.7305389221556886,0.5655516581130655
Riqueza,2003,0.4401351441908066,0.8400921234454167,0.6401136338181117
Ibirama,2003,0.26423320949904694,0.4825162861091006,0.37337474780407376
Rio Rufino,2003,0.2309095135701329,0.44558268079226204,0.33824609718119747
Rio Fortuna,2003,0.3383660180929822,0.573153460476503,0.45575973928474256
Herval d'Oeste,2003,0.4024480135005968,0.7158700350777735,0.5591590242891851
Ibiam,2003,0.40568395201853125,0.6995854444956241,0.5526346982570777
Ilhota,2003,0.30274235054542775,0.49420792551673914,0.3984751380310835
Saltinho,2003,0.4678184698176124,0.897861420017109,0.6828399449173607
Salete,2003,0.3007972495855906,0.6179640718562874,0.459380660720939
Romelândia,2003,0.4446657372754371,0.8989547532154626,0.6718102452454499
Içara,2003,0.5793370881005535,0.8507851849898471,0.7150611365452003
Rio do Campo,2003,0.31495814568332337,0.6548134500230307,0.48488579785317704
Guabiruba,2003,0.21470786768787536,0.34362045140488273,0.2791641595463791
Guaraciaba,2003,0.4823201521856231,0.9221556886227543,0.7022379204041886
Gravatal,2003,0.42749945899756403,0.7209022659386412,0.5742008624681025
Rio das Antas,2003,0.394365856425505,0.7468754798096114,0.5706206681175582
Guatambú,2003,0.4315434909390361,0.8907780556208252,0.6611607732799307
Rio do Sul,2003,0.2531999281609775,0.4983509903270384,0.37577545924400796
Guarujá do Sul,2003,0.5238672342121637,0.942791340396131,0.7333292873041474
Rio do Oeste,2003,0.2713648660427588,0.5455550437586367,0.40845995490069775
Rio dos Cedros,2003,0.2772764963069347,0.48811448720595946,0.38269549175644707
Guaramirim,2003,0.2564347537314382,0.4732130884917963,0.3648239211116172
Presidente Getúlio,2003,0.25527640498457205,0.5287271610624901,0.39200178302353106
Garuva,2003,0.27568921340531394,0.643810478754153,0.45974984607973346
Presidente Castello Branco,2003,0.3571538776843284,0.7164440350069093,0.5367989563456188
Garopaba,2003,0.3324924182481078,0.7756003303246201,0.5540463742863639
Rancho Queimado,2003,0.24916417844345273,0.45462816497323444,0.3518961717083436
Grão-Pará,2003,0.33978424145688585,0.5305313422742212,0.4351577918655535
Presidente Nereu,2003,0.2302439854050516,0.41437125748502984,0.3223076214450407
Gaspar,2003,0.24352932148001005,0.34059353819832855,0.2920614298391693
Quilombo,2003,0.49212128172165953,0.9104688794267364,0.701295080574198
Governador Celso Ramos,2003,0.2658126189488696,0.5437250660874314,0.4047688425181505
Princesa,2003,0.5125668716006089,0.9417964071856286,0.7271816393931188
Porto Belo,2003,0.3165270789100212,0.47378815891503934,0.39515761891253026
Faxinal dos Guedes,2003,0.3938891227347251,0.8731460156609859,0.6335175691978555
Flor do Sertão,2003,0.42922057979181805,0.879226163058498,0.654223371425158
Ponte Alta do Norte,2003,0.36011756382526705,0.6318747121142329,0.49599613796974995
Entre Rios,2003,0.4922453998427992,0.8905108594826515,0.6913781296627254
Doutor Pedrinho,2003,0.29643890350018587,0.5483963247593884,0.4224176141297871
Ponte Serrada,2003,0.35233310686305114,0.8052378758965584,0.5787854913798047
Erval Velho,2003,0.4037194855015801,0.698228717390394,0.550974101445987
Ermo,2003,0.4629935816310843,0.8283767569420637,0.6456851692865739
Frei Rogério,2003,0.40490976908158716,0.668217411331184,0.5365635902063856
Pouso Redondo,2003,0.28662883860434035,0.5601719637647784,0.42340040118455935
Praia Grande,2003,0.3556534835379342,0.5240812008984292,0.4398673422181817
Galvão,2003,0.5603933184837068,0.9888267421201555,0.7746100303019312
Formosa do Sul,2003,0.49945894420767467,0.9040994933210502,0.7017792187643624
Porto União,2003,0.33331889963874156,0.8045008883332236,0.5689098939859826
Florianópolis,2003,0.2552427143617509,0.6398155110693657,0.4475291127155583
Fraiburgo,2003,0.39813213958019267,0.7041652957820624,0.5511487176811276
Forquilhinha,2003,0.5462440885628503,0.9118100788481317,0.7290270837054911
Curitibanos,2003,0.3888531858982167,0.633267401847888,0.5110602938730524
Cunhataí,2003,0.4608926078166199,0.9302375362145011,0.6955650720155605
Pinheiro Preto,2003,0.4066720179251587,0.7346844771994471,0.5706782475623029
Balneário Piçarras,2003,0.37519456144803864,0.7379332958501048,0.5565639286490718
Pinhalzinho,2003,0.460799166815383,0.8377324438589945,0.6492658053371887
Cunha Porã,2003,0.43684968036137384,0.8058037770612622,0.621326728711318
Pomerode,2003,0.23499065972699956,0.36867802855826814,0.3018343441426339
Dionísio Cerqueira,2003,0.5306636213229283,0.9497558728696454,0.7402097470962868
Ponte Alta,2003,0.33647379951011813,0.5832781087948172,0.4598759541524677
Dona Emma,2003,0.26338789635251647,0.5629356671272842,0.4131617817399003
Piratuba,2003,0.40879000126242715,0.6691847075080606,0.5389873543852439
Descanso,2003,0.42422475830623085,0.866927683095348,0.6455762207007893
Planalto Alegre,2003,0.4550496799945428,0.9359287007173118,0.6954891903559273
Cocal do Sul,2003,0.5752497849313232,0.7788824134384641,0.6770660991848936
Cordilheira Alta,2003,0.4305370336631543,0.8474910134765438,0.639014023569849
Penha,2003,0.4054716604274076,0.7744296238061484,0.5899506421167781
Concórdia,2003,0.3323384528174832,0.7089306181911669,0.520634535504325
Celso Ramos,2003,0.41341321450231583,0.6141870105941966,0.5138001125482562
Paulo Lopes,2003,0.33944475332245644,0.6644405915630506,0.5019426724427535
Caxambu do Sul,2003,0.4523316562884711,0.9126579672804351,0.6824948117844531
Pedras Grandes,2003,0.5470088957951008,0.685256378862824,0.6161326373289624
Chapecó,2003,0.40497340314486785,0.7963405669420985,0.6006569850434832
Chapadão do Lageado,2003,0.223938078237003,0.45298414160689615,0.33846110992194955
Cerro Negro,2003,0.3821763617112649,0.5708495097716656,0.47651293574146525
Petrolândia,2003,0.23359479064825028,0.4851220635651777,0.35935842710671395
Corupá,2003,0.2792573831650294,0.46935579390669213,0.37430658853586074
Criciúma,2003,0.5656857831631936,0.8344189235515942,0.7000523533573939
Correia Pinto,2003,0.34601683603500594,0.5663414429881499,0.45617913951157796
Peritiba,2003,0.35654325070885196,0.6857669276830956,0.5211550891959738
Coronel Freitas,2003,0.4677739549288889,0.8938098057877075,0.6807918803582982
Pescaria Brava,2003,0.4140242945455881,0.866325472503943,0.6401748835247656
Coronel Martins,2003,0.534366084207799,0.957715338553662,0.7460407113807305
Palma Sola,2003,0.5310800538680305,0.946537693843083,0.7388088738555567
Canoinhas,2003,0.35142609076351217,0.8044771994472592,0.5779516451053857
Balneário Rincão,2003,0.6034255357744792,0.9692749400068564,0.7863502378906678
Ouro,2003,0.3796552620277826,0.7103638876093966,0.5450095748185896
Campos Novos,2003,0.4031677013038717,0.659036637183714,0.5311021692437928
Palhoça,2003,0.28203002235497215,0.6416242431512758,0.4618271327531239
Painel,2003,0.29220052026966137,0.5029586365277604,0.3975795783987109
Canelinha,2003,0.2442734758520712,0.40688555252515085,0.32557951418861103
Paial,2003,0.36636995227325053,0.6531552280055272,0.5097625901393888
Ouro Verde,2003,0.44850952488891627,0.9218977429755871,0.6852036339322517
Papanduva,2003,0.34590474304541113,0.7359449955623463,0.5409248693038787
Catanduvas,2003,0.3558099031949472,0.7499853439973201,0.5528976235961336
Passos Maia,2003,0.377062072668674,0.8308060801473978,0.6039340764080359
Passo de Torres,2003,0.4805148532257497,0.9033253342475144,0.6919200937366321
Paraíso,2003,0.4568293233592787,0.9206314643440395,0.6887303938516591
Capinzal,2003,0.4079733196410438,0.6833190761334477,0.5456461978872458
Palmeira,2003,0.3067675442332958,0.5512666973744818,0.42901712080388876
Capivari de Baixo,2003,0.47163478081717297,0.8626334530773502,0.6671341169472615
Palmitos,2003,0.4694374228571404,0.9262158962654253,0.6978266595612829
Nova Itaberaba,2003,0.46174145324021504,0.918922074134475,0.6903317636873451
Xavantina,2003,0.3634333589294894,0.7806373267451111,0.5720353428373003
Capão Alto,2003,0.3465600637558751,0.49974949479785086,0.42315477927686296
Nova Erechim,2003,0.4700946745604565,0.8891300079585701,0.6796123412595133
Xaxim,2003,0.4228761726039179,0.7792078434331612,0.6010420080185396
Nova Trento,2003,0.21788748101123895,0.35054179110295375,0.28421463605709635
Campo Alegre,2003,0.280193581570454,0.4650800962178207,0.37263683889413735
Xanxerê,2003,0.4365897145729982,0.868502994011976,0.6525463542924871
Navegantes,2003,0.3727915863188028,0.677442577687173,0.5251170820029879
Caibi,2003,0.4541125329954039,0.8484579860476037,0.6512852595215037
Camboriú,2003,0.3222337775268618,0.43399941289455796,0.37811659521070984
Calmon,2003,0.36972063061647853,0.7810594196222936,0.5753900251193861
Orleans,2003,0.3924556219900948,0.5432026511183919,0.4678291365542434
Zortéa,2003,0.4220225091495065,0.6656471672040536,0.54383483817678
Campo Erê,2003,0.5003137725152633,0.9324661446338096,0.7163899585745365
Otacílio Costa,2003,0.27017635392721645,0.5336035621065564,0.40188995801688643
Novo Horizonte,2003,0.5280585686232515,0.9585444495624134,0.7433015090928324
Nova Veneza,2003,0.4949036154042266,0.7140641069592046,0.6044838611817156
Campo Belo do Sul,2003,0.36385900221886236,0.5474998720507703,0.45567943713481635
Vargeão,2003,0.3885700685859854,0.8685398433901428,0.6285549559880641
Modelo,2003,0.4482988024721438,0.8224781206817134,0.6353884615769286
Vidal Ramos,2003,0.22092489423886003,0.40681713496084754,0.3138710145998538
Mondaí,2003,0.4407277492047754,0.8340856748042377,0.6374067120045066
Botuverá,2003,0.215802676845616,0.35019192384461867,0.28299730034511733
Vargem Bonita,2003,0.35107799078488505,0.7694925937598489,0.560285292272367
Braço do Norte,2003,0.3908094040856756,0.595791022607633,0.4933002133466543
Vargem,2003,0.3893280846654884,0.6303628038041561,0.5098454442348223
Urussanga,2003,0.555861163115157,0.6732730545080562,0.6145671088116066
Meleiro,2003,0.5036237422630867,0.8707040623928692,0.687163902327978
Urupema,2003,0.25642620158260493,0.4774319201082987,0.36692906084545185
Bom Retiro,2003,0.2179220048027426,0.43491963441537995,0.3264208196090613
Bom Jesus do Oeste,2003,0.44258522176870885,0.85748502994012,0.6500351258544144
Mirim Doce,2003,0.32193444894569634,0.6064050037576668,0.4641697263516816
Vitor Meireles,2003,0.2795102350330325,0.6046595068971371,0.4420848709650848
Caçador,2003,0.38655497575744635,0.7669534776600647,0.5767542267087555
Morro Grande,2003,0.3983329432180218,0.5087384090397856,0.4535356761289037
Witmarsum,2003,0.2713980765077671,0.5822201750345462,0.4268091257711566
Morro da Fumaça,2003,0.5874976510780903,0.8274254370929035,0.7074615440854969
Monte Carlo,2003,0.3992878566184311,0.6787655458314141,0.5390267012249226
Brunópolis,2003,0.39644224326359606,0.6417933364041147,0.5191177898338554
Braço do Trombudo,2003,0.2746962584596738,0.5409488714877937,0.40782256497373376
Videira,2003,0.40415198179777545,0.733768091347669,0.5689600365727222
Monte Castelo,2003,0.3452875981694362,0.7254458116733568,0.5353667049213965
Brusque,2003,0.23390413368770296,0.32883463841547694,0.28136938605158995
Trombudo Central,2003,0.2630983929238945,0.5243666513127588,0.39373252211832666
Maracajá,2003,0.5330949364221897,0.8949691463832704,0.7140320414027301
Benedito Novo,2003,0.27698241392041856,0.4812528788576694,0.379117646389044
Biguaçu,2003,0.25102530645576016,0.5096860018905068,0.3803556541731335
Major Vieira,2003,0.35584062276032413,0.765616695602877,0.5607286591816005
Barra Velha,2003,0.3450047146933498,0.6828316283722631,0.5139181715328065
Barra Bonita,2003,0.45064446981896883,0.9065868263473053,0.678615648083137
Bandeirante,2003,0.4249755873460186,0.9025991972099756,0.6637873922779971
Balneário Gaivota,2003,0.5172189572420971,0.9635863044223517,0.7404026308322245
Balneário Barra do Sul,2003,0.2948497381166157,0.6077940693364563,0.451321903726536
Treze Tílias,2003,0.3952113320380355,0.752372178719484,0.5737917553787597
Belmonte,2003,0.42135838506150175,0.8825426070935054,0.6519504960775035
Bela Vista do Toldo,2003,0.35872649105692955,0.7822487650693309,0.5704876280631302
União do Oeste,2003,0.47175109451032204,0.8777028687907524,0.6747269816505372
Bombinhas,2003,0.36217074896044765,0.5446683274007821,0.45341953818061487
Urubici,2003,0.23665118125357465,0.4669682651687614,0.351809723211168
Bom Jesus,2003,0.47039522041498705,0.9153385536619072,0.6928668870384471
Tunápolis,2003,0.4194315646410183,0.8616963874448904,0.6405639760429543
Matos Costa,2003,0.36335384331889276,0.8032494451656129,0.5833016442422528
Marema,2003,0.4745023965665369,0.8762272379860055,0.6753648172762712
Bom Jardim da Serra,2003,0.28165944370407847,0.5083299821533672,0.39499471292872285
Tubarão,2003,0.5200161358064835,0.8013276390175124,0.6606718874119979
Maravilha,2003,0.43213769533093616,0.8431137724550897,0.6376257338930129
Turvo,2003,0.44898264037474267,0.7647411724374357,0.6068619064060892
Bocaina do Sul,2004,0.28462958287007734,0.5311073630918594,0.40786847298096834
Massaranduba,2004,0.2554251471397715,0.3961596557588683,0.32579240144931987
Blumenau,2004,0.21206133025995325,0.40884906374104424,0.31045519700049873
Timbé do Sul,2004,0.3856373286015734,0.6246175311547858,0.5051274298781796
Lontras,2004,0.23834184196267708,0.45221144917473244,0.34527664556870474
Ascurra,2004,0.211663269647701,0.42491963121558346,0.3182914504316422
Tigrinhos,2004,0.4377769593053802,0.894543112174473,0.6661600357399267
Arroio Trinta,2004,0.3423258315656025,0.7455231434618571,0.5439244875137298
Lindóia do Sul,2004,0.44148478651274636,0.8102818931934602,0.6258833398531033
Tijucas,2004,0.4062112227798279,0.7124102800559672,0.5593107514178975
Arvoredo,2004,0.5413584619091802,0.7554062758811078,0.648382368895144
Leoberto Leal,2004,0.23981680938279684,0.5170653776704951,0.37844109352664596
Treviso,2004,0.38829584381423565,0.6263676636011698,0.5073317537077027
Balneário Arroio do Silva,2004,0.5870450115819423,0.9637981011229928,0.7754215563524676
Treze de Maio,2004,0.47940900860194247,0.8291335924859923,0.6542713005439673
Major Gercino,2004,0.26163112779118164,0.5026344715886183,0.3821327996899
Balneário Camboriú,2004,0.46744698027163134,0.8112229594409086,0.63933496985627
Macieira,2004,0.31658992271490766,0.7566288501229146,0.5366093864189111
Luzerna,2004,0.3980231207563196,0.7405907794239438,0.5693069500901318
Timbó,2004,0.20012588433113698,0.40161842443258067,0.3008721543818588
Luiz Alves,2004,0.29878975904627275,0.5085228558722347,0.40365630745925374
Três Barras,2004,0.32757814320685086,0.7505123936521744,0.5390452684295126
Atalanta,2004,0.24322910680821136,0.4994938805558112,0.37136149368201127
Mafra,2004,0.354728830132233,0.6959328888104078,0.5253308594713204
Timbó Grande,2004,0.30880097469446055,0.7495053832704518,0.5291531789824562
Aurora,2004,0.2384700131412501,0.4690162878439311,0.35374315049259064
Siderópolis,2004,0.3927604059664911,0.6258776364626186,0.5093190212145549
Laguna,2004,0.4514140203995783,1.0,0.7257070101997891
Antônio Carlos,2004,0.3412659422607595,0.5986428319546535,0.46995438710770654
Serra Alta,2004,0.4182574368572212,0.8800957025858104,0.6491765697215158
Lajeado Grande,2004,0.47628357366904833,0.8633477500690163,0.6698156618690323
Arabutã,2004,0.5059955878478545,0.7738237652657455,0.6399096765568
Apiúna,2004,0.21720219109560124,0.4418974835982409,0.32954983734692106
Seara,2004,0.5432619411058655,0.7478875602877574,0.6455747506968115
Lages,2004,0.42293954128643846,0.5271804145778405,0.4750599779321395
Anitápolis,2004,0.30821249502658554,0.569765562831314,0.43898902892894975
Taió,2004,0.2734860405194181,0.5989370248135315,0.43621153266647483
Lauro Müller,2004,0.357652365805772,0.6215477723915521,0.48960006909866205
Tangará,2004,0.37766863731893374,0.6958197924183791,0.5367442148686564
Lebon Régis,2004,0.3077430539494247,0.7132124781448421,0.5104777660471334
Armazém,2004,0.367343689364827,0.751385875378206,0.5593647823715164
Sombrio,2004,0.4851488449415327,0.8092402185031745,0.6471945317223536
Laurentino,2004,0.23352137159385997,0.5131130946903467,0.37331723314210336
Araquari,2004,0.3657181444482957,0.7201914470044948,0.5429547957263953
Sul Brasil,2004,0.4285334503975626,0.8852489187448238,0.6568911845711932
Araranguá,2004,0.5591335298895544,0.8868837862521181,0.7230086580708363
Alfredo Wagner,2004,0.2599938401036581,0.5455708795394,0.40278235982152905
São Miguel da Boa Vista,2004,0.4467622900348833,0.9042053924726233,0.6754838412537534
Jardinópolis,2004,0.4349220483762061,0.8777031379405541,0.6563125931583801
São Martinho,2004,0.3559843861802319,0.7294725522219967,0.5427284692011143
Alto Bela Vista,2004,0.561374870547367,0.7141732531410396,0.6377740618442034
Jaraguá do Sul,2004,0.2538211201463951,0.3554903813873565,0.3046557507668758
São Lourenço do Oeste,2004,0.40443836397456545,0.9734670715622219,0.6889527177683936
Águas Frias,2004,0.4838583955794734,0.8208337167571543,0.6523460561683139
São Ludgero,2004,0.3836107666247123,0.7136413816763008,0.5486260741505065
Jaguaruna,2004,0.5496770174422659,0.9900763398681506,0.7698766786552083
Águas Mornas,2004,0.3366371015160813,0.604049543881295,0.4703433226986881
José Boiteux,2004,0.25179708589653915,0.5325691148825407,0.3921831003895399
Saudades,2004,0.4770757911255359,0.8141077657963641,0.64559177846095
Joinville,2004,0.31110886276092753,0.6663769951995863,0.4887429289802569
Schroeder,2004,0.27531534792712803,0.5132191205114139,0.394267234219271
Angelina,2004,0.2704820545177265,0.5301597243773888,0.4003208894475576
Lacerdópolis,2004,0.5007995985227531,0.7192417410508878,0.6100206697868205
Anita Garibaldi,2004,0.552235486808899,0.6328946358846416,0.5925650613467703
Jupiá,2004,0.41590985178166556,1.0,0.7079549258908328
São Miguel do Oeste,2004,0.4913026676758979,0.9104628692371398,0.7008827684565189
Joaçaba,2004,0.4350737104285832,0.7380991144679373,0.5865864124482603
Anchieta,2004,0.45361556774057976,0.935032667709579,0.6943241177250794
São Pedro de Alcântara,2004,0.35631776959667427,0.657296943274119,0.5068073564353966
Itapoá,2004,0.3476026263383742,0.8325688082997932,0.5900857173190837
São José,2004,0.3999399758992106,0.7710707759830334,0.585505375941122
Itapiranga,2004,0.5590894778900575,1.0,0.7795447389450287
Agrolândia,2004,0.2475689397522546,0.5164994938805559,0.38203421681640526
São João do Sul,2004,0.43496381641167536,0.7937420575195947,0.6143529369656351
Abdon Batista,2004,0.5335196223270178,0.6267850121719636,0.5801523172494907
Itajaí,2004,0.3834492743842633,0.6823946895554396,0.5329219819698514
São Joaquim,2004,0.406603875304111,0.6340263669094255,0.5203151211067683
Itapema,2004,0.4630904794404383,0.7749132147438506,0.6190018470921445
Abelardo Luz,2004,0.4014652523955101,0.9364590043250207,0.6689621283602654
São José do Cerrito,2004,0.46166828875747834,0.5977947266143044,0.5297315076858914
Jaborá,2004,0.4554551610572768,0.7577681666206556,0.6066116638389663
Água Doce,2004,0.3416975143171412,0.7775862566252203,0.5596418854711808
Jacinto Machado,2004,0.39321190735795136,0.6258371884692432,0.5095245479135972
Águas de Chapecó,2004,0.5418432728910786,0.8150171615706774,0.678430217230878
São José do Cedro,2004,0.47507988449688276,0.9529032851753013,0.713991584836092
Ituporanga,2004,0.25193080846433535,0.4843225846530088,0.3681266965586721
Agronômica,2004,0.2358810432809511,0.49976994570718664,0.36782549449406887
São Cristóvão do Sul,2004,0.29194162581251204,0.6054415508726729,0.4486915883425925
Irati,2004,0.42301505780101256,0.9144198030735253,0.668717430437269
São Carlos,2004,0.5240249545005449,0.7771964786166379,0.6506107165585914
São Domingos,2004,0.4266405868150429,0.973773810619306,0.7002071987171745
Irineópolis,2004,0.31880198093170053,0.8052922711982248,0.5620471260649627
São Bonifácio,2004,0.37266338018202433,0.6554490493270395,0.5140562147545319
Ipumirim,2004,0.46510082715147705,0.8196445130281516,0.6423726700898142
Irani,2004,0.4189163100821818,0.7933571146319942,0.606136712357088
Iraceminha,2004,0.4951100290710637,0.8783779638661391,0.6867439964686014
São João Batista,2004,0.3169180105125853,0.5450695859934273,0.43099379825300627
Itaiópolis,2004,0.3198691407715906,0.663426386809105,0.4916477637903478
São João do Itaperiú,2004,0.33770927132548423,0.5607341401129512,0.4492217057192177
Itá,2004,0.5709348082374395,0.7935258368233774,0.6822303225304085
São João do Oeste,2004,0.5538072953568831,0.9594735019050916,0.7566403986309873
São Francisco do Sul,2004,0.4103803746634395,0.9897061823009236,0.7000432784821815
Santa Helena,2004,0.508555699086545,0.8957025858102514,0.7021291424483982
Santa Cecília,2004,0.30476450603364597,0.6779842801521847,0.4913743930929153
Imbituba,2004,0.35429707126001303,0.9655177887790457,0.6599074300195293
Santa Rosa de Lima,2004,0.3318354845553382,0.6233661033635429,0.47760079395944055
Imbuia,2004,0.2514062409521054,0.5310926816980513,0.3912494613250784
Salto Veloso,2004,0.34031243846071113,0.7562344713352349,0.5482734548979731
Imaruí,2004,0.3541262259473727,0.8561553298177174,0.6051407778825451
Sangão,2004,0.5334913358187785,0.9080167313819971,0.7207540336003878
São Bento do Sul,2004,0.30585392402069206,0.4773626575871904,0.3916082908039412
Ipira,2004,0.5506056422341412,0.7107757430753658,0.6306906926547535
São Bernardino,2004,0.403384819736365,0.9523511548725497,0.6778679873044573
Iomerê,2004,0.3475205060289256,0.7312045642771693,0.5393625351530474
Ipuaçu,2004,0.43032582507466466,0.9485881745014899,0.6894569997880773
Iporã do Oeste,2004,0.5283265999708404,0.8689947623096219,0.6986606811402312
Santa Terezinha,2004,0.3027718314186759,0.6510461874407762,0.4769090094297261
Santa Rosa do Sul,2004,0.45409271102402143,0.7802601950299778,0.6171764530269996
Santo Amaro da Imperatriz,2004,0.37992142680169777,0.7224783218360139,0.5511998743188559
Santiago do Sul,2004,0.43519633030592586,0.9277261433698354,0.6814612368378806
Santa Terezinha do Progresso,2004,0.4277301257808208,0.920769301555167,0.6742497136679939
Indaial,2004,0.19645331356283896,0.4120891648199182,0.30427123919137855
Rio Negrinho,2004,0.3129223692761499,0.5850078218459557,0.4489650955610528
Rodeio,2004,0.200903328442325,0.4017668169688048,0.3013350727055649
Ibicaré,2004,0.3886724167228795,0.7228305880187724,0.5557515023708259
Riqueza,2004,0.5397675319530544,0.8657771234011223,0.7027723276770883
Ibirama,2004,0.23117698923018523,0.46920558966201725,0.35019128944610123
Rio Rufino,2004,0.2885743690316208,0.5610374685156534,0.4248059187736371
Rio Fortuna,2004,0.33344190463126505,0.642143860890054,0.4877928827606596
Herval d'Oeste,2004,0.4431837184741542,0.7126161774178705,0.5778999479460124
Ibiam,2004,0.40826100297952567,0.6925186343977179,0.5503898186886218
Ilhota,2004,0.3138007422444605,0.5541593657757139,0.4339800540100872
Saltinho,2004,0.4068961874784992,0.9167466379208348,0.661821412699667
Salete,2004,0.26915310078238064,0.601453943130579,0.4353035219564798
Romelândia,2004,0.4622374187232914,0.9197075125114141,0.6909724656173528
Içara,2004,0.5809276307684716,0.9034148808116547,0.7421712557900632
Rio do Campo,2004,0.2852734886325001,0.6407165424373487,0.4629950155349244
Guabiruba,2004,0.2370381719853863,0.45594560429006253,0.3464918881377244
Guaraciaba,2004,0.4813614209184284,0.9404006012085515,0.71088101106349
Gravatal,2004,0.3952188678898063,0.7838410550818394,0.5895299614858229
Rio das Antas,2004,0.30490448061599595,0.7264807827980738,0.5156926317070349
Guatambú,2004,0.5583806443093461,0.8691522079121664,0.7137664261107562
Rio do Sul,2004,0.23476884308739,0.4880831876322811,0.36142601535983554
Guarujá do Sul,2004,0.4776309969732476,0.9580380969908896,0.7178345469820686
Rio do Oeste,2004,0.24499568855041953,0.5375908714456614,0.3912932799980405
Rio dos Cedros,2004,0.23987657793164796,0.4667087639579491,0.35329267094479855
Guaramirim,2004,0.29161653329169784,0.5292849663078693,0.4104507497997836
Presidente Getúlio,2004,0.2374043426162993,0.5179595717922761,0.3776819572042877
Garuva,2004,0.2923576599185412,0.6761667789332677,0.4842622194259044
Presidente Castello Branco,2004,0.5003522676623917,0.7402226925554433,0.6202874801089175
Garopaba,2004,0.39826141526753456,0.9482778698773584,0.6732696425724465
Rancho Queimado,2004,0.2754356445781301,0.5291871898536569,0.4023114172158935
Grão-Pará,2004,0.32671702943512837,0.6062427360317044,0.4664798827334164
Presidente Nereu,2004,0.22747545700797403,0.45923665279879666,0.34335605490338533
Gaspar,2004,0.2560516347787411,0.4722916806303574,0.3641716577045493
Quilombo,2004,0.4581390633106783,0.8791046994783074,0.6686218813944929
Governador Celso Ramos,2004,0.4673763058724101,0.9360915880192521,0.701733946945831
Princesa,2004,0.4933067395291154,0.959749700929419,0.7265282202292672
Porto Belo,2004,0.44920949309512465,0.7830910881185636,0.6161502906068441
Faxinal dos Guedes,2004,0.4265960935743701,0.8965369160455199,0.661566504809945
Flor do Sertão,2004,0.48129158479867357,0.901076654090365,0.6911841194445193
Ponte Alta do Norte,2004,0.2953816417046243,0.6349314438207418,0.46515654276268303
Entre Rios,2004,0.45985255569940586,0.8959234379313517,0.6778879968153788
Doutor Pedrinho,2004,0.2606636098491849,0.5296576307798112,0.39516062031449806
Ponte Serrada,2004,0.38780169641136375,0.8230028000893929,0.6054022482503782
Erval Velho,2004,0.4950216680881623,0.6971565289408299,0.5960890985144961
Ermo,2004,0.48189258904695464,0.7583983697890778,0.6201454794180162
Frei Rogério,2004,0.3654856218882291,0.6714824698628875,0.5184840458755583
Pouso Redondo,2004,0.25661445957725404,0.5553203889451244,0.4059674242611892
Praia Grande,2004,0.36914617862113247,0.6547248316280998,0.5119355051246162
Galvão,2004,0.4155651135958606,0.9940448803060378,0.7048049969509492
Formosa do Sul,2004,0.4288192818108234,0.9196650409496637,0.6742421613802436
Porto União,2004,0.29913774311655617,0.7651474319367945,0.5321425875266753
Florianópolis,2004,0.49774419481858173,1.0,0.7488720974092908
Fraiburgo,2004,0.3240571565329273,0.6986551683340124,0.5113561624334699
Forquilhinha,2004,0.5169617445468085,0.7475844768468468,0.6322731106968277
Curitibanos,2004,0.35593848780602894,0.6379811517871159,0.49695981979657244
Cunhataí,2004,0.5017734489299359,0.7805282046562989,0.6411508267931174
Pinheiro Preto,2004,0.36069176550503923,0.718137480445385,0.5394146229752121
Balneário Piçarras,2004,0.3957459795401399,0.6939223120130986,0.5448341457766193
Pinhalzinho,2004,0.45402732523947287,0.8328425508419987,0.6434349380407358
Cunha Porã,2004,0.4722483719863736,0.8298518450354283,0.651050108510901
Pomerode,2004,0.20238429856757195,0.3522880346682925,0.27733616661793226
Dionísio Cerqueira,2004,0.49807746553440974,0.965050151835833,0.7315638086851214
Ponte Alta,2004,0.3123891696762109,0.5891883387705303,0.4507887542233706
Dona Emma,2004,0.24438671748968904,0.5499217815404437,0.3971542495150664
Piratuba,2004,0.5800232503690086,0.7664845545863903,0.6732539024776995
Descanso,2004,0.5116334184931021,0.8901260697524612,0.7008797441227816
Planalto Alegre,2004,0.5304575517463689,0.7963598576691752,0.663408704707772
Cocal do Sul,2004,0.4816243016238284,0.7573057955403575,0.619465048582093
Cordilheira Alta,2004,0.5199104022980683,0.7413269531609457,0.630618677729507
Penha,2004,0.4500253599497024,0.7972063785360542,0.6236158692428784
Concórdia,2004,0.512096192861316,0.7444342911438725,0.6282652420025943
Celso Ramos,2004,0.5633619649421648,0.6826841326321754,0.6230230487871702
Paulo Lopes,2004,0.3975948893224891,0.7819413377262987,0.589768113524394
Caxambu do Sul,2004,0.5706161042651705,0.912436628144976,0.7415263662050733
Pedras Grandes,2004,0.43857303437046147,0.7544335300467994,0.5965032822086305
Chapecó,2004,0.5598450027910563,0.8216084070226463,0.6907267049068513
Chapadão do Lageado,2004,0.26001247958837426,0.5260082697028222,0.39301037464559824
Cerro Negro,2004,0.5449126450652491,0.6451227701885691,0.5950177076269091
Petrolândia,2004,0.2517520189787339,0.49040078835076784,0.37107640366475086
Corupá,2004,0.2646750795881342,0.4461212846231712,0.35539818210565266
Criciúma,2004,0.5240502972829795,0.7889933554352316,0.6565218263591055
Correia Pinto,2004,0.3732752515924681,0.5804729916260237,0.4768741216092459
Peritiba,2004,0.5379055158546644,0.7153768289316278,0.6266411723931461
Coronel Freitas,2004,0.5021378729320586,0.8007562512025562,0.6514470620673074
Pescaria Brava,2004,0.4057180562567732,0.9183021859254207,0.6620101210910969
Coronel Martins,2004,0.4240435341775731,0.967258673046839,0.6956511036122061
Palma Sola,2004,0.4480935606471158,0.9609521180331889,0.7045228393401524
Canoinhas,2004,0.31953656758393845,0.7801233091009476,0.549829938342443
Balneário Rincão,2004,0.6279862103225716,0.962946811300712,0.7954665108116419
Ouro,2004,0.5162683532072805,0.7231986748872734,0.619733514047277
Campos Novos,2004,0.49650683028724363,0.6628624130575717,0.5796846216724076
Palhoça,2004,0.4192433146922877,0.8189876942231786,0.6191155044577332
Painel,2004,0.3409189415768717,0.5155350767913257,0.42822700918409873
Canelinha,2004,0.3492591778546212,0.5766944050368488,0.462976791445735
Paial,2004,0.5920261699910161,0.8383978335485088,0.7152120017697625
Ouro Verde,2004,0.40601494007665156,0.9383270451826632,0.6721709926296574
Papanduva,2004,0.3125093650312335,0.7136665716523732,0.5130879683418034
Catanduvas,2004,0.4032389711917458,0.7661226231208746,0.5846807971563102
Passos Maia,2004,0.3761332386774391,0.8428453114935123,0.6094892750854757
Passo de Torres,2004,0.5157815807806971,0.9446153335144031,0.7301984571475502
Paraíso,2004,0.4929682518319362,0.9404954114625594,0.7167318316472479
Capinzal,2004,0.5667607484743982,0.7157589552809502,0.6412598518776742
Palmeira,2004,0.31062987529379393,0.5631729088064784,0.4369013920501362
Capivari de Baixo,2004,0.44109306252900893,0.9061671461548378,0.6736301043419234
Palmitos,2004,0.5538031330231242,0.879317116988712,0.7165601250059181
Nova Itaberaba,2004,0.5184217694442438,0.7588110794147418,0.6386164244294927
Xavantina,2004,0.49778116141008755,0.8160151250240509,0.6568981432170693
Capão Alto,2004,0.49919704228004,0.5421814405342519,0.520689241407146
Nova Erechim,2004,0.49104803294385646,0.8067543940369927,0.6489012134904246
Xaxim,2004,0.5118087203527599,0.794478696972486,0.653143708662623
Nova Trento,2004,0.26040069735005167,0.5068577277055831,0.3836292125278174
Campo Alegre,2004,0.3046593019561541,0.4586420276749478,0.381650664815551
Xanxerê,2004,0.46070826025595213,0.8992362197478604,0.6799722400019063
Navegantes,2004,0.4083608729880499,0.7153350362669558,0.5618479546275028
Caibi,2004,0.5401765915491863,0.8404895555351062,0.6903330735421462
Camboriú,2004,0.4122857261344637,0.7058866572577275,0.5590861916960956
Calmon,2004,0.28738271476342636,0.7502241386109978,0.5188034266872121
Orleans,2004,0.35476913586665465,0.6467198684259519,0.5007445021463033
Zortéa,2004,0.580785448406252,0.7340586327423873,0.6574220405743196
Campo Erê,2004,0.4114419409300475,0.9475586638446671,0.6795003023873574
Otacílio Costa,2004,0.267345376316228,0.5381430017484126,0.4027441890323203
Novo Horizonte,2004,0.41067264825749894,0.9679764424404161,0.6893245453489576
Nova Veneza,2004,0.4352361503098515,0.6642962114642263,0.5497661808870389
Campo Belo do Sul,2004,0.5271222551850566,0.6055884057352454,0.566355330460151
Vargeão,2004,0.39860478457086335,0.8859850924818257,0.6422949385263446
Modelo,2004,0.43341211698021187,0.8469678844207232,0.6401900007004675
Vidal Ramos,2004,0.2352864858771177,0.48467148760539497,0.35997898674125633
Mondaí,2004,0.5665187236338851,0.9653777120005039,0.7659482178171946
Botuverá,2004,0.22610299786024918,0.4532957616798721,0.33969937977006065
Vargem Bonita,2004,0.38075525664910914,0.7857298532980098,0.5832425549735595
Braço do Norte,2004,0.36149002770778776,0.7078691602074857,0.5346795939576368
Vargem,2004,0.48481995049633336,0.6385008038367643,0.5616603771665488
Urussanga,2004,0.4300953550715044,0.7008205569930134,0.5654579560322589
Meleiro,2004,0.48962888379217984,0.74337004941537,0.6164994666037749
Urupema,2004,0.32605477587775145,0.5587881603733382,0.44242146812554484
Bom Retiro,2004,0.26426208147016195,0.5363859819497081,0.400324031709935
Bom Jesus do Oeste,2004,0.428608052101317,0.8815680500598138,0.6550880510805654
Mirim Doce,2004,0.2794625809181489,0.6032362584938465,0.4413494197059977
Vitor Meireles,2004,0.27143855516456006,0.5855680888058002,0.42850332198518015
Caçador,2004,0.2943452951000751,0.7435796447961717,0.5189624699481235
Morro Grande,2004,0.38100716247983024,0.6204924723873425,0.5007498174335864
Witmarsum,2004,0.25835153472002137,0.5669764731143216,0.4126640039171715
Morro da Fumaça,2004,0.5335283946984211,0.8552432931554405,0.6943858439269308
Monte Carlo,2004,0.375541516045259,0.6754394036992732,0.5254904598722661
Brunópolis,2004,0.4213788109503299,0.6467286279561976,0.5340537194532637
Braço do Trombudo,2004,0.25512145600595426,0.5389711972025395,0.3970463266042469
Videira,2004,0.3328896875325519,0.7173819337153041,0.525135810623928
Monte Castelo,2004,0.30356606405746517,0.709106206207522,0.5063361351324935
Brusque,2004,0.2850904162127278,0.5107848944155718,0.3979376553141498
Trombudo Central,2004,0.23620261224552042,0.5197846691819269,0.37799364071372366
Maracajá,2004,0.5550558730720678,0.8401678166653667,0.6976118448687172
Benedito Novo,2004,0.22774591515186815,0.4618327820102387,0.3447893485810534
Biguaçu,2004,0.3960781933475177,0.7471097513787878,0.5715939723631527
Major Vieira,2004,0.30665095438118023,0.7476552158617122,0.5271530851214462
Barra Velha,2004,0.39202530115929607,0.6733304077091281,0.5326778544342121
Barra Bonita,2004,0.48743539193320595,0.9271188000368086,0.7072770959850072
Bandeirante,2004,0.4961014041227527,0.9255807227648579,0.7108410634438054
Balneário Gaivota,2004,0.5405071907380478,0.9269628955837173,0.7337350431608824
Balneário Barra do Sul,2004,0.424986723227018,0.8452744484886824,0.6351305858578502
Treze Tílias,2004,0.35903407832392176,0.7467102236127725,0.5528721509683472
Belmonte,2004,0.5014595654423967,0.9075181742891318,0.7044888698657643
Bela Vista do Toldo,2004,0.30852341499976216,0.7666107132317713,0.5375670641157667
União do Oeste,2004,0.4655566816423973,0.8438023373516149,0.6546795094970062
Bombinhas,2004,0.5175081000103735,0.9633783504785541,0.7404432252444638
Urubici,2004,0.29550390084919853,0.5555368068666543,0.4255203538579264
Bom Jesus,2004,0.424121815454301,0.9389896015459646,0.6815557085001328
Tunápolis,2004,0.5147979819869598,0.892452904599771,0.7036254432933654
Matos Costa,2004,0.2850738486587696,0.7639642955737554,0.5245190721162625
Marema,2004,0.4774474598580607,0.8512797591660202,0.6643636095120404
Bom Jardim da Serra,2004,0.313305312808825,0.5567202118010769,0.43501276230495095
Tubarão,2004,0.4569347367268124,0.8592998877581218,0.6581173122424671
Maravilha,2004,0.44033577896300885,0.8670899665654427,0.6537128727642257
Turvo,2004,0.44010338076260874,0.6812299064154741,0.5606666435890414
Bocaina do Sul,2005,0.364500361934014,0.649121737876285,0.5068110499051495
Massaranduba,2005,0.2699183409534328,0.37415608117198673,0.32203721106270977
Blumenau,2005,0.2827672888142026,0.4393886512917732,0.3610779700529879
Timbé do Sul,2005,0.30913214966064423,0.6571550863013913,0.4831436179810178
Lontras,2005,0.32316145630570703,0.5542131733844602,0.4386873148450836
Ascurra,2005,0.2945666493813447,0.5356492335685672,0.41510794147495594
Tigrinhos,2005,0.5104175706540397,0.8705158542356828,0.6904667124448612
Arroio Trinta,2005,0.4951647499691109,0.7358637008991951,0.615514225434153
Lindóia do Sul,2005,0.56300720691081,0.9279683368159712,0.7454877718633905
Tijucas,2005,0.35601892343660635,0.7232410446378537,0.5396299840372301
Arvoredo,2005,0.520951281163176,0.7662627605254797,0.6436070208443279
Leoberto Leal,2005,0.3220419612686607,0.5760954191310805,0.4490686901998706
Treviso,2005,0.36410471165798725,0.6758536450999109,0.519979178378949
Balneário Arroio do Silva,2005,0.41240046514710615,1.0,0.706200232573553
Treze de Maio,2005,0.38565062992854743,0.7837321781951855,0.5846914040618665
Major Gercino,2005,0.3094288458646606,0.5570422847356261,0.43323556530014334
Balneário Camboriú,2005,0.4636685444981409,0.9744896856847439,0.7190791150914424
Macieira,2005,0.45661013691185076,0.7485362720573319,0.6025732044845913
Luzerna,2005,0.5430558224910371,0.7458056985955037,0.6444307605432704
Timbó,2005,0.27654321572058094,0.4574475663467966,0.3669953910336888
Luiz Alves,2005,0.32581101894125886,0.5328268114787279,0.4293189152099934
Três Barras,2005,0.5091288723825091,0.7522092673062852,0.6306690698443972
Atalanta,2005,0.3417376514404843,0.5729929622968156,0.45736530686864996
Mafra,2005,0.44852813165392225,0.7020375794630406,0.5752828555584815
Timbó Grande,2005,0.4408575078747423,0.7328324656885942,0.5868449867816683
Aurora,2005,0.32853680009646363,0.5468206666993743,0.43767873339791896
Siderópolis,2005,0.34877298313103944,0.6568127398026007,0.50279286146682
Laguna,2005,0.3664842044014249,0.9411195930255473,0.653801898713486
Antônio Carlos,2005,0.30641516543811376,0.6127698265537087,0.45959249599591123
Serra Alta,2005,0.4912414340663289,0.8592522479886414,0.6752468410274852
Lajeado Grande,2005,0.4997990553527687,0.8313298627543774,0.665564459053573
Arabutã,2005,0.5519578347940962,0.8400364674496898,0.695997151121893
Apiúna,2005,0.305288820503706,0.5432406247240686,0.4242647226138873
Seara,2005,0.5355186147243902,0.7882766960665815,0.6618976553954858
Lages,2005,0.4172216743318099,0.5943390475413756,0.5057803609365927
Anitápolis,2005,0.30555467925394464,0.5316840274018192,0.4186193533278819
Taió,2005,0.3567108244385119,0.5759455622209998,0.46632819332975584
Lauro Müller,2005,0.33101165158532575,0.5983980379143111,0.46470484474981844
Tangará,2005,0.496704779726122,0.686556903380078,0.5916308415531
Lebon Régis,2005,0.43589096578356173,0.6899536204448649,0.5629222931142133
Armazém,2005,0.33714678051417923,0.6674202542894896,0.5022835174018344
Sombrio,2005,0.3477537060611396,0.8624197142629534,0.6050867101620465
Laurentino,2005,0.3382186330604746,0.5331464934090808,0.4356825632347777
Araquari,2005,0.31249207179517463,0.5132307339410898,0.4128614028681322
Sul Brasil,2005,0.48805132266574736,0.8664458116422145,0.677248567153981
Araranguá,2005,0.4075720955520773,0.9398037201648027,0.67368790785844
Alfredo Wagner,2005,0.32967282646399043,0.5844062176705137,0.45703952206725207
São Miguel da Boa Vista,2005,0.5376732535722046,0.8770468528159008,0.7073600531940527
Jardinópolis,2005,0.47399276644827476,0.8568859441552288,0.6654393553017518
São Martinho,2005,0.30661579680064865,0.6306423669923468,0.4686290818964977
Alto Bela Vista,2005,0.6202131894240166,0.7687054886043637,0.6944593390141902
Jaraguá do Sul,2005,0.2555385498422913,0.35705403332408525,0.3062962915831883
São Lourenço do Oeste,2005,0.5109732877287952,0.9693642530367567,0.740168770382776
Águas Frias,2005,0.5045259316502971,0.7912920018930424,0.6479089667716698
São Ludgero,2005,0.3570442332565768,0.6640122084515898,0.5105282208540833
Jaguaruna,2005,0.39626868388542663,0.9349870123430789,0.6656278481142528
Águas Mornas,2005,0.2996509271500919,0.5510098219308257,0.4253303745404588
José Boiteux,2005,0.3306797856305652,0.5213440605773779,0.42601192310397157
Saudades,2005,0.5180288720146908,0.7854063589037555,0.6517176154592232
Joinville,2005,0.23556622368042202,0.4001385202816353,0.31785237198102867
Schroeder,2005,0.2292272121653044,0.3281529433015327,0.2786900777334186
Angelina,2005,0.311048310214189,0.5625829231721248,0.4368156166931569
Lacerdópolis,2005,0.6079437484331743,0.7786771658120173,0.6933104571225959
Anita Garibaldi,2005,0.5183326889613512,0.590392806436346,0.5543627476988486
Jupiá,2005,0.5133831447052093,1.0,0.7566915723526046
São Miguel do Oeste,2005,0.5726462651651396,0.877425461429247,0.7250358632971934
Joaçaba,2005,0.5546352061497513,0.7722003959791677,0.6634178010644595
Anchieta,2005,0.5342857163582225,0.9129200189304302,0.7236028676443264
São Pedro de Alcântara,2005,0.29824710465886417,0.5927655794927527,0.4455063420758084
Itapoá,2005,0.2948614422078661,0.6813206568878379,0.488091049547852
São José,2005,0.3221818501463115,0.7691853879829198,0.5456836190646157
Itapiranga,2005,0.7155877700372042,1.0,0.8577938850186021
Agrolândia,2005,0.3434525529513861,0.5754851126886558,0.45946883282002093
São João do Sul,2005,0.32536754994681266,0.8200793058044343,0.5727234278756235
Abdon Batista,2005,0.5115886222239905,0.6124510605343543,0.5620198413791724
Itajaí,2005,0.4055588620091231,0.782031197079542,0.5937950295443326
São Joaquim,2005,0.3812830349832711,0.6137190694668079,0.4975010522250395
Itapema,2005,0.42172563080985037,0.8857866376987511,0.6537561342543008
Abelardo Luz,2005,0.5531790810393133,1.0,0.7765895405196567
São José do Cerrito,2005,0.4447324564752748,0.5780908103894656,0.5114116334323702
Jaborá,2005,0.5626862734457483,0.8303640557402523,0.6965251645930003
Água Doce,2005,0.4731391561375738,0.7696265478099324,0.6213828519737531
Jacinto Machado,2005,0.2982651827869687,0.6905077699117331,0.4943864763493509
Águas de Chapecó,2005,0.5475085183749285,0.740937056318031,0.6442227873464798
São José do Cedro,2005,0.566562462837035,0.9308471367723606,0.7487047998046978
Ituporanga,2005,0.3376469348258258,0.5976605354465083,0.46765373513616704
Agronômica,2005,0.3348799663735559,0.5448861809593517,0.4398830736664538
São Cristóvão do Sul,2005,0.3851818890475549,0.5779460482725982,0.48156396866007656
Irati,2005,0.4867293157779343,0.8986275437766201,0.6926784297772772
São Carlos,2005,0.5451665578440011,0.7418024474342501,0.6434845026391256
São Domingos,2005,0.5042809529744341,0.9590534784666348,0.7316672157205344
Irineópolis,2005,0.5206067624950937,0.8034495451438185,0.6620281538194561
São Bonifácio,2005,0.2957785128651073,0.5814360477329238,0.4386072802990155
Ipumirim,2005,0.5538899649943398,0.9045904974300235,0.7292402312121817
Irani,2005,0.5525422461658283,0.8852702039608757,0.718906225063352
Iraceminha,2005,0.5628435135289166,0.8466950623126672,0.7047692879207919
São João Batista,2005,0.32192163495865184,0.6204450145329206,0.47118332474578617
Itaiópolis,2005,0.40546356214477647,0.6600524889213952,0.5327580255330858
São João do Itaperiú,2005,0.3232472836723108,0.5360540298825397,0.42965065677742525
Itá,2005,0.5566155380523734,0.7684039811117584,0.6625097595820659
São João do Oeste,2005,0.6799827123175699,0.9251470887279728,0.8025649005227713
São Francisco do Sul,2005,0.31103330731686085,0.5781264554456252,0.44457988138124305
Santa Helena,2005,0.6433407015637431,0.8664836725035486,0.7549121870336459
Santa Cecília,2005,0.4008286198896418,0.6518204220180488,0.5263245209538453
Imbituba,2005,0.3212362219050791,0.857613498978344,0.5894248604417116
Santa Rosa de Lima,2005,0.307810377773058,0.5743036883501049,0.44105703306158145
Imbuia,2005,0.3275964745039126,0.5794933606177203,0.45354491756081644
Salto Veloso,2005,0.47945775151498937,0.7466161855182204,0.6130369685166048
Imaruí,2005,0.3150849378947556,0.7594424365516997,0.5372636872232277
Sangão,2005,0.39429987903721664,0.861905496065158,0.6281026875511873
São Bento do Sul,2005,0.3199323913118727,0.4913393279697112,0.40563585964079196
Ipira,2005,0.6102354571931936,0.7740201801173627,0.6921278186552782
São Bernardino,2005,0.5047060922838744,0.9415617605300519,0.7231339264069632
Iomerê,2005,0.5066693349196347,0.7221959299574063,0.6144326324385205
Ipuaçu,2005,0.5193619970264495,0.9272416178237284,0.723301807425089
Iporã do Oeste,2005,0.6360177026497064,0.8355892096545191,0.7358034561521127
Santa Terezinha,2005,0.3762257155129193,0.6392141313106762,0.5077199234117977
Santa Rosa do Sul,2005,0.3174018069398331,0.7910661434549131,0.554233975197373
Santo Amaro da Imperatriz,2005,0.29965727304983675,0.6166437948296961,0.45815053393976646
Santiago do Sul,2005,0.49160801020256556,0.9132796971131085,0.702443853657837
Santa Terezinha do Progresso,2005,0.5107040874116475,0.9005205868433502,0.7056123371274989
Indaial,2005,0.28598055899146435,0.47645010937063614,0.38121533418105025
Rio Negrinho,2005,0.3767169042571731,0.5871840984382393,0.4819505013477062
Rodeio,2005,0.2830962492528329,0.4823155103273717,0.3827058797901023
Ibicaré,2005,0.5326409339797883,0.7136299100804541,0.6231354220301212
Riqueza,2005,0.6028588405044223,0.832976810222432,0.7179178253634271
Ibirama,2005,0.31373367179261447,0.5347850419363929,0.42425935686450367
Rio Rufino,2005,0.3320546808012296,0.596306957186696,0.4641808189939628
Rio Fortuna,2005,0.3105890049023457,0.5792173935676962,0.444903199235021
Herval d'Oeste,2005,0.5635825828631995,0.7300965725363545,0.6468395776997771
Ibiam,2005,0.5145295541903063,0.6842972077614764,0.5994133809758914
Ilhota,2005,0.3549093561688792,0.6183965768294238,0.4866529664991515
Saltinho,2005,0.4896902789023638,0.9032519775539174,0.6964711282281406
Salete,2005,0.3457065848922371,0.5843192932639213,0.46501293907807917
Romelândia,2005,0.5423540975915868,0.893166842622592,0.7177604701070894
Içara,2005,0.4246020238764291,0.9036774612338893,0.6641397425551592
Rio do Campo,2005,0.36386864768630034,0.6204133144029024,0.49214098104460136
Guabiruba,2005,0.30824226354040607,0.519023202180233,0.41363273286031954
Guaraciaba,2005,0.573491370875461,0.9128253667770936,0.7431583688262773
Gravatal,2005,0.34995736457560084,0.6972957853231601,0.5236265749493805
Rio das Antas,2005,0.4665679940428794,0.7169585108061206,0.5917632524245
Guatambú,2005,0.5160371193071958,0.7160946515265271,0.6160658854168615
Rio do Sul,2005,0.3291555749612599,0.5304355533063629,0.4297955641338114
Guarujá do Sul,2005,0.5886694360942342,0.9412210127780402,0.7649452244361372
Rio do Oeste,2005,0.33557417252134086,0.5175579744439183,0.42656607348262954
Rio dos Cedros,2005,0.30836124727491676,0.47173327675963217,0.39004726201727447
Guaramirim,2005,0.2515498117532349,0.36622779891645124,0.3088888053348431
Presidente Getúlio,2005,0.33167176013149935,0.5008360940211387,0.41625392707631903
Garuva,2005,0.24980290146124384,0.545319038345844,0.39756096990354395
Presidente Castello Branco,2005,0.5938568639229067,0.8367398915244968,0.7152983777237018
Garopaba,2005,0.32762568983507434,0.8509684056823932,0.5892970477587338
Rancho Queimado,2005,0.31201864848661887,0.53632940478627,0.42417402663644443
Grão-Pará,2005,0.3122790711757437,0.5692722060445937,0.4407756386101687
Presidente Nereu,2005,0.3180523374848855,0.5640707313162933,0.4410615344005894
Gaspar,2005,0.3134260770755255,0.5037056861745935,0.4085658816250595
Quilombo,2005,0.49031938241539164,0.8581309840183474,0.6742251832168695
Governador Celso Ramos,2005,0.3616121424578965,0.8448286944851963,0.6032204184715464
Princesa,2005,0.5935634930417257,0.9380407004259341,0.7658020967338299
Porto Belo,2005,0.40104219575742944,0.8504049599279749,0.6257235778427022
Faxinal dos Guedes,2005,0.5445367619624397,0.9578282602669442,0.7511825111146919
Flor do Sertão,2005,0.5627863923763202,0.8723142451490767,0.7175503187626985
Ponte Alta do Norte,2005,0.39943981343493495,0.6066635115948883,0.5030516625149116
Entre Rios,2005,0.5077235009837842,0.8723142451490765,0.6900188730664303
Doutor Pedrinho,2005,0.3279258170518169,0.5242533688694045,0.4260895929606107
Ponte Serrada,2005,0.5326238467707725,0.8617353712773596,0.6971796090240661
Erval Velho,2005,0.5809448191921649,0.7027023962941932,0.641823607743179
Ermo,2005,0.36534174464729696,0.8391973349132733,0.6022695397802851
Frei Rogério,2005,0.46521549998304734,0.6510175106483671,0.5581165053157072
Pouso Redondo,2005,0.3429089674233896,0.552303201795402,0.4476060846093958
Praia Grande,2005,0.30468900901538465,0.6868504483706321,0.4957697286930084
Galvão,2005,0.503483861717348,0.9871408288824283,0.7453123452998882
Formosa do Sul,2005,0.49030730402823125,0.9051585423568385,0.6977329231925349
Porto União,2005,0.4931003063892081,0.765330268406463,0.6292152873978356
Florianópolis,2005,0.36705400504806107,0.9362189913060998,0.6516364981770804
Fraiburgo,2005,0.45710964538945476,0.6817659387465346,0.5694377920679947
Forquilhinha,2005,0.4207800198977964,0.8155381501984055,0.6181590850481009
Curitibanos,2005,0.4349836843511165,0.615929400629158,0.5254565424901373
Cunhataí,2005,0.5287212069508141,0.75011831519167,0.6394197610712421
Pinheiro Preto,2005,0.5156935502219505,0.7092285849503075,0.6124610675861291
Balneário Piçarras,2005,0.40844415665220307,0.7926439146705214,0.6005440356613623
Pinhalzinho,2005,0.5014604826146436,0.8063416942735446,0.6539010884440941
Cunha Porã,2005,0.5210799995816158,0.7978230004732605,0.6594515000274381
Pomerode,2005,0.26879936032998725,0.4017340522529568,0.33526670629147204
Dionísio Cerqueira,2005,0.6072525592561991,0.9521817321344055,0.7797171456953023
Ponte Alta,2005,0.38513362417272634,0.5699654236943119,0.4775495239335191
Dona Emma,2005,0.3403869251325252,0.5345953620444862,0.4374911435885057
Piratuba,2005,0.6259282736003123,0.7541148652785935,0.6900215694394529
Descanso,2005,0.6044351676713131,0.858802650260293,0.7316189089658031
Planalto Alegre,2005,0.5209622170646199,0.6858495030761944,0.6034058600704071
Cocal do Sul,2005,0.41445199369125785,0.7858083830327597,0.6001301883620087
Cordilheira Alta,2005,0.5029371903294143,0.7126858968923159,0.6078115436108651
Penha,2005,0.4540300427548055,0.9538067643916369,0.7039184035732212
Concórdia,2005,0.5811438195264738,0.8338719964657691,0.7075079079961215
Celso Ramos,2005,0.5628846731660463,0.646136327041572,0.6045105001038091
Paulo Lopes,2005,0.29571218862355986,0.6918657961369147,0.49378899238023727
Caxambu do Sul,2005,0.5462536273472075,0.7108599284334179,0.6285567778903127
Pedras Grandes,2005,0.3818272358194089,0.7144163545855101,0.5481217952024595
Chapecó,2005,0.507910254337789,0.72778650710606,0.6178483807219245
Chapadão do Lageado,2005,0.3468299719470682,0.6325290840744644,0.4896795280107663
Cerro Negro,2005,0.4831143823879315,0.5721857886552632,0.5276500855215973
Petrolândia,2005,0.3442426807967807,0.6056476472081941,0.47494516400248743
Corupá,2005,0.3055779899627994,0.45676424852951064,0.381171119246155
Criciúma,2005,0.41528006119354094,0.8198128637441052,0.617546462468823
Correia Pinto,2005,0.40567882021485735,0.6051590213672072,0.5054189207910322
Peritiba,2005,0.6051734064040831,0.7867749763971166,0.6959741914005999
Coronel Freitas,2005,0.5092539203046279,0.770743879877812,0.63999890009122
Pescaria Brava,2005,0.34921736631276423,0.81222130592066,0.5807193361167121
Coronel Martins,2005,0.5028145514232998,0.9575769048745855,0.7301957281489426
Palma Sola,2005,0.5803712710878659,0.9497397065783242,0.765055488833095
Canoinhas,2005,0.5111903293300404,0.7810317084713673,0.6461110189007038
Balneário Rincão,2005,0.4291177099254333,0.973226566854453,0.7011721383899432
Ouro,2005,0.5960596484736529,0.7785258931229807,0.6872927707983167
Campos Novos,2005,0.5290001334267671,0.6520576208277272,0.5905288771272472
Palhoça,2005,0.31680740096465104,0.7590551134671436,0.5379312572158973
Painel,2005,0.3796581695119578,0.6098761814353197,0.4947671754736388
Canelinha,2005,0.3366031391254005,0.6370969676121729,0.48685005336878673
Paial,2005,0.5309015505950436,0.7539520318113665,0.6424267912032051
Ouro Verde,2005,0.5589986989537709,0.9895748713529202,0.7742867851533455
Papanduva,2005,0.4248768401573382,0.7037225999330508,0.5642997200451945
Catanduvas,2005,0.5233420904065953,0.7702708322831496,0.6468064613448725
Passos Maia,2005,0.5444297271423281,0.8791970513266332,0.7118133892344807
Passo de Torres,2005,0.35968890965235134,0.9398716242262461,0.6497802669392987
Paraíso,2005,0.5992919042760074,0.9126188529879959,0.7559553786320017
Capinzal,2005,0.6131687281708735,0.7085423936598794,0.6608555609153764
Palmeira,2005,0.3885606308004707,0.6565197235947203,0.5225401771975955
Capivari de Baixo,2005,0.3639075535714534,0.8077477197152693,0.5858276366433613
Palmitos,2005,0.5925776686669069,0.7807108874884794,0.6866442780776931
Nova Itaberaba,2005,0.5177426096707842,0.7254141031708465,0.6215783564208154
Xavantina,2005,0.5322985002946727,0.8476072722715968,0.6899528862831348
Capão Alto,2005,0.4305667529815666,0.5278874980553768,0.4792271255184717
Nova Erechim,2005,0.5199122978874228,0.7770941788925692,0.648503238389996
Xaxim,2005,0.501528523599412,0.7567754160207575,0.6291519698100847
Nova Trento,2005,0.31632429193864936,0.5774356841365201,0.4468799880375848
Campo Alegre,2005,0.28785461267991774,0.4536151864121574,0.37073489954603756
Xanxerê,2005,0.5226668356433488,0.8747113704336582,0.6986891030385035
Navegantes,2005,0.42607623252708354,0.8476927497013678,0.6368844911142256
Caibi,2005,0.5853021931621718,0.8081022243256026,0.6967022087438872
Camboriú,2005,0.40751778150496987,0.8086324804560551,0.6080751309805125
Calmon,2005,0.4623927423291415,0.7428084646068552,0.6026006034679984
Orleans,2005,0.33104423670948724,0.597403587395327,0.4642239120524071
Zortéa,2005,0.5936655743077883,0.6774351566061229,0.6355503654569556
Campo Erê,2005,0.5298484503152996,0.935541883577851,0.7326951669465753
Otacílio Costa,2005,0.35584305851022036,0.5929450348528166,0.47439404668151847
Novo Horizonte,2005,0.5033032149497911,0.9610979649787028,0.732200589964247
Nova Veneza,2005,0.37345095522779065,0.7065607601443238,0.5400058576860572
Campo Belo do Sul,2005,0.45439741872672906,0.5464794657411789,0.500438442233954
Vargeão,2005,0.5609139042819197,0.9772226048342542,0.7690682545580869
Modelo,2005,0.49280423913127547,0.821202082347373,0.6570031607393243
Vidal Ramos,2005,0.32473793119940797,0.5811011325169971,0.45291953185820255
Mondaí,2005,0.6605084579974034,0.8772015117463097,0.7688549848718566
Botuverá,2005,0.30855608589483247,0.5426123632758928,0.4255842245853626
Vargem Bonita,2005,0.5026909429897811,0.7694124093954712,0.6360516761926261
Braço do Norte,2005,0.3383971964251668,0.6412561357237768,0.4898266660744718
Vargem,2005,0.48439095556963163,0.6250605495392664,0.554725752554449
Urussanga,2005,0.3971420484785172,0.7235541725336658,0.5603481105060915
Meleiro,2005,0.4029913607058255,0.8060450355573885,0.604518198131607
Urupema,2005,0.3497398536502878,0.5936624893276482,0.471701171488968
Bom Retiro,2005,0.33594254190087275,0.5948978736096213,0.46542020775524706
Bom Jesus do Oeste,2005,0.4989649086197038,0.8545196403218164,0.6767422744707601
Mirim Doce,2005,0.36417726116573274,0.5760828953595529,0.47013007826264286
Vitor Meireles,2005,0.35233019864075,0.5741101452163299,0.4632201719285399
Caçador,2005,0.45679615547386165,0.7324107903454802,0.594603472909671
Morro Grande,2005,0.3319863344737156,0.6810919384266534,0.5065391364501846
Witmarsum,2005,0.343937724835628,0.5530209812273222,0.4484793530314751
Morro da Fumaça,2005,0.423057136492889,0.8529130474805754,0.6379850919867323
Monte Carlo,2005,0.4683571471289468,0.6626912762265336,0.5655242116777401
Brunópolis,2005,0.4676939736136383,0.6306988483988007,0.5491964110062195
Braço do Trombudo,2005,0.34130768247039345,0.559058044613386,0.45018286354188974
Videira,2005,0.48488720290152143,0.7084962761850196,0.5966917395432705
Monte Castelo,2005,0.40023755618468604,0.6904468933811098,0.5453422247828978
Brusque,2005,0.33261899253625776,0.5839440381980544,0.4582815153671561
Trombudo Central,2005,0.33871045133159683,0.5561324795087536,0.4474214654201752
Maracajá,2005,0.41626209593508334,0.8704679605575049,0.6433650282462942
Benedito Novo,2005,0.30462874581407273,0.48648843371775036,0.3955585897659115
Biguaçu,2005,0.32689244632644465,0.7104247519524828,0.5186585991394637
Major Vieira,2005,0.4392450670993947,0.7368597327896896,0.5880523999445422
Barra Velha,2005,0.3853068124677436,0.7281581812022632,0.5567324968350034
Barra Bonita,2005,0.5603482767507321,0.8966398485565538,0.7284940626536429
Bandeirante,2005,0.618940469907458,0.89497667500507,0.756958572456264
Balneário Gaivota,2005,0.37426241709226526,0.954832252273671,0.6645473346829681
Balneário Barra do Sul,2005,0.3603464839684625,0.662426271271751,0.5113863776201067
Treze Tílias,2005,0.5033981928058036,0.737056318031235,0.6202272554185193
Belmonte,2005,0.6208904800938939,0.877330809275911,0.7491106446849025
Bela Vista do Toldo,2005,0.47402394252207614,0.7584313853484991,0.6162276639352876
União do Oeste,2005,0.4887716967736122,0.8180974917179362,0.6534345942457742
Bombinhas,2005,0.4335474040308425,0.9873856369040709,0.7104665204674567
Urubici,2005,0.3038310544536957,0.4931588819604063,0.398494968207051
Bom Jesus,2005,0.5286628371651768,0.9162328442972074,0.7224478407311921
Tunápolis,2005,0.6711852944732504,0.8910861979201259,0.7811357461966881
Matos Costa,2005,0.48321151224699416,0.7638772963903107,0.6235444043186524
Marema,2005,0.5014275662272574,0.8239064295855583,0.6626669979064078
Bom Jardim da Serra,2005,0.2891233644472369,0.5106699556755151,0.39989666006137603
Tubarão,2005,0.3725552578866977,0.7700386084651214,0.5712969331759096
Maravilha,2005,0.514708126072299,0.8382394699479407,0.6764737980101199
Turvo,2005,0.35807718541876643,0.766734495786347,0.5624058406025567
Bocaina do Sul,2006,0.2926757460050777,0.48649286304117023,0.389584304523124
Massaranduba,2006,0.2810932107086516,0.445051851143242,0.3630725309259468
Blumenau,2006,0.2481385421794664,0.37273552109775615,0.31043703163861125
Timbé do Sul,2006,0.292803994536987,0.41984423827334383,0.3563241164051654
Lontras,2006,0.32950606401978827,0.5036158446563067,0.4165609543380475
Ascurra,2006,0.26315990117746385,0.4499495366547387,0.35655471891610124
Tigrinhos,2006,0.38308182205839225,0.8802642444260941,0.6316730332422431
Arroio Trinta,2006,0.3773493719285763,0.7483622350674372,0.5628558034980067
Lindóia do Sul,2006,0.3551741871659546,0.7804385723460869,0.5678063797560208
Tijucas,2006,0.3346029077002867,0.47939067337491637,0.4069967905376015
Arvoredo,2006,0.3328033487517596,0.7211670795485821,0.5269852141501709
Leoberto Leal,2006,0.2703988571951129,0.3773578795680121,0.3238783683815625
Treviso,2006,0.3713177368080546,0.5528488852188271,0.46208331101344086
Balneário Arroio do Silva,2006,0.43132904055061694,0.8183771777869829,0.6248531091687999
Treze de Maio,2006,0.46627820509612117,0.7021281216156416,0.5842031633558814
Major Gercino,2006,0.2554770981742153,0.38204564258271906,0.3187613703784672
Balneário Camboriú,2006,0.440767296591725,0.6495803719616322,0.5451738342766785
Macieira,2006,0.37543232231953055,0.7626912036490892,0.5690617629843099
Luzerna,2006,0.36133955001808127,0.7334617854849067,0.547400667751494
Timbó,2006,0.24751894647059486,0.39544912377282293,0.32148403512170887
Luiz Alves,2006,0.31286550662798573,0.49868894270101405,0.4057772246644999
Três Barras,2006,0.5621261020737289,1.0,0.7810630510368645
Atalanta,2006,0.32400511940997195,0.5140655105973025,0.4190353150036372
Mafra,2006,0.5027207523321434,0.7540957903998277,0.6284082713659855
Timbó Grande,2006,0.3923175570044309,0.7810005505092209,0.5866590537568259
Aurora,2006,0.3332940980730276,0.5076796036333605,0.42048685085319404
Siderópolis,2006,0.35638882579901526,0.5218827415359206,0.43913578366746797
Laguna,2006,0.47406520499605387,1.0,0.7370326024980269
Antônio Carlos,2006,0.27714126374252457,0.472657316351802,0.37489929004716327
Serra Alta,2006,0.3772354652682939,0.8661345077530046,0.6216849865106493
Lajeado Grande,2006,0.39010727581137883,0.8381502890173411,0.61412878241436
Arabutã,2006,0.33680154911521765,0.7440525343085207,0.5404270417118692
Apiúna,2006,0.2715730763446396,0.4510787863389019,0.36132593134177077
Seara,2006,0.32291948975648355,0.7153705412800956,0.5191450155182895
Lages,2006,0.33807994217262677,0.4957215859452602,0.4169007640589435
Anitápolis,2006,0.31790375634150264,0.5065375157374684,0.41222063603948556
Taió,2006,0.3027571667712179,0.6037895864485459,0.4532733766098819
Lauro Müller,2006,0.35906532444323425,0.5262081711297234,0.4426367477864788
Tangará,2006,0.3493682188839772,0.6994074782331549,0.524387848558566
Lebon Régis,2006,0.37656232974590886,0.7188549408202586,0.5477086352830838
Armazém,2006,0.409742047280775,0.5712673741610332,0.4905047107209041
Sombrio,2006,0.3693010735302171,0.6434925023901608,0.5063967879601889
Laurentino,2006,0.32145638112969904,0.5451876318928339,0.4333220065112665
Araquari,2006,0.3283638343475583,0.6910296695058346,0.5096967519266964
Sul Brasil,2006,0.3834853242099988,0.8720066061106521,0.6277459651603254
Araranguá,2006,0.4378115331664321,0.7661796898387446,0.6019956115025884
Alfredo Wagner,2006,0.29660047390924127,0.4000420371397289,0.3483212555244851
São Miguel da Boa Vista,2006,0.377550665047082,0.8863198458574182,0.6319352554522502
Jardinópolis,2006,0.3811828672045802,0.8665015139003575,0.6238421905524688
São Martinho,2006,0.3841914353829141,0.5603693923726364,0.47228041387777525
Alto Bela Vista,2006,0.3591054396653537,0.6860445912469033,0.5225750154561285
Jaraguá do Sul,2006,0.2887546768423059,0.46653304599664447,0.37764386141947515
São Lourenço do Oeste,2006,0.43730473448820206,0.9680398813346789,0.7026723079114405
Águas Frias,2006,0.3578132944912086,0.8078722818607212,0.5828427881759649
São Ludgero,2006,0.4087785600372047,0.5114089541006345,0.4600937570689196
Jaguaruna,2006,0.5125681444377815,0.951312921205013,0.7319405328213973
Águas Mornas,2006,0.3048391426467548,0.5587032168876945,0.4317711797672247
José Boiteux,2006,0.3330875452831681,0.5738141113863656,0.45345082833476685
Saudades,2006,0.33660774170702495,0.8027925831394037,0.5697001624232143
Joinville,2006,0.3077049273905085,0.6292303634695418,0.4684676454300251
Schroeder,2006,0.28683904546478767,0.5242441626729348,0.40554160406886125
Angelina,2006,0.26591532655017763,0.41952718994754074,0.3427212582488592
Lacerdópolis,2006,0.3839450296404764,0.71345995045417,0.5487024900473232
Anita Garibaldi,2006,0.3814765864073443,0.5985067437379575,0.4899916650726509
Jupiá,2006,0.45194600617406433,1.0,0.7259730030870322
São Miguel do Oeste,2006,0.3881758809668352,0.8874208642994766,0.637798372633156
Joaçaba,2006,0.3617718312950131,0.7278155370640919,0.5447936841795524
Anchieta,2006,0.40857008453007265,0.9134783007615375,0.661024192645805
São Pedro de Alcântara,2006,0.293534559863708,0.5361314606544966,0.4148330102591023
Itapoá,2006,0.3545321340614269,1.0,0.6772660670307135
São José,2006,0.319445108880879,0.5250682535739133,0.4222566812273961
Itapiranga,2006,0.4012761310109857,0.8647765850077985,0.6330263580093921
Agrolândia,2006,0.3206040190494406,0.5204514175612437,0.42052771830534214
São João do Sul,2006,0.3028087133076072,0.5593685937167996,0.4310886535122034
Abdon Batista,2006,0.37566205867453817,0.6187223181442831,0.49719218840941065
Itajaí,2006,0.3589758695380354,0.5175563237524005,0.43826609664521793
São Joaquim,2006,0.2716463556711896,0.4134009673233454,0.34252366149726754
Itapema,2006,0.4025186520583477,0.656994716399247,0.5297566842287973
Abelardo Luz,2006,0.4124127933798496,0.9120790898247542,0.6622459416023019
São José do Cerrito,2006,0.3666477149907508,0.5986841750187549,0.48266594500475285
Jaborá,2006,0.35115754964226753,0.7372541823408876,0.5442058659915776
Água Doce,2006,0.373287238679469,0.7681904268911428,0.5707388327853059
Jacinto Machado,2006,0.31132389777981706,0.364677909954325,0.33800090386707105
Águas de Chapecó,2006,0.3357891544207168,0.7600697311679969,0.5479294427943568
São José do Cedro,2006,0.4229918783746629,0.9293696669419212,0.676180772658292
Ituporanga,2006,0.33789155931444476,0.4776391846668692,0.407765371990657
Agronômica,2006,0.33070294072598105,0.5271125791357004,0.42890775993084074
São Cristóvão do Sul,2006,0.3326995614194084,0.6023182554974463,0.46750890845842735
Irati,2006,0.4038442887892998,0.9039361409303601,0.65389021485983
São Carlos,2006,0.33189034786275406,0.760882387637136,0.546386367749945
São Domingos,2006,0.43437113718726394,0.9625103220478941,0.698440729617579
Irineópolis,2006,0.514262257469029,0.8833999114519375,0.6988310844604833
São Bonifácio,2006,0.3487567332946629,0.5736534640826756,0.4612050986886692
Ipumirim,2006,0.35668384494547545,0.7869317580300239,0.5718078014877497
Irani,2006,0.35096435483705923,0.765369731707712,0.5581670432723856
Iraceminha,2006,0.3578198108615033,0.8617916016759946,0.609805706268749
São João Batista,2006,0.2718020799987902,0.39479578197232973,0.33329893098555996
Itaiópolis,2006,0.44031619594418947,0.7037342875493163,0.5720252417467528
São João do Itaperiú,2006,0.3284842360332644,0.6017979879409123,0.46514111198708835
Itá,2006,0.3084226854959283,0.6968660296488538,0.502644357572391
São João do Oeste,2006,0.38475125523635706,0.8512707587852095,0.6180110070107833
São Francisco do Sul,2006,0.35593371476465796,0.8997269160612374,0.6278303154129476
Santa Helena,2006,0.38303777264769556,0.8721167079548582,0.6275772403012769
Santa Cecília,2006,0.35074948499603265,0.6743168465313171,0.5125331657636749
Imbituba,2006,0.40650759281184334,0.854193179115576,0.6303503859637096
Santa Rosa de Lima,2006,0.3583719620258444,0.5156132540630264,0.4369926080444354
Imbuia,2006,0.3069387893049442,0.4260941370767962,0.3665164631908702
Salto Veloso,2006,0.3775258106631165,0.7536471235893201,0.5655864671262183
Imaruí,2006,0.40563978626528435,0.7489594186812607,0.5772996024732725
Sangão,2006,0.48899918435129763,0.8465182894835087,0.6677587369174032
São Bento do Sul,2006,0.3505051194734456,0.49229287090558754,0.42139899518951657
Ipira,2006,0.37704954779053634,0.6962718292198059,0.5366606885051711
São Bernardino,2006,0.42967486177860265,0.9413707679603631,0.6855228148694829
Iomerê,2006,0.37123213883808637,0.7395173869162308,0.5553747628771586
Ipuaçu,2006,0.42229186274421626,0.92659171271888,0.6744417877315481
Iporã do Oeste,2006,0.3758051689009094,0.84882405113619,0.6123146100185497
Santa Terezinha,2006,0.37780384511223575,0.6920198480892125,0.5349118466007241
Santa Rosa do Sul,2006,0.33100326607461933,0.5709353970299019,0.4509693315522606
Santo Amaro da Imperatriz,2006,0.3218511222834628,0.5961163169907433,0.45898371963710305
Santiago do Sul,2006,0.4135162185855463,0.918359482521332,0.6659378505534392
Santa Terezinha do Progresso,2006,0.40439438890401724,0.9022846132672722,0.6533395010856446
Indaial,2006,0.2409119573431237,0.40432399969972205,0.3226179785214229
Rio Negrinho,2006,0.4043297973054931,0.6064189375172032,0.5053743674113482
Rodeio,2006,0.25750186089279614,0.4350857876869436,0.3462938242898699
Ibicaré,2006,0.3645112356212333,0.723644371043215,0.5440778033322241
Riqueza,2006,0.36329435354792106,0.8489953206716209,0.606144837109771
Ibirama,2006,0.3068049346723287,0.511816287208525,0.40931061094042687
Rio Rufino,2006,0.2509236378276267,0.4383154417836498,0.34461953980563825
Rio Fortuna,2006,0.3644520419019315,0.486823900122784,0.42563797101235773
Herval d'Oeste,2006,0.3722700102456476,0.7129094412331405,0.542589725739394
Ibiam,2006,0.3660974684180405,0.6958436553812275,0.530970561899634
Ilhota,2006,0.31840100384408376,0.4644229623340886,0.3914119830890862
Saltinho,2006,0.40703387480760356,0.9046439385002555,0.6558389066539295
Salete,2006,0.3091192183991549,0.6231152705141142,0.46611724445663455
Romelândia,2006,0.3873305841031147,0.8999978826568418,0.6436642333799782
Içara,2006,0.481031781091136,0.7792198317168554,0.6301258064039956
Rio do Campo,2006,0.32379724454987596,0.6537806730484955,0.4887889587991857
Guabiruba,2006,0.24777778675854562,0.3719607303422328,0.3098692585503892
Guaraciaba,2006,0.4074793478345516,0.9144569838211457,0.6609681658278487
Gravatal,2006,0.4485718814446705,0.6547387683143555,0.551655324879513
Rio das Antas,2006,0.3754281261292258,0.7412300822705445,0.5583291041998852
Guatambú,2006,0.31835799980186585,0.6445239624430374,0.48144098112245165
Rio do Sul,2006,0.330357911265293,0.5306541884576564,0.4305060498614747
Guarujá do Sul,2006,0.4367447407725441,0.9377924580236717,0.6872685993981079
Rio do Oeste,2006,0.3109287986702873,0.5641802000183501,0.43755449934431867
Rio dos Cedros,2006,0.3192482246006183,0.4828725191491785,0.4010603718748984
Guaramirim,2006,0.29154644022140763,0.5372195762823976,0.4143830082519026
Presidente Getúlio,2006,0.3224245338457796,0.5613359023763649,0.44188021811107225
Garuva,2006,0.32490605352274865,0.791920278020864,0.5584131657718063
Presidente Castello Branco,2006,0.3609475372971682,0.7203413157170382,0.5406444265071032
Garopaba,2006,0.403333716598431,0.7963705091471007,0.5998521128727659
Rancho Queimado,2006,0.27364405930383406,0.4559588545284328,0.3648014569161334
Grão-Pará,2006,0.3595523436342013,0.45427706950099483,0.4069147065675981
Presidente Nereu,2006,0.28891506931039834,0.4420589044866499,0.3654869868985241
Gaspar,2006,0.27034910039091603,0.3708072824505522,0.3205781914207341
Quilombo,2006,0.39343253881226026,0.8672214105740111,0.6303269746931357
Governador Celso Ramos,2006,0.3651598279077039,0.6021364732553799,0.48364815058154187
Princesa,2006,0.42414300112725223,0.9353151665290392,0.6797290838281458
Porto Belo,2006,0.3843487681493162,0.5776389466836896,0.4809938574165029
Faxinal dos Guedes,2006,0.3969460784545513,0.8651558246933969,0.6310509515739742
Flor do Sertão,2006,0.37032215859894635,0.8835672997522707,0.6269447291756085
Ponte Alta do Norte,2006,0.33943599093802795,0.6313790255986786,0.4854075082683533
Entre Rios,2006,0.40791716077164575,0.8780622075419762,0.642989684156811
Doutor Pedrinho,2006,0.3544903776635948,0.5521028003534846,0.4532965890085397
Ponte Serrada,2006,0.3689589233819477,0.7968227753529157,0.5828908493674316
Erval Velho,2006,0.39185988762096635,0.6971949052873909,0.5445273964541786
Ermo,2006,0.38524187909028135,0.580203498214666,0.4827226886524737
Frei Rogério,2006,0.35492452608313185,0.6725846407927335,0.5137545834379327
Pouso Redondo,2006,0.3046632501464568,0.5566871578432272,0.430675203994842
Praia Grande,2006,0.2713116910468748,0.3690237872491965,0.32016773914803565
Galvão,2006,0.4475361340572278,0.9872203216546733,0.7173782278559506
Formosa do Sul,2006,0.4074498418519227,0.9121937792458025,0.6598218105488626
Porto União,2006,0.44090311464700027,0.8292766046688423,0.6350898596579213
Florianópolis,2006,0.4052659911648078,0.7061329576584945,0.5556994744116511
Fraiburgo,2006,0.36437293949378047,0.7024497660335811,0.5334113527636808
Forquilhinha,2006,0.43934362888307665,0.5637365692368062,0.5015400990599415
Curitibanos,2006,0.3516900035188939,0.6398104521191904,0.49575022781904216
Cunhataí,2006,0.3312699606011922,0.7676851087255707,0.5494775346633815
Pinheiro Preto,2006,0.36438789398390004,0.7263969171483623,0.5453924055661312
Balneário Piçarras,2006,0.4008124224716384,0.6729051244144997,0.536858773443069
Pinhalzinho,2006,0.348565413134807,0.8190200935865679,0.5837927533606875
Cunha Porã,2006,0.3451840370872551,0.8145701440499129,0.5798770905685839
Pomerode,2006,0.24510098654794793,0.37654830718414506,0.3108246468660465
Dionísio Cerqueira,2006,0.44868295547049847,0.9470410129369667,0.6978619842037326
Ponte Alta,2006,0.3385975355110411,0.5857595695373059,0.4621785525241735
Dona Emma,2006,0.3308895763040233,0.5935101079609751,0.4621998421324992
Piratuba,2006,0.3931223568386787,0.6800165152766309,0.5365694360576547
Descanso,2006,0.3781544893686566,0.870905587668593,0.6245300385186248
Planalto Alegre,2006,0.3269190625375197,0.7074043490228459,0.5171617057801827
Cocal do Sul,2006,0.4578558138108188,0.5793192035966601,0.5185875087037395
Cordilheira Alta,2006,0.34042036402369735,0.7166529039361407,0.528536633979919
Penha,2006,0.43724290722535375,0.739633150005403,0.5884380286153783
Concórdia,2006,0.333668286001636,0.7193875264852544,0.5265279062434451
Celso Ramos,2006,0.4020195052007317,0.6262042389210019,0.5141118720608668
Paulo Lopes,2006,0.367011252299968,0.6214051729354443,0.49420821261770614
Caxambu do Sul,2006,0.33121662777226824,0.7057528213597578,0.518484724566013
Pedras Grandes,2006,0.4333780048713372,0.5692431461862151,0.5013105755287761
Chapecó,2006,0.31111694109012145,0.6388742920534828,0.4749956165718021
Chapadão do Lageado,2006,0.33111344761582434,0.46282096653690347,0.3969672070763639
Cerro Negro,2006,0.3704914131874198,0.5847718663573326,0.4776316397723762
Petrolândia,2006,0.3188766187492112,0.4880570082882222,0.4034668135187167
Corupá,2006,0.3340449528002745,0.45930819341223955,0.39667657310625704
Criciúma,2006,0.46056801536487024,0.628852798100835,0.5447104067328526
Correia Pinto,2006,0.3456099069150095,0.5742144817289324,0.45991219432197095
Peritiba,2006,0.353326287309327,0.696118909991742,0.5247225986505345
Coronel Freitas,2006,0.3609856496922866,0.7855766584090283,0.5732811540506575
Pescaria Brava,2006,0.46464707610404093,0.8546394394621255,0.6596432577830832
Coronel Martins,2006,0.43075842984861473,0.9595375722543352,0.695148001051475
Palma Sola,2006,0.4354348565936218,0.9447349909777655,0.6900849237856936
Canoinhas,2006,0.5429969555604586,0.9862514597899906,0.7646242076752245
Balneário Rincão,2006,0.49029470492850985,0.890741043768198,0.6905178743483539
Ouro,2006,0.383810404180156,0.7121754289384347,0.5479929165592954
Campos Novos,2006,0.37953103228303203,0.6596894262023831,0.5196102292427076
Palhoça,2006,0.36638066383667445,0.6265424986778876,0.496461581257281
Painel,2006,0.2989716066632109,0.463441841598215,0.38120672413071294
Canelinha,2006,0.29436689494754853,0.4081681732570415,0.35126753410229505
Paial,2006,0.30114831368743666,0.6666666666666666,0.48390749017705165
Ouro Verde,2006,0.4200172641925176,0.910211946050096,0.6651146051213068
Papanduva,2006,0.44240941781817483,0.7572992823239546,0.5998543500710647
Catanduvas,2006,0.35466572035476773,0.7467407351800414,0.5507032277674045
Passos Maia,2006,0.384787171303173,0.8203688411780897,0.6025780062406314
Passo de Torres,2006,0.3408058505225764,0.7518380075908038,0.5463219290566901
Paraíso,2006,0.39131873840630316,0.9121937792458021,0.6517562588260526
Capinzal,2006,0.41167715095809776,0.6868782194958907,0.5492776852269943
Palmeira,2006,0.34012093330036297,0.551500137627305,0.445810535463834
Capivari de Baixo,2006,0.49926245012638965,0.8317543107773624,0.665508380451876
Palmitos,2006,0.338767142728032,0.796992481203007,0.5678798119655195
Nova Itaberaba,2006,0.3377695190596016,0.7448389760528489,0.5413042475562253
Xavantina,2006,0.3609225390040246,0.7833746215249104,0.5721485802644675
Capão Alto,2006,0.3369521846334796,0.5201694394621242,0.42856081204780194
Nova Erechim,2006,0.3459781482406096,0.7919075144508669,0.5689428313457383
Xaxim,2006,0.35787149814143693,0.7634828883383792,0.5606771932399081
Nova Trento,2006,0.25680466113891176,0.35050132195324435,0.30365299154607805
Campo Alegre,2006,0.3264589945462646,0.45490411964400396,0.3906815570951343
Xanxerê,2006,0.3996882511712745,0.8690338563170932,0.6343610537441838
Navegantes,2006,0.4032696777195173,0.6372801193538294,0.5202748985366734
Caibi,2006,0.3530114165927433,0.826754748142031,0.5898830823673872
Camboriú,2006,0.36287991900418615,0.5363418037554182,0.44961086137980216
Calmon,2006,0.3871511069034243,0.7892257481027091,0.5881884275030667
Orleans,2006,0.36573665858918636,0.4902468116340948,0.42799173511164057
Zortéa,2006,0.40567652625889605,0.6700798238370491,0.5378781750479726
Campo Erê,2006,0.4275389275883684,0.9333773740710158,0.6804581508296921
Otacílio Costa,2006,0.3145865316596732,0.5303361164632839,0.42246132406147857
Novo Horizonte,2006,0.43249720299119754,0.9620148637489678,0.6972560333700827
Nova Veneza,2006,0.39088048707025613,0.5311679970639507,0.4610242420671034
Campo Belo do Sul,2006,0.3644989503880384,0.56673154622181,0.4656152483049242
Vargeão,2006,0.3931283989811103,0.8569593540691804,0.6250438765251454
Modelo,2006,0.35417365202780193,0.831819432975502,0.5929965425016519
Vidal Ramos,2006,0.28950750830635413,0.425727130929443,0.35761731961789855
Mondaí,2006,0.366063191060813,0.8494357280484445,0.6077494595546287
Botuverá,2006,0.2526467902493908,0.37361225800532133,0.31312952412735606
Vargem Bonita,2006,0.35352043992147797,0.7625711678039029,0.5580458038626904
Braço do Norte,2006,0.3995623127858152,0.49528215652121266,0.44742223465351394
Vargem,2006,0.3642770584706617,0.6330532212885154,0.49866513987958855
Urussanga,2006,0.43054553378747834,0.5737878966615544,0.5021667152245164
Meleiro,2006,0.40742330711386876,0.5318432122614382,0.46963325968765346
Urupema,2006,0.2531576411817289,0.4274015964767409,0.3402796188292349
Bom Retiro,2006,0.2885212328915603,0.4291171087642035,0.3588191708278819
Bom Jesus do Oeste,2006,0.37020330875998414,0.8648499862372692,0.6175266474986266
Mirim Doce,2006,0.30692207368667646,0.5996204383791847,0.45327125603293056
Vitor Meireles,2006,0.344098103817802,0.6302171614006112,0.48715763260920664
Caçador,2006,0.3839663227373446,0.7635783099366915,0.5737723163370181
Morro Grande,2006,0.3269200510261946,0.464787070897723,0.3958535609619588
Witmarsum,2006,0.32865685655240245,0.6090467015322507,0.46885177904232656
Morro da Fumaça,2006,0.47417593809245284,0.6946114415721483,0.5843936898323006
Monte Carlo,2006,0.3348823801732429,0.6771875095574516,0.5060349448653472
Brunópolis,2006,0.3418517979109223,0.6470930054745084,0.49447240169271534
Braço do Trombudo,2006,0.3190242400078801,0.5433526011560692,0.43118842058197465
Videira,2006,0.3635974167881851,0.7253103857910674,0.5444539012896262
Monte Castelo,2006,0.3735297290873538,0.7324918406669024,0.5530107848771282
Brusque,2006,0.27261797756267336,0.37947961910461286,0.3260487983336431
Trombudo Central,2006,0.3273288253205049,0.5367464905037159,0.4320376579121104
Maracajá,2006,0.4440793789188896,0.7071306170689609,0.5756049979939253
Benedito Novo,2006,0.30422998104295895,0.48714271227200945,0.3956863466574842
Biguaçu,2006,0.30906634686681894,0.4896091944413651,0.39933777065409204
Major Vieira,2006,0.45392704111266247,0.7964598022401489,0.6251934216764057
Barra Velha,2006,0.38169901435692444,0.691264738201761,0.5364818762793427
Barra Bonita,2006,0.3917710011705081,0.9042113955408754,0.6479911983556917
Bandeirante,2006,0.38315389417343215,0.8977232511501709,0.6404385726618016
Balneário Gaivota,2006,0.37902633521801815,0.7806463295813363,0.5798363323996772
Balneário Barra do Sul,2006,0.36062339429350754,0.807321635057431,0.5839725146754693
Treze Tílias,2006,0.3729139316297642,0.7423616845582164,0.5576378080939903
Belmonte,2006,0.38513176483113687,0.8827415359207266,0.6339366503759317
Bela Vista do Toldo,2006,0.48834891694724913,0.8237326423493455,0.6560407796482973
União do Oeste,2006,0.3684184990206437,0.8298375997797959,0.5991280494002198
Bombinhas,2006,0.4571726641089293,0.7575052141370645,0.6073389391229969
Urubici,2006,0.25479991164113464,0.39315706651293963,0.32397848907703714
Bom Jesus,2006,0.41793886873754854,0.9136618038352143,0.6658003362863815
Tunápolis,2006,0.38727654807266687,0.868310329912311,0.627793438992489
Matos Costa,2006,0.39749174530276965,0.813902860145635,0.6056973027242023
Marema,2006,0.3886693690760683,0.8332350281152922,0.6109521985956803
Bom Jardim da Serra,2006,0.23899565861207528,0.3715478484264609,0.30527175351926805
Tubarão,2006,0.49390752001932636,0.7470090777992409,0.6204582989092836
Maravilha,2006,0.3645424119984023,0.8520047710799153,0.6082735915391588
Turvo,2006,0.37161054213637956,0.4736577693298063,0.42263415573309293
Bocaina do Sul,2007,0.2292546924687751,0.5169279171423005,0.37309130480553776
Massaranduba,2007,0.3025986031280985,0.4289273749049873,0.3657629890165429
Blumenau,2007,0.2951665663894854,0.35217306567920487,0.32366981603434514
Timbé do Sul,2007,0.2726494658286432,0.44070070047118465,0.3566750831499139
Lontras,2007,0.28668547782462617,0.4757002887971511,0.38119288331088863
Ascurra,2007,0.2573174348488983,0.4359773923211851,0.3466474135850417
Tigrinhos,2007,0.30655115856952186,0.8655232898070551,0.5860372241882885
Arroio Trinta,2007,0.32426185861259993,0.7626193724420192,0.5434406155273095
Lindóia do Sul,2007,0.25705898989849163,0.7849671928798804,0.521013091389186
Tijucas,2007,0.3814803157365871,0.5322448242812875,0.45686257000893726
Arvoredo,2007,0.28732514418769484,0.6980120834145391,0.492668613801117
Leoberto Leal,2007,0.24730240993716027,0.37514760337968756,0.3112250066584239
Treviso,2007,0.31144840933392165,0.5644123952445921,0.43793040228925684
Balneário Arroio do Silva,2007,0.4509270604545715,0.9125811040461116,0.6817540822503415
Treze de Maio,2007,0.3907797347253403,0.7764755689709972,0.5836276518481688
Major Gercino,2007,0.26387979159565955,0.3547097511620656,0.3092947713788626
Balneário Camboriú,2007,0.5029535860260306,0.6779084810012335,0.590431033513632
Macieira,2007,0.2914934376625205,0.7817468051340593,0.5366201213982899
Luzerna,2007,0.33900980796505586,0.7396219060611972,0.5393158570131265
Timbó,2007,0.264200809873011,0.3999220424868448,0.3320614261799279
Luiz Alves,2007,0.3417491299045396,0.4149876861324834,0.37836840801851146
Três Barras,2007,0.575703498681942,0.9428382321971178,0.7592708654395299
Atalanta,2007,0.2552287362311946,0.5198596764763207,0.38754420635375764
Mafra,2007,0.5748923736276457,1.0,0.7874461868138228
Timbó Grande,2007,0.31891424551848757,0.7964943480802964,0.5577042967993919
Aurora,2007,0.2895480856053838,0.4931982069771976,0.3913731462912907
Siderópolis,2007,0.2968556305776099,0.5330901801375394,0.41497290535757464
Laguna,2007,0.5112815935393707,1.0,0.7556407967696854
Antônio Carlos,2007,0.2867815958649107,0.45850343794662235,0.37264251690576655
Serra Alta,2007,0.3002239897693063,0.8528551939193137,0.57653959184431
Lajeado Grande,2007,0.32102722300675957,0.8278113428181645,0.574419282912462
Arabutã,2007,0.27002055354835,0.7287078542194504,0.4993642038839002
Apiúna,2007,0.26928150280058843,0.4300706115167235,0.34967605715865596
Seara,2007,0.2766172980756996,0.6912194618638726,0.48391837996978615
Lages,2007,0.2474212155683286,0.5169938905035886,0.3822075530359586
Anitápolis,2007,0.2586137366027076,0.5006650161727512,0.3796393763877294
Taió,2007,0.25897995295906595,0.630418178849284,0.44469906590417496
Lauro Müller,2007,0.28450106989944457,0.5373500013920985,0.41092553564577156
Tangará,2007,0.29817092243463533,0.7079670526931245,0.50306898756388
Lebon Régis,2007,0.2946146379340989,0.7419918144611187,0.5183032261976088
Armazém,2007,0.35933684911326014,0.7156060140931655,0.5374714316032128
Sombrio,2007,0.3744113502628928,0.7094399141729532,0.541925632217923
Laurentino,2007,0.27959183944239085,0.5326447086337947,0.40611827403809275
Araquari,2007,0.3752042252554611,0.5981816992114825,0.4866929622334718
Sul Brasil,2007,0.30358392307145793,0.8590917949717407,0.5813378590215993
Araranguá,2007,0.4124720505699262,0.8202518348305546,0.6163619427002405
Alfredo Wagner,2007,0.250888446329097,0.390427931063285,0.320658188696191
São Miguel da Boa Vista,2007,0.3060343118745512,0.8702007405963749,0.588117526235463
Jardinópolis,2007,0.302773030049241,0.8520756187877608,0.5774243244185009
São Martinho,2007,0.316211946721307,0.7155168550454911,0.515864400883399
Alto Bela Vista,2007,0.31612780895690906,0.6555057493665952,0.48581677916175214
Jaraguá do Sul,2007,0.2903318735037493,0.4251674286599941,0.3577496510818717
São Lourenço do Oeste,2007,0.34754227103913254,0.9675177028519453,0.6575299869455389
Águas Frias,2007,0.2939242983551231,0.7801598129019682,0.5370420556285457
São Ludgero,2007,0.3453542556891779,0.6503258161942153,0.49784003594169657
Jaguaruna,2007,0.4836533606610855,0.9862767485135683,0.7349650545873269
Águas Mornas,2007,0.259808829786618,0.5136304074504213,0.38671961861851967
José Boiteux,2007,0.29888838552646674,0.5678369574296298,0.4333626714780483
Saudades,2007,0.2843101973700555,0.7701670771247852,0.5272386372474203
Joinville,2007,0.38752665712416,0.7545385699162409,0.5710326135202004
Schroeder,2007,0.32590824099866317,0.5527259741073082,0.4393171075529857
Angelina,2007,0.2514360810089722,0.3840582424333898,0.317747161721181
Lacerdópolis,2007,0.3441222686944193,0.6988891054375365,0.5215056870659779
Anita Garibaldi,2007,0.2631654803797605,0.5918193334632624,0.42749240692151147
Jupiá,2007,0.37517552971756457,1.0,0.6875877648587823
São Miguel do Oeste,2007,0.30199227255491834,0.8621126486065094,0.5820524605807138
Joaçaba,2007,0.31327344926138734,0.7279882464057089,0.5206308478335482
Anchieta,2007,0.34607713107902666,0.9035275774702787,0.6248023542746527
São Pedro de Alcântara,2007,0.274748778687793,0.49385306784657196,0.38430092326718246
Itapoá,2007,0.4532354319537147,1.0,0.7266177159768573
São José,2007,0.3210775854528049,0.5880568577200054,0.45456722158640517
Itapiranga,2007,0.2814718984682137,0.8118885207561879,0.5466802096122008
Agrolândia,2007,0.23926496120031635,0.5364646267784057,0.387864793989361
São João do Sul,2007,0.34907882491050507,0.6660713693893499,0.5075750971499274
Abdon Batista,2007,0.2614112004845198,0.6191066777697066,0.4402589391271132
Itajaí,2007,0.4247142424052613,0.5059362321297536,0.4653252372675074
São Joaquim,2007,0.24298960462696295,0.441323050366122,0.34215632749654246
Itapema,2007,0.4342061159822055,0.6135266904588245,0.5238664032205149
Abelardo Luz,2007,0.3078061313398106,0.9337604755408305,0.6207833034403205
São José do Cerrito,2007,0.26004314466964296,0.6008346039643693,0.4304388743170061
Jaborá,2007,0.2775525673667769,0.7355941012148379,0.5065733342908074
Água Doce,2007,0.2950065356509268,0.7913472978122443,0.5431769167315856
Jacinto Machado,2007,0.28431887131217826,0.4841000984079134,0.3842094848600458
Águas de Chapecó,2007,0.29371359707930406,0.7183784837263689,0.5060460404028365
São José do Cedro,2007,0.38221645629347256,0.9142467355291367,0.6482315959113046
Ituporanga,2007,0.29405564061433753,0.46910933541220046,0.381582488013269
Agronômica,2007,0.27335061430275387,0.5211459754433833,0.39724829487306856
São Cristóvão do Sul,2007,0.25463324931081477,0.6252842201000457,0.43995873470543023
Irati,2007,0.3123130359110281,0.895926719937634,0.6041198779243311
São Carlos,2007,0.2896067263257785,0.7205223153381407,0.5050645208319596
São Domingos,2007,0.3297324642183037,0.9639836289222372,0.6468580465702705
Irineópolis,2007,0.4452118107718816,0.8614521752311659,0.6533319930015238
São Bonifácio,2007,0.2849057772182646,0.6307703784069735,0.45783807781261904
Ipumirim,2007,0.2544815805669893,0.7855568715050301,0.5200192260360097
Irani,2007,0.2622712317988635,0.7733499948410469,0.5178106133199553
Iraceminha,2007,0.28136095126226923,0.8325212759046319,0.5569411135834506
São João Batista,2007,0.31885557655990937,0.40491771393968967,0.3618866452497995
Itaiópolis,2007,0.48655350272701964,0.7175457557449374,0.6020496292359785
São João do Itaperiú,2007,0.3615598559844538,0.4692190876360364,0.4153894718102451
Itá,2007,0.2963419235506698,0.6645599576802071,0.48045094061543847
São João do Oeste,2007,0.263002085424148,0.8028974209056061,0.532949753164877
São Francisco do Sul,2007,0.4271352991634811,0.853474144026071,0.640304721594776
Santa Helena,2007,0.2647707573145605,0.8327811342818164,0.5487759457981884
Santa Cecília,2007,0.28208803924744663,0.7085061055517845,0.49529707239961557
Imbituba,2007,0.34303256437685986,0.8690141848254822,0.6060233746011711
Santa Rosa de Lima,2007,0.2937067457075481,0.5902395307493197,0.44197313822843387
Imbuia,2007,0.27115086287573575,0.4227246150847789,0.3469377389802573
Salto Veloso,2007,0.32111108732130866,0.7713895926719936,0.5462503399966512
Imaruí,2007,0.3194549755422263,0.8021082407674899,0.5607816081548581
Sangão,2007,0.4336041746545988,0.8932079872029536,0.6634060809287762
São Bento do Sul,2007,0.35975557494642635,0.5446793997271488,0.45221748733678757
Ipira,2007,0.3244673913304198,0.6730981615019815,0.49878277641620067
São Bernardino,2007,0.33443218895504334,0.9387253946599102,0.6365787918074768
Iomerê,2007,0.3287309155334549,0.7497563827713899,0.5392436491524224
Ipuaçu,2007,0.3289640075402342,0.9309176498808152,0.6299408287105247
Iporã do Oeste,2007,0.25820491903029785,0.8049762879230818,0.5315906034766898
Santa Terezinha,2007,0.372173681033795,0.6997266219640026,0.5359501514988988
Santa Rosa do Sul,2007,0.36202107513953735,0.6771600352458204,0.5195905551926788
Santo Amaro da Imperatriz,2007,0.26397048320923205,0.5789595891991317,0.42146503620418185
Santiago do Sul,2007,0.3289966813945292,0.912063925160787,0.6205303032776581
Santa Terezinha do Progresso,2007,0.3238863359793225,0.8941726758916394,0.6090295059354809
Indaial,2007,0.2720453413760421,0.38879537924558377,0.3304203603108129
Rio Negrinho,2007,0.39137929590882237,0.6450048723445724,0.5181920841266974
Rodeio,2007,0.25435590187278523,0.4299356850516469,0.3421457934622161
Ibicaré,2007,0.3398748738737271,0.728561683882284,0.5342182788780055
Riqueza,2007,0.2827554237721438,0.8099785616838824,0.546366992728013
Ibirama,2007,0.26354611586646404,0.49374947796308155,0.3786477969147728
Rio Rufino,2007,0.2351133236847751,0.46599103488598725,0.3505521792853812
Rio Fortuna,2007,0.2999389675086601,0.6008244048011152,0.45038168615488766
Herval d'Oeste,2007,0.3299511206137703,0.7079291785976646,0.5189401496057174
Ibiam,2007,0.29871213268518226,0.6983044240888716,0.49850827838702694
Ilhota,2007,0.3656349582490603,0.37849289887601295,0.3720639285625366
Saltinho,2007,0.31536149571929906,0.8994348080296241,0.6073981518744616
Salete,2007,0.2871852909519787,0.6398362892223739,0.4635107900871763
Romelândia,2007,0.3178670825198308,0.8837833380807459,0.6008252103002883
Içara,2007,0.4308627473324669,0.8562270698156955,0.6435449085740812
Rio do Campo,2007,0.28269595536958525,0.6808506030879837,0.4817732792287845
Guabiruba,2007,0.316336692910404,0.34554667706100173,0.33094168498570287
Guaraciaba,2007,0.3549466360721276,0.894237640485935,0.6245921382790314
Gravatal,2007,0.37801955321954334,0.7366930083460769,0.5573562807828101
Rio das Antas,2007,0.2962535927011487,0.7527447541090108,0.5244991734050797
Guatambú,2007,0.25470479224273207,0.600987461833301,0.4278461270380165
Rio do Sul,2007,0.28680262972860215,0.510037029818749,0.39841982977367557
Guarujá do Sul,2007,0.3948022498917588,0.9248684466965504,0.6598353482941546
Rio do Oeste,2007,0.2598776383405196,0.5626583511985968,0.41126799476955817
Rio dos Cedros,2007,0.27843034869427163,0.5138273778721634,0.3961288632832175
Guaramirim,2007,0.3325089569218772,0.5269810649136919,0.42974501091778455
Presidente Getúlio,2007,0.28804899185912386,0.5432989020983567,0.41567394697874027
Garuva,2007,0.4384004259719594,0.9613806360483963,0.6998905310101778
Presidente Castello Branco,2007,0.29383736872297517,0.7094133697135062,0.5016253692182406
Garopaba,2007,0.3383587442650653,0.8083303133080028,0.573344528786534
Rancho Queimado,2007,0.237165022340917,0.3920625069186844,0.3146137646298007
Grão-Pará,2007,0.2818211391050292,0.5430665345484486,0.4124438368267389
Presidente Nereu,2007,0.2777778762054384,0.42116546482167255,0.3494716705135555
Gaspar,2007,0.3345726620653164,0.36138866771356354,0.34798066488943996
Quilombo,2007,0.3176801664564113,0.8540995157639086,0.58588984111016
Governador Celso Ramos,2007,0.36420610819396154,0.5853010885696701,0.47475359838181586
Princesa,2007,0.39915878712371716,0.9176768661079711,0.6584178266158441
Porto Belo,2007,0.41556369678467425,0.5850717530611631,0.5003177249229187
Faxinal dos Guedes,2007,0.27893150114365034,0.8764373416488013,0.5776844213962258
Flor do Sertão,2007,0.3015211014478688,0.8612356265835115,0.5813783640156902
Ponte Alta do Norte,2007,0.26858706104617003,0.6546871954784643,0.4616371282623172
Entre Rios,2007,0.33983429011075383,0.8723445722081462,0.60608943115945
Doutor Pedrinho,2007,0.29839806933514634,0.5739827057411607,0.43619038753815353
Ponte Serrada,2007,0.2715967378874582,0.8146142495197259,0.5431054937035921
Erval Velho,2007,0.3305404516281961,0.6860792686167858,0.5083098601224909
Ermo,2007,0.3579664282051477,0.6569366501976835,0.5074515392014156
Frei Rogério,2007,0.2893497455687414,0.681202494640421,0.4852761201045812
Pouso Redondo,2007,0.23490709915056546,0.5790294289612162,0.4069682640558908
Praia Grande,2007,0.25167483051821277,0.4665093495013513,0.35909209000978204
Galvão,2007,0.33436273042700065,0.9904780466074563,0.6624203885172285
Formosa do Sul,2007,0.32086188759123807,0.9044045994932759,0.612633243542257
Porto União,2007,0.3710646824595203,0.8221455021299109,0.5966050922947156
Florianópolis,2007,0.3926086530168152,0.7514841194127769,0.5720463862147961
Fraiburgo,2007,0.2796243685313489,0.7155525238744886,0.49758844620291875
Forquilhinha,2007,0.37530876805584024,0.6846227202859313,0.5299657441708858
Curitibanos,2007,0.2806223903819421,0.650222981416305,0.4654226858991235
Cunhataí,2007,0.27166355726140445,0.7298772169167803,0.5007703870890924
Pinheiro Preto,2007,0.3343103080207198,0.7316312609627754,0.5329707844917476
Balneário Piçarras,2007,0.43475110189479854,0.5557732022799767,0.49526215208738766
Pinhalzinho,2007,0.2888305711142663,0.7969694016760868,0.5428999863951766
Cunha Porã,2007,0.27116650131466336,0.7837653478854024,0.5274659246000328
Pomerode,2007,0.2680498668461694,0.37692457610602226,0.3224872214760958
Dionísio Cerqueira,2007,0.4166275623680479,0.9324693042291952,0.6745484332986216
Ponte Alta,2007,0.25088502275712576,0.6066791985464697,0.4287821106517977
Dona Emma,2007,0.2949350811072095,0.5791593581498086,0.437047219628509
Piratuba,2007,0.3444265015290934,0.6493373611381796,0.4968819313336365
Descanso,2007,0.2794076655997718,0.836216137205223,0.5578119014024974
Planalto Alegre,2007,0.2609597186453153,0.6641980120834143,0.4625788653643648
Cocal do Sul,2007,0.3687786849060152,0.6672179207048152,0.5179983028054151
Cordilheira Alta,2007,0.27361807986744874,0.6847398167998442,0.4791789483336465
Penha,2007,0.48839333053686584,0.7167047218499166,0.6025490261933912
Concórdia,2007,0.27389934847489383,0.700806316371531,0.4873528324232124
Celso Ramos,2007,0.310140169101084,0.6109920093549014,0.4605660892279927
Paulo Lopes,2007,0.29196895264959716,0.7165687947513081,0.5042688737004526
Caxambu do Sul,2007,0.2758661991176795,0.661469499122978,0.46866784912032877
Pedras Grandes,2007,0.35208319263882953,0.6861839202944413,0.5191335564666354
Chapecó,2007,0.2673621360059414,0.5988377243493206,0.433099930177631
Chapadão do Lageado,2007,0.27017113235627604,0.46610240276192333,0.3681367675590997
Cerro Negro,2007,0.25506260165219125,0.5796976362168333,0.4173801189345123
Petrolândia,2007,0.25660851041461535,0.49957773013707546,0.3780931202758454
Corupá,2007,0.3034083480168086,0.5053038950914612,0.4043561215541349
Criciúma,2007,0.38984358266407015,0.719548108776856,0.5546958457204632
Correia Pinto,2007,0.26172366355482213,0.5899789160362149,0.4258512897955185
Peritiba,2007,0.30196436924295256,0.672870785421945,0.4874175773324488
Coronel Freitas,2007,0.29501117404552224,0.7587923672507573,0.5269017706481398
Pescaria Brava,2007,0.416669996914545,0.8682115771807892,0.6424407870476672
Coronel Martins,2007,0.32901408147128103,0.9586045605145196,0.6438093209929003
Palma Sola,2007,0.3910470517813603,0.9363346975898135,0.6636908746855869
Canoinhas,2007,0.4938738522802746,0.8379068407717797,0.6658903465260271
Balneário Rincão,2007,0.47306641332179633,0.9373159960708299,0.7051912046963131
Ouro,2007,0.32650542044501385,0.6987916585460925,0.5126485394955531
Campos Novos,2007,0.29737548453160434,0.6556161161829726,0.47649580035728845
Palhoça,2007,0.2984766861524202,0.6850316598581939,0.49175417300530705
Painel,2007,0.23358542081682637,0.49366595205612984,0.3636256864364781
Canelinha,2007,0.3587792073766392,0.4539179210499046,0.4063485642132719
Paial,2007,0.31077879125438923,0.6307737283180668,0.470776259786228
Ouro Verde,2007,0.3030247379922945,0.9293704930812706,0.6161976155367825
Papanduva,2007,0.4570844502332416,0.7665267551135853,0.6118056026734134
Catanduvas,2007,0.28897906154955744,0.7556031962580393,0.5222911289037984
Passos Maia,2007,0.28345452084202744,0.8444357824985383,0.5639451516702829
Passo de Torres,2007,0.44435999698042683,0.8481027781753692,0.646231387577898
Paraíso,2007,0.33901650042061326,0.8882727095551103,0.6136446049878618
Capinzal,2007,0.35274706936764655,0.6646434835871593,0.5086952764774029
Palmeira,2007,0.24188544525724076,0.5767686610797118,0.4093270531684763
Capivari de Baixo,2007,0.43573490225114997,0.8316493391815499,0.63369212071635
Palmitos,2007,0.29041585614883997,0.752895198432644,0.5216555272907419
Nova Itaberaba,2007,0.2724874014846073,0.7086337945819525,0.4905605980332799
Xavantina,2007,0.27293189783921745,0.7730373310182315,0.5229846144287245
Capão Alto,2007,0.2550667898704654,0.5216638360664865,0.38836531296847593
Nova Erechim,2007,0.2846585097656348,0.7637887351393491,0.5242236224524919
Xaxim,2007,0.2956576008365599,0.7448450594426038,0.5202513301395819
Nova Trento,2007,0.29186598172997535,0.34745385853230865,0.319659920131142
Campo Alegre,2007,0.41803165596724046,0.5625943642731153,0.49031301012017786
Xanxerê,2007,0.3042828462443178,0.8683882284155133,0.5863355373299155
Navegantes,2007,0.45018443526287194,0.5918469425099252,0.5210156888863986
Caibi,2007,0.28438322948973727,0.785655817579419,0.5350195235345782
Camboriú,2007,0.420090495986539,0.5251936348393164,0.4726420654129277
Calmon,2007,0.30293017028104224,0.794927193251107,0.5489286817660746
Orleans,2007,0.2875033994939605,0.5357796006362234,0.4116415000650919
Zortéa,2007,0.3548861555708613,0.6463847203274219,0.5006354379491416
Campo Erê,2007,0.3451447595520045,0.9294172675891639,0.6372810135705842
Otacílio Costa,2007,0.2339877000694072,0.5559540050672384,0.39497085256832276
Novo Horizonte,2007,0.3345407486514284,0.9622880530111093,0.6484144008312689
Nova Veneza,2007,0.3172002188599219,0.5560588178993519,0.43662951837963687
Campo Belo do Sul,2007,0.2580741314576053,0.563372961735854,0.4107235465967297
Vargeão,2007,0.2774764255569963,0.8761450009744688,0.5768107132657325
Modelo,2007,0.2866781971693218,0.81368154355876,0.5501798703640409
Vidal Ramos,2007,0.2694306006608442,0.41343467810043516,0.34143263938063967
Mondaí,2007,0.28192273740817997,0.8051062171116741,0.543514477259927
Botuverá,2007,0.28443170757171915,0.35347235756512735,0.31895203256842325
Vargem Bonita,2007,0.27928570479903386,0.7789904502046386,0.5291380775018363
Braço do Norte,2007,0.3504069385603318,0.678239431535093,0.5143231850477124
Vargem,2007,0.2667848103835182,0.639354786935238,0.4530697986593781
Urussanga,2007,0.3522506583605499,0.6404861680246597,0.49636841319260483
Meleiro,2007,0.3432081091451623,0.6083285949712132,0.47576835205818774
Urupema,2007,0.23266009992750988,0.45646560124732033,0.3445628505874151
Bom Retiro,2007,0.23783488674120706,0.44576311173568306,0.34179899923844503
Bom Jesus do Oeste,2007,0.29845881752699577,0.8522705125706489,0.5753646650488223
Mirim Doce,2007,0.2513850430662077,0.630542933048857,0.44096398805753234
Vitor Meireles,2007,0.321567005293084,0.6259885730697827,0.4737777891814334
Caçador,2007,0.2878524420558871,0.7777509257454688,0.532801683900678
Morro Grande,2007,0.26988706362716886,0.4825570064314949,0.3762220350293319
Witmarsum,2007,0.3033114181925613,0.6008575326447086,0.45208447541863495
Morro da Fumaça,2007,0.4033996740230554,0.7887351190369782,0.5960673965300168
Monte Carlo,2007,0.28381562339177113,0.6877801598129021,0.4857978916023366
Brunópolis,2007,0.28272032492159227,0.6534788540245566,0.46809958947307445
Braço do Trombudo,2007,0.24151502647193124,0.5606119664782695,0.40106349647510037
Videira,2007,0.30646226710386903,0.7376319379622317,0.5220471025330504
Monte Castelo,2007,0.3204993863251492,0.7563966923740848,0.5384480393496169
Brusque,2007,0.3383572495203555,0.35711374295722365,0.3477354962387896
Trombudo Central,2007,0.25093923037336796,0.5414636523094917,0.3962014413414298
Maracajá,2007,0.3867977380952665,0.7390917994291119,0.5629447687621891
Benedito Novo,2007,0.2652553553652591,0.498097221224959,0.381676288295109
Biguaçu,2007,0.33431930575820384,0.5146967421144651,0.42450802393633447
Major Vieira,2007,0.41893995217173785,0.8009384885237546,0.6099392203477463
Barra Velha,2007,0.4178754523699508,0.5261585866308109,0.4720170195003809
Barra Bonita,2007,0.32067523048404056,0.8833560709413368,0.6020156507126887
Bandeirante,2007,0.3046103263423551,0.8680290670156192,0.5863196966789872
Balneário Gaivota,2007,0.4553918737483644,0.8574632773189517,0.656427575533658
Balneário Barra do Sul,2007,0.397110641616028,0.5683955197735427,0.4827530806947854
Treze Tílias,2007,0.3373993084954743,0.7563340479438709,0.5468666782196726
Belmonte,2007,0.2857698615559555,0.8491522120444359,0.5674610368001958
Bela Vista do Toldo,2007,0.4184266353163119,0.8195149160948666,0.6189707757055892
União do Oeste,2007,0.29818515269052737,0.8093938803352174,0.5537895165128723
Bombinhas,2007,0.4869814005645034,0.8014681548783056,0.6442247777214045
Urubici,2007,0.22438465529618412,0.4100896143677171,0.3172371348319506
Bom Jesus,2007,0.322677986161279,0.9208731241473398,0.6217755551543094
Tunápolis,2007,0.26356974173187325,0.8237603363309853,0.5436650390314293
Matos Costa,2007,0.330768130803037,0.815665916620896,0.5732170237119665
Marema,2007,0.3267459292885667,0.8190828855416655,0.5729144074151161
Bom Jardim da Serra,2007,0.20784432209227055,0.38601149873319035,0.2969279104127305
Tubarão,2007,0.41868182440988877,0.8190201343663404,0.6188509793881145
Maravilha,2007,0.28695661395490474,0.8307022672643408,0.5588294406096228
Turvo,2007,0.31560417983693606,0.5659921153855589,0.44079814761124747
Bocaina do Sul,2008,0.2993517001556254,0.4826957865131448,0.3910237433343851
Massaranduba,2008,0.3274402168304678,0.601566970799321,0.46450359381489437
Blumenau,2008,0.31782074904299906,0.5812570213486635,0.4495388851958313
Timbé do Sul,2008,0.2200526408018368,0.41153232770942116,0.315792484255629
Lontras,2008,0.2850476166779009,0.42210253006075166,0.35357507336932625
Ascurra,2008,0.2727580257543772,0.39461246335949746,0.3336852445569373
Tigrinhos,2008,0.4123835414203405,0.8785470006470104,0.6454652710336755
Arroio Trinta,2008,0.3707997341821554,0.7258711526019042,0.5483354433920298
Lindóia do Sul,2008,0.388961025691979,0.7826354869519675,0.5857982563219732
Tijucas,2008,0.4558522585516829,0.9976824361819294,0.7267673473668061
Arvoredo,2008,0.3925661211883591,0.7135594786948888,0.553062799941624
Leoberto Leal,2008,0.3408363913897715,0.5787545682189488,0.45979547980436014
Treviso,2008,0.29452667304930447,0.5263887605139106,0.41045771678160753
Balneário Arroio do Silva,2008,0.4518064966515789,0.9632873585027704,0.7075469275771746
Treze de Maio,2008,0.42018821306053467,0.760421888249714,0.5903050506551244
Major Gercino,2008,0.3777660919290969,0.8245716773119433,0.6011688846205201
Balneário Camboriú,2008,0.5252988203753189,0.9390361453233176,0.7321674828493183
Macieira,2008,0.3298845823272462,0.7355049978212934,0.5326947900742698
Luzerna,2008,0.4255989229309124,0.7198447176263977,0.572721820278655
Timbó,2008,0.2633815091793863,0.3549665613231103,0.3091740352512483
Luiz Alves,2008,0.4089139699716868,0.7956982793764166,0.6023061246740516
Três Barras,2008,0.3345119709264535,0.721777344570579,0.5281446577485163
Atalanta,2008,0.31045470337114534,0.47586653110268995,0.39316061723691764
Mafra,2008,0.3046775543013768,0.6657307089879417,0.48520413164465925
Timbó Grande,2008,0.3476726400814391,0.7233686107773359,0.5355206254293875
Aurora,2008,0.2973083003076159,0.44303540068398195,0.3701718504957989
Siderópolis,2008,0.2845802242749223,0.5010761491027691,0.39282818668884567
Laguna,2008,0.42854500237441495,1.0,0.7142725011872075
Antônio Carlos,2008,0.4084456129493563,0.9855898019070184,0.6970177074281874
Serra Alta,2008,0.39907613570271605,0.8688418522968853,0.6339589939998007
Lajeado Grande,2008,0.39497721429182586,0.8391718273407892,0.6170745208163075
Arabutã,2008,0.3965611642266087,0.7355049978212934,0.5660330810239511
Apiúna,2008,0.2835355122463481,0.3869076332098397,0.3352215727280939
Seara,2008,0.3955025029056941,0.7034139286549261,0.5494582157803101
Lages,2008,0.3151358668536208,0.5118145315765755,0.4134751992150982
Anitápolis,2008,0.3398459100764492,0.5963067507799329,0.4680763304281911
Taió,2008,0.32213919113510303,0.5690239643470073,0.44558157774105517
Lauro Müller,2008,0.2803443660628867,0.5004423434962303,0.3903933547795585
Tangará,2008,0.4236705067573304,0.6794965971171575,0.551583551937244
Lebon Régis,2008,0.33715596833096384,0.6844994916350865,0.5108277299830252
Armazém,2008,0.33724560204179377,0.561529898367853,0.4493877502048234
Sombrio,2008,0.3228451673707011,0.7724942832023697,0.5476697252865355
Laurentino,2008,0.2875512008251127,0.47601441907754877,0.38178280995133074
Araquari,2008,0.3722285881721508,0.762051483483256,0.5671400358277034
Sul Brasil,2008,0.4016509157178347,0.8749422312598207,0.6382965734888277
Araranguá,2008,0.4342619732647989,0.8831219816161275,0.6586919774404632
Alfredo Wagner,2008,0.3365700315824869,0.5149772708795372,0.425773651231012
São Miguel da Boa Vista,2008,0.4314099492440938,0.8838155097513634,0.6576127294977285
Jardinópolis,2008,0.4038203702940777,0.8677326924854422,0.6357765313897599
São Martinho,2008,0.3334806551610612,0.5674718402425764,0.45047624770181877
Alto Bela Vista,2008,0.5501692166334323,0.868843368547232,0.7095062925903322
Jaraguá do Sul,2008,0.2578434542757308,0.3635290610757534,0.3106862576757421
São Lourenço do Oeste,2008,0.38835457148318586,0.9696521551591336,0.6790033633211597
Águas Frias,2008,0.42335959774238874,0.8025695535631757,0.6129645756527822
São Ludgero,2008,0.342283975006305,0.562019982587313,0.452151978796809
Jaguaruna,2008,0.48130315313621447,0.9989573791787865,0.7401302661575004
Águas Mornas,2008,0.3843673808636666,0.8560165151308672,0.6201919479972668
José Boiteux,2008,0.28556035835468174,0.49349689039124267,0.3895286243729622
Saudades,2008,0.43714555360409824,0.7958893865169862,0.6165174700605422
Joinville,2008,0.23478335173726544,0.4121322355614913,0.3234577936493784
Schroeder,2008,0.24538656542398768,0.4033692436391833,0.3243779045315855
Angelina,2008,0.37360234275713905,0.7902474608577081,0.5819249018074236
Lacerdópolis,2008,0.5331236270144519,0.6969220815232463,0.6150228542688492
Anita Garibaldi,2008,0.46781171121354326,0.5834411683150017,0.5256264397642725
Jupiá,2008,0.393903528882661,1.0,0.6969517644413306
São Miguel do Oeste,2008,0.4344578166932399,0.8779924207412882,0.6562251187172641
Joaçaba,2008,0.4536519813943145,0.7167589781509739,0.5852054797726443
Anchieta,2008,0.4132935009109152,0.9130233847860246,0.6631584428484699
São Pedro de Alcântara,2008,0.40600965458702154,0.978250104578614,0.6921298795828178
Itapoá,2008,0.307143449221012,0.737859314189312,0.522501381705162
São José,2008,0.4081134473696783,0.9416324546696112,0.6748729510196447
Itapiranga,2008,0.5458928210806048,0.8968546602767243,0.7213737406786646
Agrolândia,2008,0.31210754276456276,0.49239301229318777,0.40225027752887527
São João do Sul,2008,0.24885413349039315,0.7241833924976783,0.48651876299403574
Abdon Batista,2008,0.48044219814498307,0.6072313858615737,0.5438367920032784
Itajaí,2008,0.4888950735644736,0.9505850977090985,0.719740085636786
São Joaquim,2008,0.2562526215155441,0.4590657471669347,0.35765918434123944
Itapema,2008,0.5130704750873216,0.999810348612561,0.7564404118499413
Abelardo Luz,2008,0.3934807199327703,0.917182734078935,0.6553317270058526
São José do Cerrito,2008,0.4120217556055748,0.5727505532206412,0.49238615441310796
Jaborá,2008,0.43562742917149666,0.7314908956465476,0.5835591624090222
Água Doce,2008,0.3326079126868562,0.7519082653099236,0.5422580889983899
Jacinto Machado,2008,0.21839782222567278,0.49172677991721253,0.35506230107144265
Águas de Chapecó,2008,0.4614832657043093,0.7484980127553377,0.6049906392298234
São José do Cedro,2008,0.4229469487878214,0.9252241427118958,0.6740855457498586
Ituporanga,2008,0.31167718541446193,0.42386444899567516,0.36777081720506855
Agronômica,2008,0.3021981457116853,0.4695443201774656,0.3858712329445755
São Cristóvão do Sul,2008,0.34870120130654525,0.579166281541732,0.4639337414241386
Irati,2008,0.3946009245004448,0.906553285885942,0.6505771051931935
São Carlos,2008,0.460763472646017,0.7492902697635114,0.6050268712047642
São Domingos,2008,0.40172465365039556,0.962787688326093,0.6822561709882442
Irineópolis,2008,0.3875540493411324,0.7811566072033769,0.5843553282722547
São Bonifácio,2008,0.35538700506553905,0.6973176013299212,0.5263523031977301
Ipumirim,2008,0.38242227247397687,0.7884277659672799,0.5854250192206284
Irani,2008,0.38076346610182754,0.765265899316562,0.5730146827091948
Iraceminha,2008,0.45515928773644726,0.8509104353452258,0.6530348615408366
São João Batista,2008,0.41550705616741646,0.97162081709526,0.6935639366313382
Itaiópolis,2008,0.3082598040179826,0.6262047408179214,0.467232272417952
São João do Itaperiú,2008,0.40873913232222264,0.8098059413107,0.6092725368164613
Itá,2008,0.431204647002542,0.6770364306180924,0.5541205388103172
São João do Oeste,2008,0.532306764324303,0.8373079078025619,0.6848073360634325
São Francisco do Sul,2008,0.3346731950091086,0.7366193690277038,0.5356462820184061
Santa Helena,2008,0.481500261281127,0.8532026989555413,0.6673514801183342
Santa Cecília,2008,0.336158373632389,0.6472011244585676,0.4916797490454783
Imbituba,2008,0.3679388844305115,0.8268630215253215,0.5974009529779165
Santa Rosa de Lima,2008,0.3142193207116623,0.4663739090333594,0.3902966148725109
Imbuia,2008,0.3240055897291709,0.4608969747298706,0.39245128222952075
Salto Veloso,2008,0.35710654703397715,0.7346335151123026,0.5458700310731399
Imaruí,2008,0.3608651984879745,0.7278826920856073,0.5443739452867908
Sangão,2008,0.4630750274910065,0.8983777291563457,0.6807263783236761
São Bento do Sul,2008,0.25112930541127354,0.45942323689805,0.35527627115466176
Ipira,2008,0.5489388169213365,0.799010203929138,0.6739745104252373
São Bernardino,2008,0.384801188711405,0.9435992235881322,0.6642002061497686
Iomerê,2008,0.39189970759424736,0.7150383584434792,0.5534690330188633
Ipuaçu,2008,0.39834339868052726,0.9305708618029536,0.6644571302417404
Iporã do Oeste,2008,0.5053595280798188,0.826139199556336,0.6657493638180774
Santa Terezinha,2008,0.31648205049538325,0.6164780179014396,0.46648003419841144
Santa Rosa do Sul,2008,0.27102586875321555,0.7145132978704818,0.49276958331184867
Santo Amaro da Imperatriz,2008,0.4045763290283729,0.9612638178043618,0.6829200734163674
Santiago do Sul,2008,0.40227844603624935,0.920195951566688,0.6612371988014687
Santa Terezinha do Progresso,2008,0.406054708789183,0.9054441260744985,0.6557494174318408
Indaial,2008,0.28843476725740613,0.4476811998112965,0.3680579835343513
Rio Negrinho,2008,0.2901055035854816,0.5537073666697477,0.42190643512761467
Rodeio,2008,0.26710451129297175,0.3822904150106293,0.32469746315180054
Ibicaré,2008,0.4386479568667222,0.7062112949440801,0.5724296259054011
Riqueza,2008,0.4962265764673274,0.8317959145946945,0.664011245531011
Ibirama,2008,0.27992587428930255,0.4350811403219203,0.3575035073056114
Rio Rufino,2008,0.2733500719329204,0.43490156206673464,0.3541258169998275
Rio Fortuna,2008,0.3051223588519931,0.4630247941153479,0.3840735764836705
Herval d'Oeste,2008,0.4921264309472335,0.6954289817770732,0.5937777063621534
Ibiam,2008,0.4578879172460819,0.6780663647287181,0.5679771409873999
Ilhota,2008,0.43540435300992963,0.8558194662062399,0.6456119096080848
Saltinho,2008,0.3834466953102036,0.9090092826112791,0.6462279889607414
Salete,2008,0.3139013723273522,0.5704162430292387,0.4421588076782954
Romelândia,2008,0.4279948549843694,0.896613507575704,0.6623041812800368
Içara,2008,0.4635848878670002,0.8626687107271968,0.6631267992970985
Rio do Campo,2008,0.3201142599479465,0.6097297963459346,0.46492202814694056
Guabiruba,2008,0.3685927785256879,0.7831824550977331,0.5758876168117105
Guaraciaba,2008,0.415315234214545,0.908648365529778,0.6619817998721615
Gravatal,2008,0.37371037968841714,0.6541363049488075,0.5139233423186123
Rio das Antas,2008,0.36108356614597104,0.7100471392919865,0.5355653527189788
Guatambú,2008,0.4228000733785121,0.6315432726376435,0.5271716730080778
Rio do Sul,2008,0.28961137254249114,0.4552361586098531,0.3724237655761721
Guarujá do Sul,2008,0.43071463672853305,0.9342822811720122,0.6824984589502726
Rio do Oeste,2008,0.30409492671221006,0.5046677142064887,0.4043813204593494
Rio dos Cedros,2008,0.27572809526586234,0.44948382634637035,0.36260596080611635
Guaramirim,2008,0.3046846970858132,0.5657812011887124,0.43523294913726285
Presidente Getúlio,2008,0.2879407729163433,0.4787873186061559,0.3833640457612496
Garuva,2008,0.22417456545652711,0.4561934993712823,0.3401840324139047
Presidente Castello Branco,2008,0.4862262365505178,0.7127276088363067,0.5994769226934122
Garopaba,2008,0.38499134719556205,0.8032817349337226,0.5941365410646423
Rancho Queimado,2008,0.36791473945108155,0.7560971853432392,0.5620059623971604
Grão-Pará,2008,0.2850371163641486,0.4264159471012439,0.35572653173269625
Presidente Nereu,2008,0.30383152476929187,0.4142397202073442,0.359035622488318
Gaspar,2008,0.3803403249188298,0.7746109236258109,0.5774756242723204
Quilombo,2008,0.40463432231314456,0.8692257922316152,0.63693005727238
Governador Celso Ramos,2008,0.4440875997372005,0.9570008316919392,0.7005442157145698
Princesa,2008,0.4187013303265969,0.9310657177188281,0.6748835240227125
Porto Belo,2008,0.4870136372527833,0.9822004677985203,0.7346070525256518
Faxinal dos Guedes,2008,0.38077015629202876,0.8727239116369352,0.626747033964482
Flor do Sertão,2008,0.4439237719921597,0.8775302708198541,0.6607270214060069
Ponte Alta do Norte,2008,0.3496425208301873,0.6064146409095112,0.4780285808698493
Entre Rios,2008,0.4020211611740021,0.8803031703484613,0.6411621657612316
Doutor Pedrinho,2008,0.2941184238781098,0.49905380884506323,0.3965861163615865
Ponte Serrada,2008,0.3549129556127598,0.79646917460024,0.5756910651064999
Erval Velho,2008,0.531602691329586,0.6803351007066691,0.6059688960181275
Ermo,2008,0.3238999753962615,0.7071609433869414,0.5155304593916015
Frei Rogério,2008,0.3815321633956278,0.6411868009982439,0.5113594821969358
Pouso Redondo,2008,0.3189368987728666,0.529562189974428,0.4242495443736473
Praia Grande,2008,0.18863677450417113,0.5084338922052557,0.34853533335471343
Galvão,2008,0.3983663400724693,0.988551886231894,0.6934591131521817
Formosa do Sul,2008,0.40016053901356513,0.9123763748960165,0.6562684569547909
Porto União,2008,0.3546135441471368,0.7449328562185572,0.549773200182847
Florianópolis,2008,0.432788976318401,0.8776016578288751,0.6551953170736381
Fraiburgo,2008,0.35887396908033675,0.6725997913723213,0.515736880226329
Forquilhinha,2008,0.37851881035096613,0.6652143477401196,0.5218665790455428
Curitibanos,2008,0.3813783880098792,0.6112231749155898,0.4963007814627345
Cunhataí,2008,0.4478146136850357,0.7565394213882984,0.6021770175366671
Pinheiro Preto,2008,0.4103691835418025,0.7035770403919032,0.5569731119668528
Balneário Piçarras,2008,0.497760450060535,0.9386245633656036,0.7181925067130693
Pinhalzinho,2008,0.42159448443275904,0.8176818559940845,0.6196381702134217
Cunha Porã,2008,0.4387239446821033,0.8064516129032259,0.6225877787926646
Pomerode,2008,0.273929035300363,0.4151881864203516,0.34455861086035733
Dionísio Cerqueira,2008,0.4350561764309393,0.9403826601349476,0.6877194182829435
Ponte Alta,2008,0.35078888364787997,0.5649141742871712,0.45785152896752557
Dona Emma,2008,0.2929482012965908,0.5084265335674891,0.40068736743204
Piratuba,2008,0.6018124583297927,1.0,0.8009062291648963
Descanso,2008,0.46445923168465486,0.8556705795360015,0.6600649056103282
Planalto Alegre,2008,0.4303132651893188,0.6952583418060819,0.5627858034977004
Cocal do Sul,2008,0.3850864513700524,0.6436674278711478,0.5143769396206002
Cordilheira Alta,2008,0.3919644928497249,0.7101210832794158,0.5510427880645703
Penha,2008,0.5281756657323556,0.9563180289258377,0.7422468473290966
Concórdia,2008,0.45242567381214394,0.7055245186654833,0.5789750962388136
Celso Ramos,2008,0.5543637232706168,0.7250319143162548,0.6396978187934358
Paulo Lopes,2008,0.37885282665094944,0.7947876832226308,0.5868202549367901
Caxambu do Sul,2008,0.46602484496919994,0.6933173121360566,0.5796710785526282
Pedras Grandes,2008,0.37193073842696406,0.6194921895225685,0.4957114639747663
Chapecó,2008,0.4029865021825553,0.626255157172987,0.5146208296777711
Chapadão do Lageado,2008,0.32002267190263434,0.42969379266634117,0.3748582322844878
Cerro Negro,2008,0.41797727193228257,0.5660676323399312,0.49202245213610685
Petrolândia,2008,0.31344091150291564,0.4581446221154142,0.3857927668091649
Corupá,2008,0.2611680700025946,0.43164802661983565,0.34640804831121513
Criciúma,2008,0.40821806259447097,0.7061624936844777,0.5571902781394743
Correia Pinto,2008,0.37334217739753744,0.5540589367190716,0.4637005570583045
Peritiba,2008,0.5222736530196502,0.7411247525313185,0.6316992027754844
Coronel Freitas,2008,0.4149414620309618,0.7809661454175738,0.5979538037242678
Pescaria Brava,2008,0.39768395668215767,0.8316354756393165,0.6146597161607371
Coronel Martins,2008,0.4062270925021969,0.9599038728163417,0.6830654826592693
Palma Sola,2008,0.4321791716286284,0.9418615398835383,0.6870203557560833
Canoinhas,2008,0.36950105706472963,0.7550790276365654,0.5622900423506475
Balneário Rincão,2008,0.5060490828367542,0.9758781357943785,0.7409636093155664
Ouro,2008,0.5217665643974008,0.7004344209261486,0.6111004926617747
Campos Novos,2008,0.5076995816602194,0.6466547096192613,0.5771771456397403
Palhoça,2008,0.4090227399615283,0.9050452837096047,0.6570340118355665
Painel,2008,0.2980993320350414,0.4822165328520265,0.3901579324435339
Canelinha,2008,0.43617687750475204,1.0,0.718088438752376
Paial,2008,0.41968879216432675,0.6486736297254828,0.5341812109449048
Ouro Verde,2008,0.39590083023897993,0.9195304556798226,0.6577156429594013
Papanduva,2008,0.32881756826018954,0.6813803178238826,0.5050989430420361
Catanduvas,2008,0.3836689417332548,0.7400280651043198,0.5618485034187873
Passos Maia,2008,0.35752612767242953,0.8166004251779281,0.5870632764251789
Passo de Torres,2008,0.32418686661253504,0.9089749822574179,0.6165809244349765
Paraíso,2008,0.4110742929421507,0.9052928770093022,0.6581835849757265
Capinzal,2008,0.5842199180032229,0.8899521563358217,0.7370860371695223
Palmeira,2008,0.3383279845880702,0.5384231444680655,0.4383755645280678
Capivari de Baixo,2008,0.40969277123200076,0.826913817902324,0.6183032945671624
Palmitos,2008,0.5041412763076922,0.7785620813286567,0.6413516788181745
Nova Itaberaba,2008,0.42521883219628676,0.7372215546723353,0.5812201934343111
Xavantina,2008,0.38017561136161715,0.782579468779672,0.5813775400706446
Capão Alto,2008,0.31361898774975777,0.4996817767683838,0.4066503822590708
Nova Erechim,2008,0.43280039705849044,0.7862094463443939,0.6095049217014422
Xaxim,2008,0.3906832323474837,0.7609945466309272,0.5758388894892055
Nova Trento,2008,0.3807235810211578,0.8224368055570302,0.6015801932890941
Campo Alegre,2008,0.21394701730324472,0.4228979881073421,0.3184225027052934
Xanxerê,2008,0.386836308260633,0.872612995655791,0.629724651958212
Navegantes,2008,0.5031457907474142,0.9438047073643097,0.7234752490558619
Caibi,2008,0.500642380573308,0.8080598946298178,0.6543511376015629
Camboriú,2008,0.4957721162383457,0.9915921297412447,0.7436821229897952
Calmon,2008,0.3300145183578418,0.7311951196968296,0.5306048190273357
Orleans,2008,0.2859082299908823,0.46270450134023483,0.3743063656655585
Zortéa,2008,0.5900071387315375,0.8611188062040014,0.7255629724677695
Campo Erê,2008,0.39180757326946114,0.9351030594324802,0.6634553163509707
Otacílio Costa,2008,0.3124612755695738,0.5142681085744215,0.41336469207199766
Novo Horizonte,2008,0.39580525339643313,0.9652001109159813,0.6805026821562072
Nova Veneza,2008,0.30735754858081055,0.5218750236432219,0.41461628611201623
Campo Belo do Sul,2008,0.37560445707823353,0.5440428875127093,0.45982367229547144
Vargeão,2008,0.3771758283850554,0.8618171734910807,0.6194965009380681
Modelo,2008,0.4160104774511366,0.8294666789906645,0.6227385782209005
Vidal Ramos,2008,0.31689249454598045,0.4614493569115203,0.38917092572875034
Mondaí,2008,0.544534773431477,0.8606506509104723,0.7025927121709747
Botuverá,2008,0.3465424918742739,0.6801305957911602,0.5133365438327171
Vargem Bonita,2008,0.35154683281532095,0.7583636973939609,0.554955265104641
Braço do Norte,2008,0.3185830036222214,0.5150171865311209,0.41680009507667115
Vargem,2008,0.45072179600871387,0.6192482723748528,0.5349850341917833
Urussanga,2008,0.3525384545691863,0.5610383641928445,0.4567884093810154
Meleiro,2008,0.3422118438242855,0.6380875332071679,0.4901496885157267
Urupema,2008,0.27386385296264015,0.4258018301136888,0.34983284153816446
Bom Retiro,2008,0.3023591978000399,0.41810460155379675,0.3602318996769183
Bom Jesus do Oeste,2008,0.3986081960698207,0.8645900730196876,0.6315991345447541
Mirim Doce,2008,0.3339344493132791,0.5771620103035112,0.45554822980839516
Vitor Meireles,2008,0.29877954008117535,0.5467476807371049,0.4227636104091401
Caçador,2008,0.33392226020698274,0.7235197338016452,0.528720997004314
Morro Grande,2008,0.24745499705903767,0.45464988842380466,0.35105244274142117
Witmarsum,2008,0.2970751841253828,0.5278984502572633,0.4124868171913231
Morro da Fumaça,2008,0.43015732690053937,0.767587423007304,0.5988723749539216
Monte Carlo,2008,0.3940400801412385,0.654712388698894,0.5243762344200662
Brunópolis,2008,0.4176650977355628,0.6231629540622979,0.5204140258989304
Braço do Trombudo,2008,0.31686935292960333,0.5133561327294576,0.4151127428295305
Videira,2008,0.38049323055086515,0.7002203725414842,0.5403568015461746
Monte Castelo,2008,0.33141738522847786,0.679769717296291,0.5055935512623844
Brusque,2008,0.414902427454383,0.9058140046643877,0.6603582160593853
Trombudo Central,2008,0.3080539697729615,0.49047971161844894,0.3992668406957052
Maracajá,2008,0.4226876218194093,0.8051363894401005,0.6139120056297549
Benedito Novo,2008,0.27923625322682666,0.43688248257208334,0.358059367899455
Biguaçu,2008,0.4258894497805241,0.9939985750072807,0.7099440123939025
Major Vieira,2008,0.3434905102881711,0.7173988780421908,0.530444694165181
Barra Velha,2008,0.471161031499872,0.9167194426979689,0.6939402370989205
Barra Bonita,2008,0.43070575484292517,0.8985118772529812,0.6646088160479532
Bandeirante,2008,0.43205713482061536,0.8871429891856919,0.6596000620031537
Balneário Gaivota,2008,0.3763728038611329,0.9225224583217617,0.6494476310914473
Balneário Barra do Sul,2008,0.4191487858451264,0.8544287017316073,0.6367887437883668
Treze Tílias,2008,0.3857765569101952,0.7275626213143543,0.5566695891122748
Belmonte,2008,0.45024411081385873,0.865514372862557,0.6578792418382078
Bela Vista do Toldo,2008,0.35759521522214865,0.7388215495727505,0.5482083823974495
União do Oeste,2008,0.4105878122353834,0.8292448470283758,0.6199163296318796
Bombinhas,2008,0.5088016886382869,0.9694454233423102,0.7391235559902986
Urubici,2008,0.256517285944713,0.3861585226549378,0.3213379042998254
Bom Jesus,2008,0.3907146645536546,0.9204177835289771,0.6555662240413158
Tunápolis,2008,0.5033050030539132,0.845153367752499,0.6742291854032061
Matos Costa,2008,0.3299365981753518,0.7442126225747634,0.5370746103750577
Marema,2008,0.40477505552012427,0.8337448668348011,0.6192599611774627
Bom Jardim da Serra,2008,0.2039673536129626,0.3620713559478695,0.28301935478041607
Tubarão,2008,0.41291655229131474,0.7662112753937638,0.5895639138425393
Maravilha,2008,0.4195504276425576,0.8467202760575531,0.6331353518500553
Turvo,2008,0.2850297960975306,0.5773227296653722,0.4311762628814514
Bocaina do Sul,2009,0.33223726858157865,0.5087324260804706,0.42048484733102465
Massaranduba,2009,0.15256870472278472,0.30507902106759327,0.228823862895189
Blumenau,2009,0.1683954548272994,0.35011328933110036,0.2592543720791999
Timbé do Sul,2009,0.5167696819949295,0.834210241500597,0.6754899617477632
Lontras,2009,0.23910571153129467,0.44575993408620757,0.3424328228087511
Ascurra,2009,0.20843326615197677,0.4155255639838439,0.3119794150679103
Tigrinhos,2009,0.43189537382377763,0.870554625160083,0.6512249994919304
Arroio Trinta,2009,0.41884787332099327,0.7641020589104522,0.5914749661157228
Lindóia do Sul,2009,0.507367211333956,0.8070989450573279,0.6572330781956419
Tijucas,2009,0.2521760290603515,0.4704754949879057,0.3613257620241286
Arvoredo,2009,0.4794929286095774,0.7248546941188062,0.6021738113641918
Leoberto Leal,2009,0.2703994840146814,0.38977805728261494,0.33008877064864817
Treviso,2009,0.5117964433520732,0.6550999343138144,0.5834481888329438
Balneário Arroio do Silva,2009,0.6689665787871403,0.8472900993904783,0.7581283390888093
Treze de Maio,2009,0.6145204025346964,0.8780364501594204,0.7462784263470584
Major Gercino,2009,0.24724832587595302,0.4360790708066414,0.3416636983412972
Balneário Camboriú,2009,0.2768854763640526,0.4389678097324322,0.3579266430482424
Macieira,2009,0.37625898600133245,0.7709585262535714,0.5736087561274519
Luzerna,2009,0.49397130090044095,0.7526352083538571,0.6233032546271491
Timbó,2009,0.19848978060509515,0.384592650970348,0.2915412157877216
Luiz Alves,2009,0.16036397323123963,0.3147332423265829,0.23754860777891126
Três Barras,2009,0.38305631963629827,0.7430705438783464,0.5630634317573223
Atalanta,2009,0.27885358729275994,0.49599054280366484,0.3874220650482124
Mafra,2009,0.38447340494529336,0.6960837302675549,0.5402785676064241
Timbó Grande,2009,0.29238137387325686,0.7554428135159099,0.5239120936945834
Aurora,2009,0.2570653321780657,0.4638360752635208,0.36045070372079324
Siderópolis,2009,0.5247452342983218,0.7227944987767247,0.6237698665375233
Laguna,2009,0.6391106889844734,1.0,0.8195553444922368
Antônio Carlos,2009,0.28753488533572236,0.5305405823122534,0.4090377338239879
Serra Alta,2009,0.41519359177376525,0.8611959412865728,0.638194766530169
Lajeado Grande,2009,0.46018433602152364,0.8472071717072213,0.6536957538643724
Arabutã,2009,0.5100448988077763,0.7729800672534186,0.6415124830305974
Apiúna,2009,0.2195795368490336,0.4127217477626306,0.3161506423058321
Seara,2009,0.49856002866676435,0.7241281846730829,0.6113441066699237
Lages,2009,0.5204550362605924,0.5731426061171818,0.5467988211888871
Anitápolis,2009,0.4251564800137607,0.6859721889875381,0.5555643345006493
Taió,2009,0.26945456843583887,0.5943709446812594,0.4319127565585491
Lauro Müller,2009,0.46925196643630673,0.6113878236677811,0.5403198950520439
Tangará,2009,0.4764872420282531,0.7174507048825888,0.5969689734554209
Lebon Régis,2009,0.3101375442068597,0.7230341838242538,0.5165858640155567
Armazém,2009,0.5093570371665103,0.7697556516094154,0.6395563443879628
Sombrio,2009,0.5761493299805012,0.772722548977771,0.6744359394791362
Laurentino,2009,0.2551209498982358,0.49669983252881517,0.3759103912135255
Araquari,2009,0.18995250490454868,0.38412934517829417,0.2870409250414214
Sul Brasil,2009,0.42651729672409816,0.8694709880799922,0.6479941424020452
Araranguá,2009,0.665600719666707,0.799936689848088,0.7327687047573974
Alfredo Wagner,2009,0.3429191889605737,0.47845031722494846,0.4106847530927611
São Miguel da Boa Vista,2009,0.4405814929899078,0.8749876859422715,0.6577845894660896
Jardinópolis,2009,0.4290610165475679,0.8622795783666634,0.6456702974571156
São Martinho,2009,0.5134886068585043,0.8364080287013022,0.6749483177799032
Alto Bela Vista,2009,0.5636016773765906,0.72220086760749,0.6429012724920403
Jaraguá do Sul,2009,0.1763050935513624,0.35647243859106814,0.26638876607121525
São Lourenço do Oeste,2009,0.5286940261210614,0.9671953502118019,0.7479446881664317
Águas Frias,2009,0.4119252670571806,0.7984435031031424,0.6051843850801615
São Ludgero,2009,0.5110373741586812,0.6742301344275732,0.5926337542931273
Jaguaruna,2009,0.7009572165640604,1.0,0.8504786082820301
Águas Mornas,2009,0.3914897084383341,0.6769145823149897,0.5342021453766619
José Boiteux,2009,0.27288256453278587,0.5258032283941062,0.399342896463446
Saudades,2009,0.4084979397576454,0.7901953233447667,0.599346631551206
Joinville,2009,0.16898935011769933,0.29354276058828793,0.23126605535299363
Schroeder,2009,0.1549295464795054,0.28706531376219085,0.22099743012084813
Angelina,2009,0.28726023636265385,0.4745878861632559,0.38092406126295486
Lacerdópolis,2009,0.5708940326552532,0.7660173081855705,0.6684556704204119
Anita Garibaldi,2009,0.5629101616016478,0.7334080363516556,0.6481590989766517
Jupiá,2009,0.5550461747071462,1.0,0.7775230873535731
São Miguel do Oeste,2009,0.416568139826315,0.870554625160083,0.6435613824931989
Joaçaba,2009,0.5197552601030543,0.7446784325909538,0.632216846347004
Anchieta,2009,0.4818330458352325,0.9047384494138508,0.6932857476245416
São Pedro de Alcântara,2009,0.3309855308835693,0.5576367676796606,0.44431114928161497
Itapoá,2009,0.2123825959194551,0.6348605655860322,0.42362158075274364
São José,2009,0.34527694773763973,0.6816761931255396,0.5134765704315897
Itapiranga,2009,0.5581762639933647,1.0,0.7790881319966824
Agrolândia,2009,0.2813785853683229,0.5128952812530789,0.3971369333107009
São João do Sul,2009,0.49102480004784765,0.7707089324870458,0.6308668662674467
Abdon Batista,2009,0.5718059966871144,0.7090369956220266,0.6404214961545704
Itajaí,2009,0.21420145862553577,0.36930048574221586,0.2917509721838758
São Joaquim,2009,0.5607181897356228,0.7860776539442382,0.6733979218399305
Itapema,2009,0.2571365734619568,0.41090943401727587,0.33402300373961635
Abelardo Luz,2009,0.4941411958513782,0.9359176435819132,0.7150294197166457
São José do Cerrito,2009,0.5085448169885043,0.6006066146188309,0.5545757158036676
Jaborá,2009,0.5176234305907234,0.7565100318523631,0.6370667312215432
Água Doce,2009,0.4113614039227604,0.7850208125954801,0.5981911082591203
Jacinto Machado,2009,0.4920302262716706,0.747438883096778,0.6197345546842243
Águas de Chapecó,2009,0.46592435624430906,0.7483006600334942,0.6071125081389016
São José do Cedro,2009,0.4904212946125929,0.9158900600926021,0.7031556773525975
Ituporanga,2009,0.27632374150207734,0.4461162758141537,0.36122000865811554
Agronômica,2009,0.2655858479607585,0.490198010048271,0.37789192900451474
São Cristóvão do Sul,2009,0.33109032018147033,0.6040127409450632,0.46755153056326676
Irati,2009,0.4575571843100479,0.9006994384789679,0.6791283113945079
São Carlos,2009,0.4464616647399501,0.7481599279451708,0.5973107963425605
São Domingos,2009,0.5229498901989178,0.969145896955965,0.7460478935774414
Irineópolis,2009,0.3223364101265136,0.7988484987795402,0.560592454453027
São Bonifácio,2009,0.4806137378962159,0.8543624186726227,0.6674880782844194
Ipumirim,2009,0.5168042261147165,0.8225797733915948,0.6696919997531556
Irani,2009,0.49372098232985995,0.7934889057583434,0.6436049440441016
Iraceminha,2009,0.41487290242814234,0.8454339473943455,0.6301534249112439
São João Batista,2009,0.24040703150792342,0.46748254072217893,0.3539447861150512
Itaiópolis,2009,0.37103523300148755,0.6598364693133683,0.515435851157428
São João do Itaperiú,2009,0.17512741776024213,0.24818572882803008,0.21165657329413612
Itá,2009,0.5203390290483337,0.6999597258511786,0.6101493774497562
São João do Oeste,2009,0.5166273410397879,0.8405739992775751,0.6786006701586815
São Francisco do Sul,2009,0.24502680077233113,0.7195281880691573,0.4822774944207442
Santa Helena,2009,0.41952093298057475,0.8574918727218994,0.638506402851237
Santa Cecília,2009,0.2876475612273339,0.6848450466915099,0.4862463039594219
Imbituba,2009,0.5856007790803076,0.967594132510996,0.7765974557956519
Santa Rosa de Lima,2009,0.48420399475595843,0.7546966239455573,0.6194503093507578
Imbuia,2009,0.2782680151035007,0.4102058910452177,0.3442369530743592
Salto Veloso,2009,0.4239998648014901,0.7721406757954882,0.5980702702984891
Imaruí,2009,0.5558096771254835,0.9103052515464541,0.7330574643359689
Sangão,2009,0.6774770719165261,0.9316894402928945,0.8045832561047103
São Bento do Sul,2009,0.2488504831626493,0.4907890848192297,0.3698197839909395
Ipira,2009,0.5821563686427247,0.7342093626714231,0.6581828656570738
São Bernardino,2009,0.5053559358891815,0.9385873312974096,0.7219716335932955
Iomerê,2009,0.4352660337490363,0.7540143828194269,0.5946402082842316
Ipuaçu,2009,0.4998870693717887,0.9432795556330185,0.7215833125024036
Iporã do Oeste,2009,0.4386616169035179,0.832167602535054,0.6354146097192859
Santa Terezinha,2009,0.336632104411554,0.6448838751074983,0.49075798975952617
Santa Rosa do Sul,2009,0.533735198400641,0.7816615767427113,0.6576983875716762
Santo Amaro da Imperatriz,2009,0.4160117833010793,0.7352985652518277,0.5756551742764535
Santiago do Sul,2009,0.48327059697179114,0.9184907890848197,0.7008806930283055
Santa Terezinha do Progresso,2009,0.4599824788949433,0.8950842281548618,0.6775333535249025
Indaial,2009,0.18945695273522667,0.38181639068251216,0.2856366717088694
Rio Negrinho,2009,0.33665103323147316,0.5938488818835583,0.46524995755751575
Rodeio,2009,0.20588929241263237,0.41237316520539863,0.3091312288090155
Ibicaré,2009,0.4916959206870022,0.740222638163728,0.6159592794253651
Riqueza,2009,0.4427565766417809,0.8331395921584078,0.6379480844000944
Ibirama,2009,0.23160360856538748,0.4622486173072324,0.3469261129363099
Rio Rufino,2009,0.39545939026215654,0.49917828072446446,0.44731883549331053
Rio Fortuna,2009,0.47509494580413236,0.6949875849239189,0.5850412653640256
Herval d'Oeste,2009,0.5385781240170524,0.7234906754165942,0.6310343997168233
Ibiam,2009,0.5172336847188553,0.7116146192493354,0.6144241519840954
Ilhota,2009,0.17587710896016462,0.34487805564546753,0.26037758230281605
Saltinho,2009,0.4606706365514462,0.9013327328764231,0.6810016847139346
Salete,2009,0.2761147900957534,0.5958690441007455,0.43599191709824947
Romelândia,2009,0.44865673655276905,0.8873547888423272,0.6680057626975482
Içara,2009,0.7020148406186153,0.8391356664948921,0.7705752535567537
Rio do Campo,2009,0.2843546223514277,0.6384702109261265,0.46141241663877713
Guabiruba,2009,0.19815263527440247,0.34656684070534943,0.27235973798987595
Guaraciaba,2009,0.4484157879893847,0.8990904016024694,0.673753094795927
Gravatal,2009,0.5556256583444059,0.8642692251511501,0.709947441747778
Rio das Antas,2009,0.38223671658469055,0.7471185104915775,0.5646776135381341
Guatambú,2009,0.47413772433883655,0.6306767806127476,0.552407252475792
Rio do Sul,2009,0.24769673203602668,0.476524480346764,0.36211060619139535
Guarujá do Sul,2009,0.5018560196805967,0.9267067284011429,0.7142813740408698
Rio do Oeste,2009,0.2685863902481895,0.5245788592256924,0.39658262473694095
Rio dos Cedros,2009,0.23785886827095826,0.4844299355592622,0.3611444019151102
Guaramirim,2009,0.15748828847255217,0.2456294567416626,0.20155887260710736
Presidente Getúlio,2009,0.2551243399994467,0.5020195054674416,0.37857192273344414
Garuva,2009,0.1560062895821656,0.3232117807413259,0.23960903516174575
Presidente Castello Branco,2009,0.5607119911296303,0.7798105949799211,0.6702612930547758
Garopaba,2009,0.5634938866523327,0.9053370817104388,0.7344154841813857
Rancho Queimado,2009,0.33356281182808994,0.500438718560924,0.417000765194507
Grão-Pará,2009,0.4515019983784334,0.6027219987167549,0.5271119985475942
Presidente Nereu,2009,0.23677214643755704,0.404984730568417,0.32087843850298703
Gaspar,2009,0.17346543606908066,0.34752381890594886,0.26049462748751473
Quilombo,2009,0.444401374592285,0.8648030129657556,0.6546021937790203
Governador Celso Ramos,2009,0.29480371200832467,0.6198050483988373,0.457304380203581
Princesa,2009,0.48461778747442186,0.921800807802187,0.7032092976383044
Porto Belo,2009,0.26665988432002563,0.47352769521292515,0.3700937897664754
Faxinal dos Guedes,2009,0.5147678731269244,0.8940334285620467,0.7044006508444856
Flor do Sertão,2009,0.4226524062169693,0.868288838538075,0.6454706223775222
Ponte Alta do Norte,2009,0.32647969449413206,0.6371983055856566,0.4818390000398943
Entre Rios,2009,0.47450217158706803,0.8866121564377893,0.6805571640124287
Doutor Pedrinho,2009,0.2816650395118604,0.5367684801601087,0.40921675983598454
Ponte Serrada,2009,0.467709600752742,0.8246618911578032,0.6461857459552726
Erval Velho,2009,0.5760151777682947,0.7225277846643792,0.6492714812163369
Ermo,2009,0.5860826255858533,0.680586884686263,0.6333347551360582
Frei Rogério,2009,0.42452068555856,0.6837749975371885,0.5541478415478742
Pouso Redondo,2009,0.2677851296360729,0.5493711621186751,0.408578145877374
Praia Grande,2009,0.4347251540125717,0.753445382033934,0.5940852680232529
Galvão,2009,0.5413624547121568,0.9896561915082261,0.7655093231101915
Formosa do Sul,2009,0.4773517170801645,0.9104521721997836,0.693901944639974
Porto União,2009,0.31261693201383406,0.7578704420394895,0.5352436870266618
Florianópolis,2009,0.3732893086661459,0.7384875390635035,0.5558884238648247
Fraiburgo,2009,0.3856849017179963,0.715861913674937,0.5507734076964667
Forquilhinha,2009,0.6612442720997911,0.7596141526183808,0.710429212359086
Curitibanos,2009,0.4193958513564509,0.6450016515324484,0.5321987514444496
Cunhataí,2009,0.4124022008185084,0.7535218205102944,0.5829620106644013
Pinheiro Preto,2009,0.4555830592036709,0.7414047877056448,0.5984939234546578
Balneário Piçarras,2009,0.20197672182065474,0.3102157422913996,0.25609623205602716
Pinhalzinho,2009,0.4029162904093742,0.811151610678751,0.6070339505440626
Cunha Porã,2009,0.3968087059209139,0.7982464781794899,0.5975275920502019
Pomerode,2009,0.16573400698481078,0.36498867106689,0.26536133902585035
Dionísio Cerqueira,2009,0.5117783069348492,0.9355137424884247,0.723646024711637
Ponte Alta,2009,0.36404344998497984,0.5865431977145109,0.4752933238497454
Dona Emma,2009,0.26750911136919514,0.531901618888123,0.39970536512865906
Piratuba,2009,0.5983900390085074,0.824398715062325,0.7113943770354162
Descanso,2009,0.41029035267864217,0.853561225495025,0.6319257890868336
Planalto Alegre,2009,0.44094781038582426,0.6923455817160871,0.5666466960509556
Cocal do Sul,2009,0.619582286089842,0.705803992121538,0.66269313910569
Cordilheira Alta,2009,0.43248943035316056,0.7116146192493352,0.572052024801248
Penha,2009,0.2448543854522634,0.3768176734817067,0.3108360294669851
Concórdia,2009,0.5379205830931295,0.7381393556863113,0.6380299693897205
Celso Ramos,2009,0.5871011015102289,0.7810526604799297,0.6840768809950792
Paulo Lopes,2009,0.5113801929333543,0.8866869801374027,0.6990335865353785
Caxambu do Sul,2009,0.5003180809006363,0.6941188060289626,0.5972184434647995
Pedras Grandes,2009,0.5511991224116922,0.7264171722172844,0.6388081473144883
Chapecó,2009,0.4727042624989415,0.629208049363699,0.5509561559313203
Chapadão do Lageado,2009,0.29913797471181547,0.45194702844195517,0.3755425015768853
Cerro Negro,2009,0.5451305814124716,0.6913011758983972,0.6182158786554344
Petrolândia,2009,0.28333410888843535,0.4811348635602406,0.382234486224338
Corupá,2009,0.23451645162873713,0.4631493026725025,0.34883287715061984
Criciúma,2009,0.6621381724848838,0.7553031861481692,0.7087206793165265
Correia Pinto,2009,0.4327754857725965,0.5759754972640404,0.5043754915183185
Peritiba,2009,0.5699078754631188,0.7182842330668865,0.6440960542650027
Coronel Freitas,2009,0.43059580639561934,0.7791261049068161,0.6048609556512177
Pescaria Brava,2009,0.6009854222366147,0.9169482119704263,0.7589668171035204
Coronel Martins,2009,0.5236886888189491,0.9631760417692841,0.7434323652941166
Palma Sola,2009,0.5090060935355185,0.937116211867468,0.7230611527014932
Canoinhas,2009,0.3441294405923885,0.7728696680130038,0.5584995543026962
Balneário Rincão,2009,0.7529949793511491,0.9389929163692275,0.8459939478601883
Ouro,2009,0.5770000935544524,0.7688374325672007,0.6729187630608265
Campos Novos,2009,0.5680930857996299,0.6682443418980143,0.6181687138488221
Palhoça,2009,0.4567057479920115,0.7696332422374237,0.6131694951147176
Painel,2009,0.4401111730836934,0.5289377178785679,0.48452444548113066
Canelinha,2009,0.23287245544295915,0.4276753100541595,0.3302738827485593
Paial,2009,0.5143602498556504,0.6624963057826815,0.588428277819166
Ouro Verde,2009,0.5230742458811743,0.9414244901980104,0.7322493680395924
Papanduva,2009,0.35427919026392296,0.7080451042910588,0.5311621472774909
Catanduvas,2009,0.47738039387108544,0.7714958669544426,0.624438130412764
Passos Maia,2009,0.4478645182069515,0.8441335828982367,0.6459990505525941
Passo de Torres,2009,0.5529055747068455,0.9097911175827297,0.7313483461447876
Paraíso,2009,0.41184431849994085,0.8960514414164301,0.6539478799581855
Capinzal,2009,0.6115738023318733,0.7953787742102498,0.7034762882710616
Palmeira,2009,0.35848111375082925,0.5592749482809578,0.45887803101589353
Capivari de Baixo,2009,0.6107300152549302,0.928301320599292,0.7695156679271111
Palmitos,2009,0.4911934715970419,0.7840866080085445,0.6376400398027932
Nova Itaberaba,2009,0.42668730875340555,0.7333267658358781,0.5800070372946418
Xavantina,2009,0.5002423394343528,0.798792774558709,0.6495175569965309
Capão Alto,2009,0.5555192055700802,0.6218180534527797,0.58866862951143
Nova Erechim,2009,0.415368503861354,0.7836666338291793,0.5995175688452666
Xaxim,2009,0.46019785432649685,0.7682789872918926,0.6142384208091947
Nova Trento,2009,0.2264690420187422,0.40304943982195174,0.31475924092034696
Campo Alegre,2009,0.20073154764207718,0.4482317013102157,0.3244816244761465
Xanxerê,2009,0.4956066094878042,0.88940991035366,0.6925082599207322
Navegantes,2009,0.21832778573994732,0.34282336715594525,0.2805755764479463
Caibi,2009,0.45601768899207673,0.8103241059994091,0.6331708974957428
Camboriú,2009,0.23412076388758007,0.37357684931561247,0.3038488066015963
Calmon,2009,0.31561278281606614,0.7573806943721242,0.5364967385940952
Orleans,2009,0.46018746478473554,0.5971468016116545,0.528667133198195
Zortéa,2009,0.6175375902020137,0.8259019274065125,0.7217197588042631
Campo Erê,2009,0.4974799558170819,0.9296502807605163,0.7135651182887991
Otacílio Costa,2009,0.29246600871769385,0.5361836272288444,0.41432481797326914
Novo Horizonte,2009,0.529559287417178,0.9630578268150922,0.7463085571161351
Nova Veneza,2009,0.5982791730254099,0.7017107239522952,0.6499949484888525
Campo Belo do Sul,2009,0.5341830039644384,0.6483871164558661,0.5912850602101523
Vargeão,2009,0.5015246609124183,0.8873017436705746,0.6944132022914964
Modelo,2009,0.3952872793812937,0.8229731060979211,0.6091301927396073
Vidal Ramos,2009,0.25416672902109705,0.40074869470988056,0.3274577118654888
Mondaí,2009,0.510347823073533,0.8370603881390997,0.6737041056063163
Botuverá,2009,0.2093272943015831,0.35077003907660986,0.28004866668909645
Vargem Bonita,2009,0.4468830710509892,0.7898729189242439,0.6183779949876166
Braço do Norte,2009,0.486569137513073,0.684225988987411,0.5853975632502421
Vargem,2009,0.5528870096849783,0.6470414389773247,0.5999642243311515
Urussanga,2009,0.5516575368344335,0.6488577119669388,0.6002576244006861
Meleiro,2009,0.6305502778448697,0.7322497391686343,0.681400008506752
Urupema,2009,0.45104167244279647,0.6541261951653252,0.5525839338040608
Bom Retiro,2009,0.34036124353022923,0.4451829998600086,0.3927721216951189
Bom Jesus do Oeste,2009,0.4110516745053744,0.8584375923554334,0.6347446334304039
Mirim Doce,2009,0.27688723402996007,0.600417900232801,0.4386525671313805
Vitor Meireles,2009,0.30380472369136996,0.5755305414555996,0.43966763257348473
Caçador,2009,0.34489280532797995,0.7573638065215251,0.5511283059247525
Morro Grande,2009,0.5367590885048831,0.7666930915942536,0.6517260900495683
Witmarsum,2009,0.2862783997877725,0.553048960693528,0.41966368024065026
Morro da Fumaça,2009,0.6507766037783195,0.7621559326885862,0.7064662682334528
Monte Carlo,2009,0.45961214647715887,0.6947755557744726,0.5771938511258157
Brunópolis,2009,0.5004786599233758,0.658917019669655,0.5796978397965153
Braço do Trombudo,2009,0.276621193588956,0.5345286178701605,0.40557490572955823
Videira,2009,0.42067681993990436,0.739164925415697,0.5799208726778007
Monte Castelo,2009,0.30639131809955455,0.7107111192422988,0.5085512186709267
Brusque,2009,0.20583819892999947,0.34471619472493914,0.2752771968274693
Trombudo Central,2009,0.2687343495309825,0.5094079401044235,0.389071144817703
Maracajá,2009,0.6782316488603541,0.803086046894734,0.740658847877544
Benedito Novo,2009,0.2353164817840848,0.47100363459135475,0.3531600581877198
Biguaçu,2009,0.2799339096480034,0.5697051080012364,0.42481950882461994
Major Vieira,2009,0.3317898725104181,0.7438600213696267,0.5378249469400224
Barra Velha,2009,0.204611771212834,0.2695793517880011,0.23709556150041755
Barra Bonita,2009,0.4470635714894633,0.8879913309033594,0.6675274511964113
Bandeirante,2009,0.3962886632847382,0.8803917981338928,0.6383402307093156
Balneário Gaivota,2009,0.6135971047396351,0.8841118406564175,0.7488544726980263
Balneário Barra do Sul,2009,0.2366826517467714,0.5542209802490965,0.39545181599793394
Treze Tílias,2009,0.45371374209726006,0.763126785538371,0.6084202638178156
Belmonte,2009,0.39448377848797944,0.8673037139198105,0.630893746203895
Bela Vista do Toldo,2009,0.3327997395324471,0.7632541723424566,0.5480269559374519
União do Oeste,2009,0.40672694533964804,0.8239188257314551,0.6153228855355516
Bombinhas,2009,0.29732728766413197,0.5154638246512195,0.40639555615767575
Urubici,2009,0.4248832566749058,0.6782378965248308,0.5515605765998683
Bom Jesus,2009,0.4996521412568994,0.9352773125800418,0.7174647269184706
Tunápolis,2009,0.4545239889691203,0.8567488072955513,0.6556363981323358
Matos Costa,2009,0.31416736742926576,0.763811894931982,0.5389896311806239
Marema,2009,0.44864330220736603,0.8346257230111037,0.6416345126092349
Bom Jardim da Serra,2009,0.42552858213538014,0.7825951712759187,0.6040618767056494
Tubarão,2009,0.6087761184938071,0.9344610563330263,0.7716185874134167
Maravilha,2009,0.40537363651225217,0.8380783502446396,0.6217259933784459
Turvo,2009,0.5816156595121634,0.6667229339497635,0.6241692967309634
Bocaina do Sul,2010,0.31940038571904794,0.4899479998362203,0.4046741927776341
Massaranduba,2010,0.31312489747102384,0.4655714985461361,0.38934819800858
Blumenau,2010,0.34347813850279474,0.5334672579691231,0.4384726982359589
Timbé do Sul,2010,0.30999437183843953,0.6671858794304101,0.48859012563442483
Lontras,2010,0.37991658427706015,0.5631902421002315,0.47155341318864585
Ascurra,2010,0.34921164484387573,0.539158300197987,0.44418497252093136
Tigrinhos,2010,0.6340788578493166,0.8822012037833193,0.758140030816318
Arroio Trinta,2010,0.3540016525717162,0.7242189739180279,0.539110313244872
Lindóia do Sul,2010,0.37248452186150094,0.7804210057004554,0.5764527637809782
Tijucas,2010,0.38644484235884297,0.6761236657239835,0.5312842540414132
Arvoredo,2010,0.39988556892685717,0.7130983089710518,0.5564919389489544
Leoberto Leal,2010,0.3129429680645471,0.4877169771969844,0.40032997263076575
Treviso,2010,0.419827469072959,0.6959316939589204,0.5578795815159396
Balneário Arroio do Silva,2010,0.4538549278389076,0.8935465967340894,0.6737007622864986
Treze de Maio,2010,0.4701260511413353,0.8170845567337114,0.6436053039375234
Major Gercino,2010,0.3257928591388956,0.5236852568331771,0.4247390579860364
Balneário Camboriú,2010,0.48105099791084,0.8486506543550554,0.6648508261329477
Macieira,2010,0.33998115173153637,0.7367645252425993,0.5383728384870679
Luzerna,2010,0.35965103005041277,0.7140536925575623,0.5368523613039875
Timbó,2010,0.33623080001738687,0.5539335574557008,0.4450821787365439
Luiz Alves,2010,0.3574863941298431,0.5494272252260641,0.45345680967795365
Três Barras,2010,0.45932435478429123,0.7473357825894372,0.6033300686868642
Atalanta,2010,0.336790368548671,0.5029861604656369,0.419888264507154
Mafra,2010,0.3850335120844287,0.702082994430372,0.5435582532574004
Timbó Grande,2010,0.3905748209187535,0.7274648896531961,0.5590198552859749
Aurora,2010,0.36400525549518103,0.533661032051921,0.448833143773551
Siderópolis,2010,0.3951776349802978,0.6853557522147089,0.5402666935975033
Laguna,2010,0.4178596438468801,0.9686664150129775,0.6932630294299288
Antônio Carlos,2010,0.3477137249725718,0.6367851744346155,0.49224944970359363
Serra Alta,2010,0.6174486552982624,0.8734116747874273,0.7454301650428449
Lajeado Grande,2010,0.49790388079315634,0.8366294067067928,0.6672666437499746
Arabutã,2010,0.3853767803611533,0.734635384678377,0.5600060825197651
Apiúna,2010,0.35271326109912193,0.5395279465900424,0.4461206038445822
Seara,2010,0.3889198518681966,0.704769612058065,0.5468447319631308
Lages,2010,0.25805119301131596,0.4855840924479009,0.37181764272960843
Anitápolis,2010,0.33639494620126553,0.5518944977347139,0.4441447219679897
Taió,2010,0.3139679771718641,0.576251229733603,0.44510960345273354
Lauro Müller,2010,0.4010447257002212,0.6673599743277651,0.5342023500139932
Tangará,2010,0.33976697989434207,0.6688992472583004,0.5043331135763213
Lebon Régis,2010,0.34116271284148586,0.6855603324734881,0.513361522657487
Armazém,2010,0.46285615728198715,0.7979980089239587,0.6304270831029729
Sombrio,2010,0.37582386898236003,0.760899089105702,0.568361479044031
Laurentino,2010,0.3541112285241721,0.521276643823643,0.43769393617390756
Araquari,2010,0.3577361770342944,0.7241605388715514,0.5409483579529228
Sul Brasil,2010,0.6258777039487011,0.8795261297410912,0.7527019168448962
Araranguá,2010,0.44428795393797543,0.851725893743257,0.6480069238406162
Alfredo Wagner,2010,0.3084941652764578,0.5115798109633032,0.4100369881198805
São Miguel da Boa Vista,2010,0.6474338909865521,0.8913728862138152,0.7694033886001836
Jardinópolis,2010,0.6096177548742798,0.86987675551734,0.73974725519581
São Martinho,2010,0.4114022237171112,0.7056732112057926,0.5585377174614519
Alto Bela Vista,2010,0.32661642552202147,0.6577242762969332,0.49217035090947736
Jaraguá do Sul,2010,0.28329820573780273,0.4145767212565033,0.34893746349715304
São Lourenço do Oeste,2010,0.67855055709363,0.9743001815228816,0.8264253693082557
Águas Frias,2010,0.5350278621311709,0.8016623674405271,0.668345114785849
São Ludgero,2010,0.4579374792676949,0.7710408253115785,0.6144891522896367
Jaguaruna,2010,0.46946152494533805,0.966445264014562,0.71795339447995
Águas Mornas,2010,0.3531664367273953,0.6072547188696639,0.4802105777985296
José Boiteux,2010,0.33875802189066273,0.5184457273881179,0.4286018746393903
Saudades,2010,0.5095615663123193,0.7957997863414888,0.6526806763269041
Joinville,2010,0.29923577654883815,0.5885328300947508,0.44388430332179446
Schroeder,2010,0.27755511361516216,0.41998916520565804,0.3487721394104101
Angelina,2010,0.3263744507865641,0.5393802249178988,0.4328773378522315
Lacerdópolis,2010,0.3576181990091255,0.6838635712238464,0.520740885116486
Anita Garibaldi,2010,0.28712005100156757,0.561013184293494,0.4240666176475308
Jupiá,2010,0.6761025266867007,1.0,0.8380512633433503
São Miguel do Oeste,2010,0.6313603886229305,0.8816279736314129,0.7564941811271717
Joaçaba,2010,0.35114202972215425,0.7085565623828737,0.529849296052514
Anchieta,2010,0.7226380473332257,0.9220406993407851,0.8223393733370055
São Pedro de Alcântara,2010,0.35366476341005215,0.6456626260854427,0.4996636947477474
Itapoá,2010,0.35108362754490197,0.9290885008736918,0.6400860642092969
São José,2010,0.3578486256839167,0.7872157398170732,0.5725321827504949
Itapiranga,2010,0.4941721718163763,0.831374796980988,0.6627734843986821
Agrolândia,2010,0.3369552391970521,0.5228637956586596,0.4299095174278559
São João do Sul,2010,0.32641908155848515,0.7181929177799407,0.5223059996692129
Abdon Batista,2010,0.29501691892449317,0.5848510904400847,0.43993400468228894
Itajaí,2010,0.41860956166610075,0.674348511742191,0.5464790367041459
São Joaquim,2010,0.2402052580690603,0.41439080648023047,0.3272980322746454
Itapema,2010,0.45845398322315584,0.8304189120993039,0.6444364476612299
Abelardo Luz,2010,0.5217349764550784,0.9116270182478268,0.7166809973514525
São José do Cerrito,2010,0.30552638018676137,0.5653285676552077,0.4354274739209845
Jaborá,2010,0.33643541392984927,0.7239896818572658,0.5302125478935575
Água Doce,2010,0.36282250982124487,0.7527880802351099,0.5578052950281773
Jacinto Machado,2010,0.32151915327788305,0.7007100115140497,0.5111145823959664
Águas de Chapecó,2010,0.43733758172816034,0.7432884303047673,0.5903130060164639
São José do Cedro,2010,0.7717923504567044,0.9375370211139772,0.8546646857853408
Ituporanga,2010,0.354848472728883,0.5160546941207128,0.4354515834247979
Agronômica,2010,0.3477235373138385,0.5087272861221573,0.4282254117179979
São Cristóvão do Sul,2010,0.3380781241462764,0.5820196809018818,0.46004890252407915
Irati,2010,0.6336055972843497,0.9094296359988538,0.7715176166416018
São Carlos,2010,0.44698914064349143,0.7434795070220692,0.5952343238327803
São Domingos,2010,0.594067653023763,0.9586127830323877,0.7763402180280754
Irineópolis,2010,0.4513798877634064,0.7876394594651979,0.6195096736143021
São Bonifácio,2010,0.37781106450276847,0.6686220998786048,0.5232165821906867
Ipumirim,2010,0.38617302035200385,0.7866040522962279,0.5863885363241159
Irani,2010,0.355310847884049,0.763441404076678,0.5593761259803636
Iraceminha,2010,0.5616445760636444,0.852520620362409,0.7070825982130267
São João Batista,2010,0.34363813681043115,0.5744884878376431,0.4590633123240371
Itaiópolis,2010,0.3619859363341041,0.6589367449212679,0.510461340627686
São João do Itaperiú,2010,0.34971307222652387,0.6039736098499541,0.476843341038239
Itá,2010,0.38410729328391013,0.6805879703558123,0.5323476318198612
São João do Oeste,2010,0.48563786629086736,0.8261520333747335,0.6558949498328004
São Francisco do Sul,2010,0.4008807587604192,1.0,0.7004403793802096
Santa Helena,2010,0.5450821222345129,0.8526225279449701,0.6988523250897415
Santa Cecília,2010,0.31151713174309603,0.6543718682361314,0.4829444999896137
Imbituba,2010,0.39975045546730864,0.8762550426850924,0.6380027490762005
Santa Rosa de Lima,2010,0.35456992078641614,0.5927758605652285,0.4736728906758223
Imbuia,2010,0.32562585717180875,0.4737050583120482,0.39966545774192846
Salto Veloso,2010,0.35329530256922737,0.7348810547434802,0.5440881786563538
Imaruí,2010,0.4212773687522218,0.8355637112657431,0.6284205400089825
Sangão,2010,0.4620211027318953,0.8562993140182479,0.6591602083750716
São Bento do Sul,2010,0.2805367378926249,0.49914015477214124,0.38983844633238307
Ipira,2010,0.3214538434236943,0.667558358014076,0.4945061007188852
São Bernardino,2010,0.6747421677403233,0.9512181140728001,0.8129801409065617
Iomerê,2010,0.3487733662288429,0.710805388363428,0.5297893772961355
Ipuaçu,2010,0.5465795002178685,0.9282359944440776,0.737407747330973
Iporã do Oeste,2010,0.5012160142249508,0.8261520333747333,0.663684023799842
Santa Terezinha,2010,0.3251417132576487,0.6344418365054652,0.4797917748815569
Santa Rosa do Sul,2010,0.3479356645774998,0.732655746901879,0.5402957057396893
Santo Amaro da Imperatriz,2010,0.3681733936323547,0.7004447385603911,0.534309066096373
Santiago do Sul,2010,0.6166528442880598,0.9207222699914016,0.7686875571397307
Santa Terezinha do Progresso,2010,0.6702967248071054,0.9116270182478263,0.7909618715274659
Indaial,2010,0.3489130058442752,0.55299830285449,0.4509556543493826
Rio Negrinho,2010,0.3314494037926942,0.5922384637431932,0.46184393376794375
Rodeio,2010,0.3398086736358957,0.5326554347904965,0.4362320542131961
Ibicaré,2010,0.35972428168155973,0.6990541702493551,0.5293892259654575
Riqueza,2010,0.507084204419255,0.8334766408713098,0.6702804226452823
Ibirama,2010,0.3606663025073786,0.5331522439986045,0.44690927325299157
Rio Rufino,2010,0.29221014079521457,0.4629049033341397,0.37755752206467713
Rio Fortuna,2010,0.37826321681671315,0.6339961791861497,0.5061296980014314
Herval d'Oeste,2010,0.35760451103502,0.6837753819697069,0.5206899465023634
Ibiam,2010,0.3403270990074804,0.6659787904843797,0.5031529447459301
Ilhota,2010,0.36882108503421485,0.543602455962619,0.45621177049841694
Saltinho,2010,0.6445337822023073,0.9147934324202598,0.7796636073112835
Salete,2010,0.3046322118839536,0.576351071621923,0.4404916417529383
Romelândia,2010,0.6637193656074232,0.9021319752188197,0.7829256704131214
Içara,2010,0.47282777571084394,0.8628902052823012,0.6678589904965726
Rio do Campo,2010,0.30432804129180796,0.6194919482394405,0.4619099947656242
Guabiruba,2010,0.356577040705165,0.5646369083864958,0.46060697454583044
Guaraciaba,2010,0.7143874714627145,0.9185057800706983,0.8164466257667065
Gravatal,2010,0.46858854601552385,0.8163193732229364,0.6424539596192301
Rio das Antas,2010,0.34379182630966076,0.7053915480398715,0.5245916871747661
Guatambú,2010,0.3723433831392047,0.623228559600013,0.49778597136960884
Rio do Sul,2010,0.37226040978673897,0.5506358095227981,0.46144810965476857
Guarujá do Sul,2010,0.7888007439887322,0.946976210948696,0.8678884774687141
Rio do Oeste,2010,0.3482218197952654,0.5646332868410103,0.4564275533181379
Rio dos Cedros,2010,0.31355964849259765,0.48220515709471157,0.3978824027936546
Guaramirim,2010,0.29563049827291915,0.501614361377854,0.39862242982538654
Presidente Getúlio,2010,0.35923125730409916,0.5156772097148702,0.43745423350948465
Garuva,2010,0.3131515711619912,0.7166287989437343,0.5148901850528628
Presidente Castello Branco,2010,0.3334600752552033,0.70048724562912,0.5169736604421616
Garopaba,2010,0.38879698298618154,0.854105353446039,0.6214511682161102
Rancho Queimado,2010,0.32063862729833553,0.5223969016208827,0.4215177644596091
Grão-Pará,2010,0.38329623171516725,0.6476637730646457,0.5154800023899064
Presidente Nereu,2010,0.3543928542814997,0.5330204762686489,0.4437066652750743
Gaspar,2010,0.35332253870701563,0.5204243992390859,0.4368734689730508
Quilombo,2010,0.5998764879479719,0.8687964371541327,0.7343364625510522
Governador Celso Ramos,2010,0.392959255461057,0.8131550211074716,0.6030571382842643
Princesa,2010,0.77435260604409,0.9443393522499284,0.8593459791470092
Porto Belo,2010,0.4244066006591759,0.7409028494578836,0.5826547250585298
Faxinal dos Guedes,2010,0.46179132959563096,0.870035986115092,0.6659136578553615
Flor do Sertão,2010,0.6242574586390639,0.8802904366102988,0.7522739476246814
Ponte Alta do Norte,2010,0.3283874977289618,0.6083691602178273,0.46837832897339454
Entre Rios,2010,0.5655111246187084,0.881054743479507,0.7232829340491077
Doutor Pedrinho,2010,0.33119580102850676,0.5327118311686355,0.43195381609857114
Ponte Serrada,2010,0.38305912285033566,0.7935552552921431,0.5883071890712394
Erval Velho,2010,0.3458444593838593,0.663018838427265,0.5044316489055621
Ermo,2010,0.3860641954191045,0.7307346778551882,0.5583994366371463
Frei Rogério,2010,0.33041627215391445,0.6331327027801663,0.4817744874670404
Pouso Redondo,2010,0.3287633845946293,0.5360975765103023,0.4324304805524658
Praia Grande,2010,0.2790142350763588,0.6668414329296082,0.4729278340029835
Galvão,2010,0.6573255415468857,0.9880031118208245,0.8226643266838551
Formosa do Sul,2010,0.6434375807694546,0.9154485525938664,0.7794430666816605
Porto União,2010,0.40751288599466035,0.7462364710859983,0.5768746785403294
Florianópolis,2010,0.4157583717822846,1.0,0.7078791858911423
Fraiburgo,2010,0.34396943162327487,0.6685501371657867,0.5062597843945308
Forquilhinha,2010,0.44269445194593404,0.7786457616042632,0.6106701067750986
Curitibanos,2010,0.3284935476604359,0.60669105704764,0.467592302354038
Cunhataí,2010,0.46801559704002943,0.7523645743766123,0.6101900857083209
Pinheiro Preto,2010,0.3528645049857022,0.6973344797936375,0.5250994923896699
Balneário Piçarras,2010,0.4263923459862927,0.7204894945453126,0.5734409202658026
Pinhalzinho,2010,0.5566167405244822,0.8188592719977076,0.6877380062610949
Cunha Porã,2010,0.5193075276187871,0.8054839017865675,0.6623957147026773
Pomerode,2010,0.32335550119223544,0.5171988358030131,0.42027716849762425
Dionísio Cerqueira,2010,0.7934015103510186,1.0,0.8967007551755093
Ponte Alta,2010,0.34400874647658364,0.567701254634381,0.45585500055548234
Dona Emma,2010,0.3476141856591436,0.5196649788223304,0.433639582240737
Piratuba,2010,0.3239455829975013,0.6437374605904272,0.4838415217939643
Descanso,2010,0.5588325582481637,0.8571940384064203,0.708013298327292
Planalto Alegre,2010,0.4216438204378522,0.6878761822871882,0.5547600013625202
Cocal do Sul,2010,0.4810533048258986,0.7882857481066325,0.6346695264662656
Cordilheira Alta,2010,0.44922465641638065,0.7047291487532249,0.5769769025848028
Penha,2010,0.46499435565838715,0.8139002425892758,0.6394472991238315
Concórdia,2010,0.339348431407895,0.7041532524145657,0.5217508419112303
Celso Ramos,2010,0.3008646795271822,0.5872742906276872,0.4440694850774347
Paulo Lopes,2010,0.3838129418614115,0.7469132615729233,0.5653631017171674
Caxambu do Sul,2010,0.3903102765012375,0.6840068787618229,0.5371585776315302
Pedras Grandes,2010,0.47747456278437544,0.7977919001247121,0.6376332314545438
Chapecó,2010,0.37179495735710666,0.6200439476449796,0.49591945250104313
Chapadão do Lageado,2010,0.3346678294078593,0.4945708668670823,0.4146193481374708
Cerro Negro,2010,0.2822529620165709,0.5479261352004261,0.4150895486084985
Petrolândia,2010,0.33096510220752523,0.4947972860073401,0.4128811941074326
Corupá,2010,0.28932022963000126,0.46838362745499496,0.3788519285424981
Criciúma,2010,0.46103929279142725,0.7859831646115628,0.623511228701495
Correia Pinto,2010,0.3301041071729679,0.5552168286476111,0.4426604679102895
Peritiba,2010,0.31371693017484453,0.6721123531097739,0.49291464164230925
Coronel Freitas,2010,0.5167553261465037,0.7779775398004117,0.6473664329734576
Pescaria Brava,2010,0.439943266575425,0.9121113243356087,0.6760272954555169
Coronel Martins,2010,0.6489119254480042,0.9624534250501575,0.8056826752490809
Palma Sola,2010,0.778443147312972,0.9538549727715679,0.86614906004227
Canoinhas,2010,0.45640001184430595,0.7700773860705075,0.6132386989574067
Balneário Rincão,2010,0.4934556459864658,0.9713199244687,0.7323877852275829
Ouro,2010,0.3387170945175998,0.6858698767555174,0.5122934856365586
Campos Novos,2010,0.3207204157004467,0.6257418982935131,0.47323115699697993
Palhoça,2010,0.3834425929659458,0.839256883063074,0.6113497380145099
Painel,2010,0.28924474108732195,0.4618726523962529,0.37555869674178743
Canelinha,2010,0.36004708162713717,0.5791438462314036,0.4695954639292704
Paial,2010,0.37800215059874287,0.6491831470335336,0.5135926488161382
Ouro Verde,2010,0.5043384366889849,0.9149899684723417,0.7096642025806633
Papanduva,2010,0.375479680984398,0.7032974714957813,0.5393885762400896
Catanduvas,2010,0.33795354354866103,0.7372260871830951,0.537589815365878
Passos Maia,2010,0.4399074966476821,0.8123435559377091,0.6261255262926956
Passo de Torres,2010,0.3937231139351016,0.8324222472085204,0.613072680571811
Paraíso,2010,0.6621735151858591,0.9124260663383619,0.7872997907621104
Capinzal,2010,0.3318760130768488,0.6508618924784016,0.4913689527776252
Palmeira,2010,0.3483546308872577,0.5445304289672305,0.4464425299272441
Capivari de Baixo,2010,0.4452927230206397,0.881289558760476,0.6632911408905579
Palmitos,2010,0.4368724409666511,0.7777526361044483,0.6073125385355498
Nova Itaberaba,2010,0.4712021084842931,0.7318238272666475,0.6015129678754703
Xavantina,2010,0.41843608699286106,0.7815211443758308,0.5999786156843459
Capão Alto,2010,0.23237718645930183,0.4890799656061912,0.36072857603274655
Nova Erechim,2010,0.5173924878630607,0.7838922327314417,0.6506423602972512
Xaxim,2010,0.44297630634434426,0.7593006592146746,0.6011384827795094
Nova Trento,2010,0.3357693799993797,0.5358393065279234,0.4358043432636516
Campo Alegre,2010,0.2840571044971561,0.4653991911085634,0.3747281478028598
Xanxerê,2010,0.4705505817294199,0.8725136142161078,0.6715320979727639
Navegantes,2010,0.431916108503192,0.7162698374333881,0.5740929729682901
Caibi,2010,0.4736654975739185,0.8091716824304956,0.6414185900022071
Camboriú,2010,0.42739925874867585,0.7087853390496612,0.5680922988991686
Calmon,2010,0.36635898533074623,0.7313270278016624,0.5488430065662043
Orleans,2010,0.4107469029864864,0.6786719246427455,0.544709413814616
Zortéa,2010,0.3275358441910605,0.629062768701634,0.47829930644634727
Campo Erê,2010,0.705065613742015,0.9441559186013185,0.8246107661716668
Otacílio Costa,2010,0.33043826239705976,0.5218305149517534,0.42613438867440656
Novo Horizonte,2010,0.6779422179070915,0.9696188019489825,0.8237805099280371
Nova Veneza,2010,0.4123294059015442,0.746504749870315,0.5794170778859296
Campo Belo do Sul,2010,0.2652873672317804,0.5316178890268887,0.3984526281293346
Vargeão,2010,0.4591515270053369,0.8580299990446166,0.6585907630249768
Modelo,2010,0.569732534653184,0.8325212572848,0.701126895968992
Vidal Ramos,2010,0.33874993245077845,0.5112308516885554,0.42499039206966693
Mondaí,2010,0.4722604502638174,0.828413107862807,0.6503367790633122
Botuverá,2010,0.34477020549408766,0.544777958718366,0.4447740821062268
Vargem Bonita,2010,0.34747823650860477,0.7582024709236548,0.5528403537161297
Braço do Norte,2010,0.4499038578818163,0.7576412139889825,0.6037725359353994
Vargem,2010,0.3033872512414016,0.5996998971557668,0.45154357419858415
Urussanga,2010,0.4787441002293984,0.7657591939965244,0.6222516471129613
Meleiro,2010,0.4130097385139633,0.7585249844916397,0.5857673615028015
Urupema,2010,0.28967307125786396,0.43013757523645735,0.3599053232471606
Bom Retiro,2010,0.30118385248701185,0.48734746418215663,0.39426565833458427
Bom Jesus do Oeste,2010,0.6167796504864516,0.8688258335721795,0.7428027420293155
Mirim Doce,2010,0.3218865079282332,0.5821303042645307,0.45200840609638193
Vitor Meireles,2010,0.32260063639691133,0.5616146988278954,0.4421076676124034
Caçador,2010,0.34260557764338195,0.7229349383777587,0.5327702580105703
Morro Grande,2010,0.33831828847372575,0.6692941270876827,0.5038062077807042
Witmarsum,2010,0.3307696726154632,0.5385178815961278,0.4346437771057955
Morro da Fumaça,2010,0.48058711308063284,0.8158476548884978,0.6482173839845653
Monte Carlo,2010,0.3286475734630124,0.6422088468520111,0.4854282101575117
Brunópolis,2010,0.3132861158960189,0.6092162669978667,0.4612511914469428
Braço do Trombudo,2010,0.335097204779063,0.5337095833556474,0.43440339406735523
Videira,2010,0.34697180508624803,0.6943627340061246,0.5206672695461863
Monte Castelo,2010,0.3279734834398126,0.6936903738279492,0.5108319286338809
Brusque,2010,0.3631898555359523,0.5630719618206051,0.4631309086782787
Trombudo Central,2010,0.3449969709776821,0.5346869141441037,0.43984194256089293
Maracajá,2010,0.44456049661724506,0.8086495764208519,0.6266050365190485
Benedito Novo,2010,0.3347148962834479,0.4878711202812804,0.41129300828236415
Biguaçu,2010,0.3628434333721735,0.7108728909623884,0.536858162167281
Major Vieira,2010,0.4063080141280838,0.7339550675750162,0.5701315408515499
Barra Velha,2010,0.4087072147571381,0.6612801500667697,0.5349936824119539
Barra Bonita,2010,0.6829272884324429,0.9042705646316996,0.7935989265320713
Bandeirante,2010,0.6101903385375477,0.89088154608361,0.7505359423105789
Balneário Gaivota,2010,0.4081844568107773,0.834773879187918,0.6214791679993477
Balneário Barra do Sul,2010,0.4095231560149235,0.8490481924387483,0.6292856742268359
Treze Tílias,2010,0.36154239517334735,0.7255660647750073,0.5435542299741773
Belmonte,2010,0.5761628731068207,0.86987675551734,0.7230198143120803
Bela Vista do Toldo,2010,0.43637580622668093,0.7496466727942996,0.5930112395104903
União do Oeste,2010,0.5801639701347215,0.8301519059902549,0.7051579380624882
Bombinhas,2010,0.4875136116180486,0.9762225309906714,0.7318680713043599
Urubici,2010,0.28305939840541194,0.47823783134797954,0.38064861487669577
Bom Jesus,2010,0.521742779401138,0.9192700869399064,0.7205064331705222
Tunápolis,2010,0.5339210571310355,0.8461695942349424,0.690045325682989
Matos Costa,2010,0.38175581160730243,0.7441048490059671,0.5629303303066348
Marema,2010,0.5511718594752575,0.8312656102853868,0.6912187348803221
Bom Jardim da Serra,2010,0.27612293779356695,0.49622495341870115,0.38617394560613405
Tubarão,2010,0.45764952883465604,0.8245807990318991,0.6411151639332775
Maravilha,2010,0.5970258211100776,0.8492086239291742,0.7231172225196258
Turvo,2010,0.37636745039344716,0.7403739100727019,0.5583706802330746
Bocaina do Sul,2011,0.2943137931442904,0.4964686844306696,0.39539123878748
Massaranduba,2011,0.26238692236283234,0.4965652774780889,0.3794760999204606
Blumenau,2011,0.2772490788967105,0.5063619088225342,0.3918054938596224
Timbé do Sul,2011,0.3385947898968522,0.4104151020108532,0.3745049459538527
Lontras,2011,0.3147032567567426,0.5426327583762031,0.42866800756647283
Ascurra,2011,0.2921182306869277,0.4771631761058308,0.38464070339637924
Tigrinhos,2011,0.4425068089641703,0.8603244696169723,0.6514156392905712
Arroio Trinta,2011,0.41517074917546676,0.7415570701737547,0.5783639096746107
Lindóia do Sul,2011,0.41753239205996684,0.7733512527599118,0.5954418224099394
Tijucas,2011,0.36048566280740135,0.7008454963162425,0.5306655795618219
Arvoredo,2011,0.3746265596983568,0.6941537870788137,0.5343901733885852
Leoberto Leal,2011,0.35213583815084926,0.7740395660968199,0.5630877021238345
Treviso,2011,0.3469504236726212,0.5287030815013921,0.43782675258700665
Balneário Arroio do Silva,2011,0.5638763520299023,0.9293073772054748,0.7465918646176886
Treze de Maio,2011,0.3891609865899618,0.6389519481352814,0.5140564673626216
Major Gercino,2011,0.3383394549959632,0.8173641817181422,0.5778518183570527
Balneário Camboriú,2011,0.4492637666525133,0.676195952991921,0.5627298598222171
Macieira,2011,0.3664803376063509,0.757799750407987,0.5621400440071689
Luzerna,2011,0.48191334341501013,0.71920898531247,0.6005611643637401
Timbó,2011,0.2687642904790448,0.4369859235205563,0.35287510699980057
Luiz Alves,2011,0.308805000277038,0.5731727684296073,0.4409888843533226
Três Barras,2011,0.36003787162392126,0.7798964978575231,0.5699671847407222
Atalanta,2011,0.30212823837468494,0.5017183450129598,0.40192329169382235
Mafra,2011,0.35059334219923455,0.7203453813802282,0.5354693617897314
Timbó Grande,2011,0.29594630195032146,0.7608596524911208,0.528402977220721
Aurora,2011,0.31741094898682665,0.5339420590344806,0.4256765040106536
Siderópolis,2011,0.3423765607116315,0.5014056693042966,0.42189111500796406
Laguna,2011,0.40535715638671127,0.95210470496434,0.6787309306755256
Antônio Carlos,2011,0.3361191868078723,0.8830422992957326,0.6095807430518024
Serra Alta,2011,0.4374225836095783,0.8511087645195354,0.6442656740645569
Lajeado Grande,2011,0.4270151875923145,0.8277815109916484,0.6273983492919815
Arabutã,2011,0.39388929871162026,0.7198672499622869,0.5568782743369536
Apiúna,2011,0.3043246241219852,0.5543329771915911,0.42932880065678813
Seara,2011,0.3702497602959841,0.6851921914969311,0.5277209758964576
Lages,2011,0.37068392072041795,0.5007283245197024,0.43570612262006014
Anitápolis,2011,0.3482121787626753,0.8643538101389989,0.6062829944508371
Taió,2011,0.2930099765898505,0.5977858438259707,0.4453979102079106
Lauro Müller,2011,0.3460833136640165,0.5051906910407441,0.42563700235238033
Tangará,2011,0.4618892180246762,0.6884697584414142,0.5751794882330452
Lebon Régis,2011,0.31636284483999993,0.7088643563405972,0.5126136005902986
Armazém,2011,0.38325251039996766,0.6719963789584882,0.527624444679228
Sombrio,2011,0.4325007824622481,0.6442597417029201,0.5383802620825842
Laurentino,2011,0.2840713615768322,0.5126235960449267,0.39834747881087945
Araquari,2011,0.2608915644812735,0.565438757292082,0.41316516088667776
Sul Brasil,2011,0.45104192913038316,0.8599404819045791,0.6554912055174811
Araranguá,2011,0.5139446367797555,0.8006357225410045,0.6572901796603801
Alfredo Wagner,2011,0.3550840111810334,0.7667209716901666,0.5609024914356
São Miguel da Boa Vista,2011,0.45518633452669877,0.8637803590285112,0.659483346777605
Jardinópolis,2011,0.44322226799625913,0.8522607276567152,0.6477414978264872
São Martinho,2011,0.3774152231429865,0.7919856326271113,0.584700427885049
Alto Bela Vista,2011,0.4828172760388283,0.9367559466625677,0.709786611350698
Jaraguá do Sul,2011,0.26553269085140835,0.4259431739153992,0.3457379323834038
São Lourenço do Oeste,2011,0.4345644131739684,0.9674570413746761,0.7010107272743222
Águas Frias,2011,0.428726473003453,0.7831429394259387,0.6059347062146958
São Ludgero,2011,0.3655101680555934,0.4930404600835604,0.42927531406957686
Jaguaruna,2011,0.45032144954101455,1.0,0.7251607247705073
Águas Mornas,2011,0.3468254938986989,0.9553319689150895,0.6510787314068942
José Boiteux,2011,0.3138823627715816,0.5480601763600709,0.4309712695658262
Saudades,2011,0.39998546671845925,0.768952848054317,0.584469157386388
Joinville,2011,0.2321936075929737,0.48417752632648003,0.35818556695972686
Schroeder,2011,0.24271195910674687,0.43852366454810854,0.3406178118274277
Angelina,2011,0.34697078646769963,0.8685605680767047,0.6077656772722022
Lacerdópolis,2011,0.5313848411015432,0.8663874265073205,0.6988861338044319
Anita Garibaldi,2011,0.47032399221056886,0.7250797371555932,0.597701864683081
Jupiá,2011,0.43911326728100714,1.0,0.7195566336405036
São Miguel do Oeste,2011,0.42491414420385454,0.8537006815781895,0.639307412891022
Joaçaba,2011,0.48239712063051376,0.7083982543327846,0.5953976874816491
Anchieta,2011,0.44385596247097725,0.9009311702025538,0.6723935663367655
São Pedro de Alcântara,2011,0.34661727618397636,0.9497524697250789,0.6481848729545276
Itapoá,2011,0.22165419588274976,0.6760572577344773,0.4488557268086135
São José,2011,0.3539047011805484,0.8729128480158702,0.6134087745982093
Itapiranga,2011,0.4655073067069382,0.9193559543480766,0.6924316305275073
Agrolândia,2011,0.2955737995745711,0.5139291542670635,0.4047514769208173
São João do Sul,2011,0.37267562228828327,0.5840139902085667,0.478344806248425
Abdon Batista,2011,0.47953193981205333,0.6842408638512086,0.581886401831631
Itajaí,2011,0.39359285547840106,0.6336206268795607,0.5136067411789809
São Joaquim,2011,0.34145213176424477,0.42442710404695644,0.3829396179056006
Itapema,2011,0.42187325400505404,0.7275698025777183,0.5747215282913862
Abelardo Luz,2011,0.4103647567841574,0.9244984160506865,0.667431586417422
São José do Cerrito,2011,0.41838130277304175,0.5776756320268338,0.4980284673999378
Jaborá,2011,0.45206616563931223,0.7204889443537807,0.5862775549965464
Água Doce,2011,0.3788352833274733,0.7658548956284145,0.5723450894779438
Jacinto Machado,2011,0.3397819779754624,0.38492118312721246,0.3623515805513374
Águas de Chapecó,2011,0.37916406683426573,0.723590669792107,0.5513773683131864
São José do Cedro,2011,0.4301787270617027,0.915196313717961,0.6726875203898318
Ituporanga,2011,0.34857125602079514,0.6414782845681901,0.49502477029449266
Agronômica,2011,0.2962296319563126,0.501487952385524,0.3988587921709183
São Cristóvão do Sul,2011,0.32466051829385556,0.5951169562573997,0.4598887372756276
Irati,2011,0.4373894692399006,0.8951713545166553,0.6662804118782779
São Carlos,2011,0.3735385736126354,0.7188798529875614,0.5462092133000984
São Domingos,2011,0.4534143032629826,0.9611212441201882,0.7072677736915853
Irineópolis,2011,0.31148881528814754,0.8269388712894521,0.5692138432887999
São Bonifácio,2011,0.3682970379324807,0.9542307686845064,0.6612639033084935
Ipumirim,2011,0.3998104611686313,0.7760982417793402,0.5879543514739858
Irani,2011,0.41319725145056474,0.7582402069016148,0.5857187291760897
Iraceminha,2011,0.4234983311304438,0.8237816389875521,0.623639985058998
São João Batista,2011,0.32793851808827157,0.7368766385197805,0.5324075783040261
Itaiópolis,2011,0.33019947698886337,0.6844930053147391,0.5073462411518013
São João do Itaperiú,2011,0.2916391091314038,0.5641024349381614,0.4278707720347826
Itá,2011,0.3929328907092291,0.729695159776242,0.5613140252427355
São João do Oeste,2011,0.44338781166862745,0.8596754153377143,0.6515316135031709
São Francisco do Sul,2011,0.23628838774054606,0.6421319084206905,0.43921014808061826
Santa Helena,2011,0.4299474690403744,0.8228856676586349,0.6264165683495047
Santa Cecília,2011,0.3060997468793064,0.6720380809883052,0.4890689139338058
Imbituba,2011,0.39208658095801124,0.6776204054598226,0.534853493208917
Santa Rosa de Lima,2011,0.3680597068148693,0.8343922451611742,0.6012259759880217
Imbuia,2011,0.36338462867241383,0.7519625659194031,0.5576735972959085
Salto Veloso,2011,0.4121963328132138,0.7478160698857635,0.5800062013494887
Imaruí,2011,0.382621774433059,0.6690226643914019,0.5258222194122304
Sangão,2011,0.4272392351879404,0.8567239863106186,0.6419816107492795
São Bento do Sul,2011,0.29746479957999894,0.5090717097052894,0.40326825464264415
Ipira,2011,0.4962829287870718,0.8895976636052723,0.692940296196172
São Bernardino,2011,0.44271943873804953,0.9378515887491601,0.6902855137436048
Iomerê,2011,0.4302003811172943,0.7288086781222999,0.5795045296197971
Ipuaçu,2011,0.4576623958358434,0.9281573758870484,0.6929098858614459
Iporã do Oeste,2011,0.426443915830019,0.7956225400787176,0.6110332279543683
Santa Terezinha,2011,0.3023670173042362,0.6658762054749386,0.4841216113895874
Santa Rosa do Sul,2011,0.38146793422233893,0.5630139056514312,0.47224091993688505
Santo Amaro da Imperatriz,2011,0.36144600493968715,0.9945224873710053,0.6779842461553462
Santiago do Sul,2011,0.44788899099955126,0.9134299702409522,0.6806594806202517
Santa Terezinha do Progresso,2011,0.4494675855598272,0.8908514927522317,0.6701595391560294
Indaial,2011,0.2814098961027349,0.5095114392234268,0.39546066766308086
Rio Negrinho,2011,0.3389703873484191,0.6073303254295863,0.4731503563890027
Rodeio,2011,0.2881448999755939,0.4698194943923746,0.37898219718398424
Ibicaré,2011,0.4861018849255211,0.7084093309014111,0.5972556079134661
Riqueza,2011,0.41161708953166615,0.8029567053854276,0.6072868974585469
Ibirama,2011,0.30913067374583264,0.4860766660079877,0.3976036698769102
Rio Rufino,2011,0.28214767325711587,0.4484208505327831,0.36528426189494945
Rio Fortuna,2011,0.3651857427796687,0.751179442289054,0.5581825925343613
Herval d'Oeste,2011,0.5204774465522136,0.7749771651704558,0.6477273058613346
Ibiam,2011,0.4963033703026063,0.6900511086346695,0.5931772394686379
Ilhota,2011,0.3370243068984949,0.5851680073882919,0.46109615714339336
Saltinho,2011,0.43625432516580975,0.8980924039002178,0.6671733645330138
Salete,2011,0.2873744330630547,0.6055486224440821,0.4464615277535684
Romelândia,2011,0.4519585064990946,0.8775596104001597,0.6647590584496271
Içara,2011,0.4412753502098107,0.8138764640926267,0.6275759071512187
Rio do Campo,2011,0.2904483802678076,0.6433500794641238,0.4668992298659657
Guabiruba,2011,0.2994615081824113,0.5800370090785912,0.4397492586305013
Guaraciaba,2011,0.42265757512352825,0.8921954497456083,0.6574265124345683
Gravatal,2011,0.38080600569317974,0.5400522088939198,0.4604291072935498
Rio das Antas,2011,0.3680271445375908,0.7300246392115455,0.5490258918745681
Guatambú,2011,0.3271600374789996,0.6964352047547683,0.511797621116884
Rio do Sul,2011,0.2995181478467262,0.4964193145819334,0.3979687312143298
Guarujá do Sul,2011,0.4260610221193839,0.9297302486320436,0.6778956353757137
Rio do Oeste,2011,0.2837145685040909,0.5387347604876641,0.41122466449587747
Rio dos Cedros,2011,0.3087669150760856,0.4968800998368053,0.40282350745644546
Guaramirim,2011,0.24625498204755886,0.4812584266739508,0.3637567043607548
Presidente Getúlio,2011,0.2900706234423777,0.5239512335605259,0.4070109285014518
Garuva,2011,0.2252723249523294,0.5596427393466537,0.39245753214949153
Presidente Castello Branco,2011,0.477415881772005,0.7255120470353151,0.6014639644036601
Garopaba,2011,0.4281202711432135,0.9486285885697412,0.6883744298564773
Rancho Queimado,2011,0.3384011586899902,0.8676593392539967,0.6030302489719934
Grão-Pará,2011,0.35458052555649383,0.6625871720273834,0.5085838487919386
Presidente Nereu,2011,0.3283580159069496,0.6424345371178051,0.4853962765123773
Gaspar,2011,0.30359677129769574,0.5358187158298584,0.41970774356377705
Quilombo,2011,0.44664144236316955,0.8552292480486776,0.6509353452059236
Governador Celso Ramos,2011,0.3767186613678082,0.8345009153487586,0.6056097883582834
Princesa,2011,0.41949959227879186,0.9224152827109533,0.6709574374948726
Porto Belo,2011,0.3960256867748407,0.708986943652133,0.5525063152134868
Faxinal dos Guedes,2011,0.40394811902816175,0.8680042238648363,0.6359761714464991
Flor do Sertão,2011,0.452988056597352,0.8520687338005185,0.6525283951989352
Ponte Alta do Norte,2011,0.3288016625784655,0.6229048670442547,0.47585326481136014
Entre Rios,2011,0.465269185285614,0.8722280887011613,0.6687486369933877
Doutor Pedrinho,2011,0.3372705573711834,0.5522349600602254,0.4447527587157044
Ponte Serrada,2011,0.3905697399947681,0.797871610965592,0.59422067548018
Erval Velho,2011,0.5361723119189183,0.8804309474485857,0.7083016296837521
Ermo,2011,0.44033363728406166,0.6578027129846674,0.5490681751343646
Frei Rogério,2011,0.3964092058016292,0.654699049630412,0.5255541277160206
Pouso Redondo,2011,0.28932826600349093,0.5523663242776234,0.4208472951405572
Praia Grande,2011,0.3226731120528111,0.3987765485520994,0.3607248303024552
Galvão,2011,0.4437341386763073,0.9890974917374072,0.7164158152068573
Formosa do Sul,2011,0.4444914809994779,0.904099068829797,0.6742952749146374
Porto União,2011,0.3067813458109694,0.7841851917881484,0.5454832687995589
Florianópolis,2011,0.42765718475169795,0.9633240596453201,0.695490622198509
Fraiburgo,2011,0.36996230649968054,0.6898750668550035,0.529918686677342
Forquilhinha,2011,0.4377318207468608,0.5614563673110369,0.49959409402894883
Curitibanos,2011,0.38208314037076996,0.6220826815894833,0.5020829109801266
Cunhataí,2011,0.3698542891227274,0.7258327733512526,0.54784353123699
Pinheiro Preto,2011,0.46068290637648646,0.7122972064893928,0.5864900564329396
Balneário Piçarras,2011,0.3893930660328834,0.6492286818115593,0.5193108739222214
Pinhalzinho,2011,0.42608048221868783,0.7962465201113565,0.6111635011650222
Cunha Porã,2011,0.38846533459130256,0.777191129883844,0.5828282322375733
Pomerode,2011,0.2627742798664248,0.4530793303864852,0.357926805126455
Dionísio Cerqueira,2011,0.42353535361694317,0.9399827205529424,0.6817590370849428
Ponte Alta,2011,0.3345895580062279,0.5777776401477733,0.4561835990770006
Dona Emma,2011,0.2885419723887868,0.5552462321205722,0.4218941022546795
Piratuba,2011,0.5137365072009452,1.0,0.7568682536004726
Descanso,2011,0.4243789866363153,0.8267735432466162,0.6255762649414658
Planalto Alegre,2011,0.3579563269308629,0.7011489835914385,0.5295526552611507
Cocal do Sul,2011,0.3891979747286416,0.5471824901603147,0.46819023244447816
Cordilheira Alta,2011,0.37175905439516976,0.6887971584909282,0.530278106443049
Penha,2011,0.4377849625563432,0.6781602299887469,0.557972596272545
Concórdia,2011,0.44454525637511644,0.7179141171182201,0.5812296867466682
Celso Ramos,2011,0.5197868864730513,0.9051992468201208,0.7124930666465861
Paulo Lopes,2011,0.3900688677706517,0.9906442277243592,0.6903565477475054
Caxambu do Sul,2011,0.35473769117702103,0.7309303308611613,0.5428340110190912
Pedras Grandes,2011,0.36040731511732726,0.4497379576103501,0.4050726363638387
Chapecó,2011,0.33102026000114343,0.6761361452980406,0.503578202649592
Chapadão do Lageado,2011,0.3520333741377674,0.6456420568504507,0.49883771549410905
Cerro Negro,2011,0.44276281020812736,0.633121249883345,0.5379420300457362
Petrolândia,2011,0.31975272865858284,0.5058731491790828,0.4128129389188328
Corupá,2011,0.30313575262541187,0.47927152045420285,0.3912036365398074
Criciúma,2011,0.4182138625229312,0.6016557690942826,0.5099348158086069
Correia Pinto,2011,0.37788438141290015,0.5621929189175038,0.47003865016520197
Peritiba,2011,0.4772942060553795,0.8578565115474773,0.6675753588014284
Coronel Freitas,2011,0.4187991827800558,0.7608891060940597,0.5898441444370577
Pescaria Brava,2011,0.3845539732508808,0.7044323497206696,0.5444931614857752
Coronel Martins,2011,0.45048735283951535,0.9576653547086496,0.7040763537740824
Palma Sola,2011,0.44215551610911746,0.9405139035550866,0.691334709832102
Canoinhas,2011,0.3313169623852674,0.8064317941825859,0.5688743782839267
Balneário Rincão,2011,0.5167926966129411,0.9840504206992019,0.7504215586560715
Ouro,2011,0.5082389499447901,0.824347692425931,0.6662933211853606
Campos Novos,2011,0.49874072479478726,0.754799017463808,0.6267698711292976
Palhoça,2011,0.3983429251742154,1.0,0.6991714625871077
Painel,2011,0.30686105113926376,0.47478059649459614,0.39082082381692995
Canelinha,2011,0.33671624869502287,0.6795410675366874,0.5081286581158552
Paial,2011,0.36359352757911956,0.7446489643776659,0.5541212459783927
Ouro Verde,2011,0.42649523596239824,0.9208025343189019,0.6736488851406501
Papanduva,2011,0.3170829592521394,0.7330606396205079,0.5250717994363236
Catanduvas,2011,0.42508222926604544,0.7353364692329846,0.5802093492495151
Passos Maia,2011,0.3823829537830641,0.8263415570701738,0.6043622554266189
Passo de Torres,2011,0.43963870234157654,0.7959767803642485,0.6178077413529125
Paraíso,2011,0.4202831884516019,0.8832066464782217,0.6517449174649118
Capinzal,2011,0.5310133662331784,0.9706029281789187,0.7508081472060486
Palmeira,2011,0.32310124243221644,0.5503311894019393,0.4367162159170779
Capivari de Baixo,2011,0.3751633006949622,0.6795294698363004,0.5273463852656313
Palmitos,2011,0.3825600488475024,0.7502513603775204,0.5664057046125114
Nova Itaberaba,2011,0.3904006946286531,0.7418821811474466,0.5661414378880498
Xavantina,2011,0.38325759506942414,0.7674867131524519,0.575372154110938
Capão Alto,2011,0.39212567024976497,0.5805918939838934,0.4863587821168292
Nova Erechim,2011,0.4151892168773264,0.7641355476624747,0.5896623822699005
Xaxim,2011,0.3851946526849922,0.7450129595852936,0.5651038061351429
Nova Trento,2011,0.32942465372291935,0.7178138327077913,0.5236192432153554
Campo Alegre,2011,0.27724020749505063,0.4763580898744573,0.37679914868475395
Xanxerê,2011,0.4177866383514839,0.8633195737736393,0.6405531060625616
Navegantes,2011,0.40420027091226624,0.6574530445108147,0.5308266577115405
Caibi,2011,0.38873927557854304,0.7787654795046557,0.5837523775415994
Camboriú,2011,0.4002236074080071,0.6752840246393361,0.5377538160236717
Calmon,2011,0.3126537769958596,0.7653204240321454,0.5389871005140026
Orleans,2011,0.3513241363291266,0.5363786813477719,0.44385140883844926
Zortéa,2011,0.5266317039683924,0.9321446412788686,0.7293881726236305
Campo Erê,2011,0.43055626918796663,0.9299721608908518,0.6802642150394091
Otacílio Costa,2011,0.2925833209347072,0.531003807878148,0.4117935644064276
Novo Horizonte,2011,0.4403073274285073,0.9609772487280408,0.7006422880782741
Nova Veneza,2011,0.3824557193706428,0.5109340501103965,0.44669488474051966
Campo Belo do Sul,2011,0.4209982251029034,0.5765925015050789,0.49879536330399116
Vargeão,2011,0.4002950706157471,0.8637803590285109,0.632037714822129
Modelo,2011,0.4228509150105073,0.8071421714505136,0.6149965432305105
Vidal Ramos,2011,0.3460250886873918,0.7125231743166078,0.5292741315019998
Mondaí,2011,0.4376171330118936,0.8484033355108944,0.643010234261394
Botuverá,2011,0.3178720904601418,0.6580179739285645,0.48794503219435315
Vargem Bonita,2011,0.3921376566513882,0.7582544726989787,0.5751960646751835
Braço do Norte,2011,0.3694796218863658,0.6206702848034893,0.49507495334492757
Vargem,2011,0.45158554967631437,0.618446092077995,0.5350158208771547
Urussanga,2011,0.36967034006760424,0.5326732401706004,0.4511717901191023
Meleiro,2011,0.446018384928863,0.6482726818583562,0.5471455333936096
Urupema,2011,0.28129150854964957,0.4373380051838341,0.35931475686674186
Bom Retiro,2011,0.32007965972883334,0.6028440916240249,0.4614618756764291
Bom Jesus do Oeste,2011,0.4359307487158637,0.8478448689641931,0.6418878088400284
Mirim Doce,2011,0.30247513033283835,0.5991016708517958,0.45078840059231706
Vitor Meireles,2011,0.2964083231999425,0.5970402631326324,0.4467242931662874
Caçador,2011,0.32957463683703436,0.7516713065181916,0.540622971677613
Morro Grande,2011,0.36153972768633924,0.45557399306079355,0.4085568603735664
Witmarsum,2011,0.2901850096950146,0.5744456177402323,0.43231531371762344
Morro da Fumaça,2011,0.3940598829037526,0.643088029366385,0.5185739561350688
Monte Carlo,2011,0.42148851606664717,0.6645547342485042,0.5430216251575757
Brunópolis,2011,0.43689073610120066,0.6306358196537712,0.5337632778774859
Braço do Trombudo,2011,0.2892413592617379,0.536046846500912,0.41264410288132497
Videira,2011,0.4081643209835811,0.7158743551785292,0.5620193380810551
Monte Castelo,2011,0.295926458056806,0.7198261084216737,0.5078762832392398
Brusque,2011,0.32778841734917064,0.6192999702219861,0.4735441937855784
Trombudo Central,2011,0.28957952274551474,0.5193433810118079,0.40446145187866134
Maracajá,2011,0.49086993174537785,0.7156056597818556,0.6032377957636168
Benedito Novo,2011,0.31608946442940355,0.4865730612409879,0.4013312628351957
Biguaçu,2011,0.34638380643853645,0.8152395431100883,0.5808116747743124
Major Vieira,2011,0.3104465786289077,0.7688763190347141,0.5396614488318109
Barra Velha,2011,0.3571816130497835,0.6248116784642946,0.49099664575703905
Barra Bonita,2011,0.4461362209275784,0.8773159258903711,0.6617260734089747
Bandeirante,2011,0.4221804112098143,0.8602421865357449,0.6412112988727796
Balneário Gaivota,2011,0.4896323489334184,0.8411379391482187,0.6653851440408185
Balneário Barra do Sul,2011,0.28722046831630527,0.5972825337924268,0.44225150105436606
Treze Tílias,2011,0.44333882073354236,0.7331765383507728,0.5882576795421576
Belmonte,2011,0.4247902610414625,0.8410290870692138,0.6329096740553382
Bela Vista do Toldo,2011,0.3084196427851086,0.7872542561396658,0.5478369494623871
União do Oeste,2011,0.4371125156795682,0.8102140731496592,0.6236632944146137
Bombinhas,2011,0.4380909180385895,0.7537608988222333,0.5959259084304114
Urubici,2011,0.28956338539002463,0.5709284097142513,0.43024589755213793
Bom Jesus,2011,0.45053632232303525,0.9165786694825763,0.6835574959028058
Tunápolis,2011,0.44114722316228616,0.8169612858102829,0.6290542544862845
Matos Costa,2011,0.3215059332207315,0.7825669578573486,0.5520364455390401
Marema,2011,0.44644484463946577,0.8205817413842755,0.6335132930118706
Bom Jardim da Serra,2011,0.29089188547777634,0.4722031143910501,0.3815474999344132
Tubarão,2011,0.3789327703571058,0.6226113043393393,0.5007720373482225
Maravilha,2011,0.4274454487317595,0.8237816389875521,0.6256135438596557
Turvo,2011,0.4102981108551455,0.5906313645621183,0.5004647377086319
Bocaina do Sul,2012,0.28888511656671756,0.5083985179086045,0.398641817237661
Massaranduba,2012,0.2100620443888243,0.30931796349663765,0.259690003942731
Blumenau,2012,0.19232357605841488,0.3458640196392359,0.26909379784882537
Timbé do Sul,2012,0.34695194531768514,0.5235133935729771,0.4352326694453311
Lontras,2012,0.27857291997158923,0.45323552528163474,0.365904222626612
Ascurra,2012,0.24953676693672805,0.4188280499519692,0.33418240844434866
Tigrinhos,2012,0.6914395056137417,0.8778097982708932,0.7846246519423175
Arroio Trinta,2012,0.46458883204616824,0.7423631123919308,0.6034759722190495
Lindóia do Sul,2012,0.5727877745895544,0.7909061799551713,0.6818469772723629
Tijucas,2012,0.26578018303379936,0.47945248148143976,0.3726163322576196
Arvoredo,2012,0.6098064922316764,0.8205105083885936,0.7151585003101351
Leoberto Leal,2012,0.24943775811772873,0.36541786743515875,0.3074278127764437
Treviso,2012,0.38727642546979657,0.6236311239193082,0.5054537746945524
Balneário Arroio do Silva,2012,0.4337936534246126,0.6992797264105273,0.5665366899175699
Treze de Maio,2012,0.4328956969134573,0.6772318780584972,0.5550637874859772
Major Gercino,2012,0.23658302425083932,0.36182173752771896,0.29920238088927914
Balneário Camboriú,2012,0.30467497291438916,0.49007112264756797,0.3973730477809786
Macieira,2012,0.4323882532756099,0.7484561547962122,0.5904222040359111
Luzerna,2012,0.5150807176548314,0.7362151777137367,0.625647947684284
Timbó,2012,0.2052554235179296,0.382324687800192,0.2937900556590608
Luiz Alves,2012,0.2289530132127059,0.30761630300535175,0.2682846581090288
Três Barras,2012,0.4074142652272693,0.7758973015457167,0.591655783386493
Atalanta,2012,0.2927440453659693,0.49913544668587895,0.39593974602592413
Mafra,2012,0.36467901129716984,0.7199470363735496,0.5423130238353597
Timbó Grande,2012,0.37282259953361807,0.7483069164265129,0.5605647579800654
Aurora,2012,0.2830051442636387,0.4673198847262247,0.3751625144949317
Siderópolis,2012,0.3812207678987075,0.6005763688760806,0.49089856838739404
Laguna,2012,0.4049354642072993,1.0,0.7024677321036497
Antônio Carlos,2012,0.25348360885656124,0.4638149838503747,0.358649296353468
Serra Alta,2012,0.695179033033286,0.8709353015447591,0.7830571672890225
Lajeado Grande,2012,0.6719844879188555,0.9456043711997091,0.8087944295592823
Arabutã,2012,0.5876202958393207,0.8061114974088585,0.6968658966240896
Apiúna,2012,0.241707708107104,0.4144092219020172,0.3280584650045606
Seara,2012,0.587715211904043,0.8277920556003548,0.7077536337521989
Lages,2012,0.38218072060020253,0.5311782149271186,0.45667946776366053
Anitápolis,2012,0.30502797181868446,0.4855226936431068,0.39527533273089566
Taió,2012,0.3045617573955559,0.6030687748266998,0.4538152661111279
Lauro Müller,2012,0.3514489915487967,0.5832853025936598,0.4673671470712283
Tangará,2012,0.48171475841128625,0.7031700288184439,0.5924423936148651
Lebon Régis,2012,0.3684933159744237,0.7110317002881844,0.539762508131304
Armazém,2012,0.37171379453897413,0.6282389732984026,0.49997638391868837
Sombrio,2012,0.3724954800451623,0.5837194460481459,0.4781074630466541
Laurentino,2012,0.31017224214485417,0.5121998078770411,0.41118602501094764
Araquari,2012,0.2318631780441444,0.36081444965338255,0.2963388138487635
Sul Brasil,2012,0.7077813219146011,0.8873714197792747,0.7975763708469379
Araranguá,2012,0.44234614882625345,0.6522652038274875,0.5473056763268704
Alfredo Wagner,2012,0.2837496000351128,0.3802717167558665,0.33201065839548966
São Miguel da Boa Vista,2012,0.6882975390533297,0.8858789625360227,0.7870882507946761
Jardinópolis,2012,0.7145352097790777,0.9249783569006946,0.8197567833398862
São Martinho,2012,0.33674964426458415,0.6481332992285654,0.4924414717465748
Alto Bela Vista,2012,0.575084511006452,0.9588937942717245,0.7669891526390882
Jaraguá do Sul,2012,0.21272958817185103,0.36044917022756623,0.2865893791997086
São Lourenço do Oeste,2012,0.6984832352597066,0.9674671789945567,0.8329752071271317
Águas Frias,2012,0.6982340129811567,0.9077813810747621,0.8030076970279594
São Ludgero,2012,0.37600144933281454,0.5401233832249172,0.45806241627886585
Jaguaruna,2012,0.45632393614927824,0.8912220873871723,0.6737730117682252
Águas Mornas,2012,0.29075866401702827,0.49873007411545045,0.39474436906623933
José Boiteux,2012,0.2930476927662212,0.5418965280636749,0.4174721104149481
Saudades,2012,0.6750199845356321,0.9072560931552768,0.7911380388454544
Joinville,2012,0.21361738588748339,0.36612247202296905,0.28986992895522623
Schroeder,2012,0.20826555104636135,0.303242789412952,0.2557541702296567
Angelina,2012,0.2588831136483947,0.39057157106249474,0.32472734235544476
Lacerdópolis,2012,0.5595864561104811,0.801894728292714,0.6807405922015975
Anita Garibaldi,2012,0.479430970238817,0.6812580856630678,0.5803445279509424
Jupiá,2012,0.6977386078722548,1.0,0.8488693039361275
São Miguel do Oeste,2012,0.6679886843099343,0.8886600569694789,0.7783243706397066
Joaçaba,2012,0.5312823159792768,0.7346486366659278,0.6329654763226022
Anchieta,2012,0.6885271132373123,0.9117195004803071,0.8001233068588097
São Pedro de Alcântara,2012,0.269420493648657,0.49830889387794547,0.38386469376330123
Itapoá,2012,0.23098812437995422,0.4919611822679482,0.36147465332395123
São José,2012,0.2767805126260455,0.6009585537337213,0.4388695331798834
Itapiranga,2012,0.6161213764784428,0.9999582301172455,0.8080398032978442
Agrolândia,2012,0.2895640173872509,0.5160806916426511,0.402822354514951
São João do Sul,2012,0.32772622895642567,0.5581407367193606,0.44293348283789313
Abdon Batista,2012,0.49109597079646844,0.6668387740539411,0.5789673724252048
Itajaí,2012,0.2652467941643393,0.40132788928255503,0.33328734172344715
São Joaquim,2012,0.35879847226831324,0.485348442382248,0.4220734573252806
Itapema,2012,0.2858013006325233,0.49764566150454603,0.39172348106853466
Abelardo Luz,2012,0.5927820525675662,0.9653988616555917,0.779090457111579
São José do Cerrito,2012,0.4375410725220147,0.6116742950782619,0.5246076838001383
Jaborá,2012,0.5473925382058809,0.7464617355107268,0.6469271368583038
Água Doce,2012,0.44567149753153834,0.7577616241558779,0.6017165608437081
Jacinto Machado,2012,0.33166142303443746,0.5036178053439998,0.41763961418921863
Águas de Chapecó,2012,0.6542652610701805,0.960945159624767,0.8076052103474738
São José do Cedro,2012,0.6754953648550424,0.9262632084534098,0.800879286654226
Ituporanga,2012,0.276361977057033,0.442226603973912,0.3592942905154725
Agronômica,2012,0.29886324233600936,0.49999999999999967,0.3994316211680045
São Cristóvão do Sul,2012,0.3239772220009588,0.611591418507845,0.4677843202544019
Irati,2012,0.7163731371809834,0.9258917311854139,0.8211324341831987
São Carlos,2012,0.6577458699305923,0.9597053234223787,0.8087255966764855
São Domingos,2012,0.6976114406002705,0.9755548324139095,0.8365831365070899
Irineópolis,2012,0.40365884995645884,0.8136620770626534,0.608660463509556
São Bonifácio,2012,0.3083887386411231,0.5851556902407284,0.44677221444092574
Ipumirim,2012,0.5886051096549278,0.7977831966304588,0.6931941531426933
Irani,2012,0.5424787411559095,0.7737582641125613,0.6581185026342354
Iraceminha,2012,0.6564053346163644,0.9173652486178229,0.7868852916170936
São João Batista,2012,0.2360069248334148,0.4199892052785142,0.3279980650559645
Itaiópolis,2012,0.3527431126776807,0.6804296567985328,0.5165863847381068
São João do Itaperiú,2012,0.23614990861542398,0.31455905484764096,0.2753544817315325
Itá,2012,0.5904048783983151,0.926886129829746,0.7586455041140305
São João do Oeste,2012,0.6077620823292557,0.9898901413407745,0.7988261118350151
São Francisco do Sul,2012,0.24300546372607013,0.4747994681337992,0.3589024659299347
Santa Helena,2012,0.6300374103583534,0.9712019863899797,0.8006196983741665
Santa Cecília,2012,0.33654832030136855,0.6775116764384379,0.5070299983699033
Imbituba,2012,0.3298299051816687,0.8962898055501635,0.6130598553659161
Santa Rosa de Lima,2012,0.32903928697488416,0.5425223261114958,0.43578080654318996
Imbuia,2012,0.262313814098685,0.4017291066282422,0.3320214603634636
Salto Veloso,2012,0.4514637884860986,0.7450528338136408,0.5982583111498697
Imaruí,2012,0.3425070136374875,0.797873234377385,0.5701901240074363
Sangão,2012,0.4470608473792014,0.7630336572569045,0.605047252318053
São Bento do Sul,2012,0.2696529443259902,0.49433237271853997,0.38199265852226505
Ipira,2012,0.5648074729624866,0.922346693894442,0.7435770834284643
São Bernardino,2012,0.697155249021138,0.9387896253602303,0.8179724371906841
Iomerê,2012,0.48076911405872436,0.7348703170028817,0.607819715530803
Ipuaçu,2012,0.6815083083260481,1.0,0.8407541541630241
Iporã do Oeste,2012,0.6183184901868465,0.9878789988377914,0.803098744512319
Santa Terezinha,2012,0.33213345351681256,0.662606121972116,0.4973697877444643
Santa Rosa do Sul,2012,0.34097685206989453,0.5412797856370273,0.44112831885346093
Santo Amaro da Imperatriz,2012,0.2865444733200845,0.5576235542436551,0.42208401378186977
Santiago do Sul,2012,0.7200173489267756,0.9633286291950066,0.8416729890608912
Santa Terezinha do Progresso,2012,0.6921873786913675,0.9002881844380404,0.7962377815647039
Indaial,2012,0.1998813525379643,0.3784123657322504,0.28914685913510735
Rio Negrinho,2012,0.32056977131347414,0.599515850144092,0.46004281072878306
Rodeio,2012,0.23285877763408908,0.41171950048030687,0.32228913905719797
Ibicaré,2012,0.5125558416994938,0.7253602305475503,0.6189580361235221
Riqueza,2012,0.6446186786118423,0.9788597982282606,0.8117392384200515
Ibirama,2012,0.2817512272691732,0.47155207904487456,0.37665165315702387
Rio Rufino,2012,0.27616517463193635,0.4600192122958691,0.36809219346390276
Rio Fortuna,2012,0.3253048182374766,0.5312993227094546,0.4283020704734656
Herval d'Oeste,2012,0.5322409205570808,0.7174462425182887,0.6248435815376847
Ibiam,2012,0.4970709014524959,0.700518731988473,0.5987948167204844
Ilhota,2012,0.2314659705703478,0.33050638122684217,0.280986175898595
Saltinho,2012,0.7017506958337132,0.9029230135858376,0.8023368547097753
Salete,2012,0.2941708038526937,0.6099263528658343,0.452048578359264
Romelândia,2012,0.6856508367387865,0.8981600532032806,0.7919054449710335
Içara,2012,0.4846042118176338,0.7052657455738476,0.5949349786957407
Rio do Campo,2012,0.31161760130863575,0.6463443270359696,0.4789809641723026
Guabiruba,2012,0.20510695159459486,0.33832853025936604,0.2717177409269804
Guaraciaba,2012,0.6734561007096018,0.912327889849503,0.7928919952795523
Gravatal,2012,0.4010435738254747,0.6718384349807894,0.536441004403132
Rio das Antas,2012,0.4261737171442995,0.7313480627601663,0.578760889952233
Guatambú,2012,0.5987038789219752,0.9016164557867723,0.7501601673543737
Rio do Sul,2012,0.29132098409211604,0.48899135446685865,0.3901561692794874
Guarujá do Sul,2012,0.6614342601576289,0.9354466858789623,0.7984404730182956
Rio do Oeste,2012,0.30972050143998464,0.5413064361191161,0.4255134687795504
Rio dos Cedros,2012,0.24996548655273892,0.4779091722150453,0.3639373293838921
Guaramirim,2012,0.21045998014864692,0.2886177511011614,0.24953886562490415
Presidente Getúlio,2012,0.2969277582262688,0.5239833493435797,0.41045555378492427
Garuva,2012,0.2129777169260501,0.44272611231484843,0.32785191462044927
Presidente Castello Branco,2012,0.5618529464772383,0.8256339449913848,0.6937434457343115
Garopaba,2012,0.32800297685475077,0.862225743105396,0.5951143599800734
Rancho Queimado,2012,0.279270407569143,0.41270342442670777,0.3459869159979254
Grão-Pará,2012,0.32171240599108547,0.49111871434045196,0.40641556016576874
Presidente Nereu,2012,0.24650630511174823,0.40547550432276647,0.32599090471725733
Gaspar,2012,0.20897260424587172,0.3370934540963363,0.273033029171104
Quilombo,2012,0.7242091724459601,0.9511744353764744,0.8376918039112172
Governador Celso Ramos,2012,0.2830369260829308,0.5754479990675624,0.42924246257524656
Princesa,2012,0.6584476190006322,0.9297982708933717,0.794122944947002
Porto Belo,2012,0.28444703770891977,0.49352981022156245,0.38898842396524114
Faxinal dos Guedes,2012,0.5950424901372607,0.9045991268593606,0.7498208084983107
Flor do Sertão,2012,0.68033052621623,0.9002860076694145,0.7903082669428223
Ponte Alta do Norte,2012,0.3397920872984738,0.6397118155619593,0.48975195143021655
Entre Rios,2012,0.7070986408087785,0.9411141369250724,0.8241063888669254
Doutor Pedrinho,2012,0.2891163300389431,0.5366904292431366,0.41290337964103985
Ponte Serrada,2012,0.507172840404882,0.797200494030465,0.6521866672176735
Erval Velho,2012,0.5387945820988934,0.7700989872385623,0.6544467846687279
Ermo,2012,0.39018252308773976,0.5890539701693419,0.4896182466285408
Frei Rogério,2012,0.4307299983471541,0.681556195965418,0.5561430971562861
Pouso Redondo,2012,0.2975765027755052,0.5576048671149534,0.4275906849452293
Praia Grande,2012,0.30773008045278005,0.5083232071113808,0.4080266437820804
Galvão,2012,0.7045179754723776,0.9895430218196789,0.8470304986460282
Formosa do Sul,2012,0.7272900901994834,0.9520080294076837,0.8396490598035835
Porto União,2012,0.3981311518797541,0.7679978043090434,0.5830644780943988
Florianópolis,2012,0.30238644767189804,0.6982655634689979,0.5003260055704479
Fraiburgo,2012,0.4113612683249619,0.7035405516673527,0.5574509099961573
Forquilhinha,2012,0.471950563186187,0.6515850316851632,0.5617677974356752
Curitibanos,2012,0.3978794679744332,0.6484488896423123,0.5231641788083727
Cunhataí,2012,0.6491981330720904,0.9391087931404569,0.7941534631062737
Pinheiro Preto,2012,0.4956983919101259,0.7244956772334298,0.6100970345717778
Balneário Piçarras,2012,0.27659067660382114,0.3705082847379203,0.32354948067087075
Pinhalzinho,2012,0.6912776982611915,0.8742958584000974,0.7827867783306444
Cunha Porã,2012,0.6533269366857618,0.8960626084131504,0.7746947725494562
Pomerode,2012,0.1944978279872423,0.3626320845341018,0.278564956260672
Dionísio Cerqueira,2012,0.6475728247288401,0.9429971181556194,0.7952849714422298
Ponte Alta,2012,0.3310229986063472,0.5965603792879056,0.4637916889471264
Dona Emma,2012,0.2934205965150325,0.558693563880884,0.42605708019795824
Piratuba,2012,0.5620647981908116,0.969774848729209,0.7659198234600103
Descanso,2012,0.6459977010155399,0.9457919743811383,0.795894837698339
Planalto Alegre,2012,0.6373400156641962,0.9332378040644412,0.7852889098643188
Cocal do Sul,2012,0.45453014384188417,0.6605187319884726,0.5575244379151784
Cordilheira Alta,2012,0.6324162221638627,0.8681588597715062,0.7502875409676845
Penha,2012,0.30060472206200883,0.4468911842691146,0.37374795316556175
Concórdia,2012,0.5742616963520248,0.8595824981492944,0.7169220972506596
Celso Ramos,2012,0.508373572053528,0.7653460808827368,0.6368598264681324
Paulo Lopes,2012,0.30974712070866295,0.6978956797843531,0.503821400246508
Caxambu do Sul,2012,0.6195283374972808,0.9493424144152505,0.7844353759562657
Pedras Grandes,2012,0.41615843071019826,0.5666529435981882,0.4914056871541932
Chapecó,2012,0.5861268419493432,0.8666928959028068,0.726409868926075
Chapadão do Lageado,2012,0.27269234194701103,0.44314532729518313,0.3579188346210971
Cerro Negro,2012,0.4622307093576819,0.6449593116588526,0.5535950105082672
Petrolândia,2012,0.2816075164955274,0.4767211015049633,0.37916430900024534
Corupá,2012,0.2540238833338065,0.4603266090297791,0.3571752461817928
Criciúma,2012,0.46730732259700014,0.6164265129682994,0.5418669177826498
Correia Pinto,2012,0.3748513506694302,0.5911448781765783,0.4829981144230043
Peritiba,2012,0.5655643182628829,0.917458070579499,0.741511194421191
Coronel Freitas,2012,0.6913194236116613,0.9008513777996237,0.7960854007056425
Pescaria Brava,2012,0.39688166739364694,0.8602153667187491,0.628548517056198
Coronel Martins,2012,0.7188054616055403,0.9627665706051868,0.8407860161053635
Palma Sola,2012,0.6620085204911215,0.9429394812680115,0.8024740008795666
Canoinhas,2012,0.4130651171759742,0.7986167146974062,0.6058409159366902
Balneário Rincão,2012,0.5005867906485486,0.7854990976845744,0.6430429441665615
Ouro,2012,0.5563158498197667,0.8372598956913204,0.6967878727555435
Campos Novos,2012,0.5026268304029438,0.6928205797761412,0.5977237050895425
Palhoça,2012,0.29979787193248236,0.6965150457748585,0.49815645885367044
Painel,2012,0.30837998550696333,0.49546488700136515,0.40192243625416424
Canelinha,2012,0.23907792975376052,0.4100270644387004,0.32455249709623046
Paial,2012,0.5806853129655052,0.8738085431012976,0.7272469280334014
Ouro Verde,2012,0.6122434542701878,0.9659601355545714,0.7891017949123795
Papanduva,2012,0.37188714185065347,0.7275462149434173,0.5497166783970354
Catanduvas,2012,0.5145742378687533,0.7505370709981659,0.6325556544334596
Passos Maia,2012,0.48558830376480133,0.8144860710854948,0.650037187425148
Passo de Torres,2012,0.3611281062059911,0.6526932786636881,0.5069106924348397
Paraíso,2012,0.6666148067378296,0.9115011789363373,0.7890579928370834
Capinzal,2012,0.5502913286383644,0.9137783428130523,0.7320348357257083
Palmeira,2012,0.3209939067440529,0.5700672430355428,0.44553057488979786
Capivari de Baixo,2012,0.41917757163663405,0.8351168280262937,0.6271471998314639
Palmitos,2012,0.6381314131423984,0.9687544178215722,0.8034429154819853
Nova Itaberaba,2012,0.6690495570443054,0.9270651436129789,0.7980573503286421
Xavantina,2012,0.6058482625422099,0.8374952871186179,0.7216717748304139
Capão Alto,2012,0.415209049251811,0.5406669411280364,0.4779379951899237
Nova Erechim,2012,0.6903563621608947,0.9217046753261818,0.8060305187435383
Xaxim,2012,0.6376173952380955,0.8927892005823173,0.7652032979102064
Nova Trento,2012,0.22433185914151507,0.3493034963025318,0.28681767772202343
Campo Alegre,2012,0.26040389158304694,0.45913117728679675,0.3597675344349218
Xanxerê,2012,0.6422104978516561,0.96053161322701,0.801371055539333
Navegantes,2012,0.2802215725713467,0.39720031881300477,0.33871094569217575
Caibi,2012,0.644966366076736,0.9747663497183432,0.8098663578975396
Camboriú,2012,0.2679990872163046,0.4314270338272983,0.34971306052180146
Calmon,2012,0.39640631949333077,0.7504981473857556,0.5734522334395432
Orleans,2012,0.3393127074686659,0.5379827089337176,0.4386477082011917
Zortéa,2012,0.5435415000822896,0.8876065277044547,0.7155740138933722
Campo Erê,2012,0.6806556736714445,0.9311815561959653,0.805918614933705
Otacílio Costa,2012,0.29193845192557333,0.5404803073967337,0.4162093796611535
Novo Horizonte,2012,0.717489919817025,0.9625360230547552,0.8400129714358902
Nova Veneza,2012,0.41909777072182164,0.6241690682036505,0.5216334194627361
Campo Belo do Sul,2012,0.44125952706691035,0.6034465310047913,0.5223530290358508
Vargeão,2012,0.5551517746769975,0.8604226705091261,0.7077872225930618
Modelo,2012,0.6830025165900487,0.8490482848241893,0.766025400707119
Vidal Ramos,2012,0.2502801502225245,0.3975664425232146,0.32392329637286954
Mondaí,2012,0.6243186257526663,1.0,0.8121593128763331
Botuverá,2012,0.21410667869969308,0.3471661863592699,0.28063643252948145
Vargem Bonita,2012,0.4881883837573557,0.7638404368269378,0.6260144102921468
Braço do Norte,2012,0.353132531887584,0.5510586682695532,0.4520956000785686
Vargem,2012,0.4824754721927006,0.6424817765723002,0.5624786243825004
Urussanga,2012,0.42511715795535054,0.647179909427748,0.5361485336915492
Meleiro,2012,0.4395445523923606,0.6130484472626222,0.5262964998274914
Urupema,2012,0.2882520540438325,0.4550432276657061,0.3716476408547693
Bom Retiro,2012,0.26894026903360535,0.4334698417513524,0.35120505539247887
Bom Jesus do Oeste,2012,0.6861406343112653,0.8599423631123918,0.7730414987118286
Mirim Doce,2012,0.3066347567357511,0.606400728044896,0.4565177423903235
Vitor Meireles,2012,0.3066417516595308,0.5983922341877749,0.4525169929236528
Caçador,2012,0.4065700819062676,0.7430086455331414,0.5747893637197045
Morro Grande,2012,0.3626095616567543,0.5508439687114038,0.45672676518407906
Witmarsum,2012,0.29901094244127807,0.5771373679154658,0.4380741551783719
Morro da Fumaça,2012,0.4643311058339309,0.6487965729409129,0.5565638393874219
Monte Carlo,2012,0.4490049759683188,0.6829330771693884,0.5659690265688536
Brunópolis,2012,0.45766581017283714,0.6579570925392252,0.5578114513560312
Braço do Trombudo,2012,0.29965764565313646,0.5400576368876077,0.41985764127037206
Videira,2012,0.45849572266385796,0.7224632185651448,0.5904794706145013
Monte Castelo,2012,0.3500865692940974,0.7131741457389871,0.5316303575165422
Brusque,2012,0.21701761364091327,0.32572046109510083,0.27136903736800705
Trombudo Central,2012,0.30053285321819245,0.5195965417867433,0.4100646975024679
Maracajá,2012,0.4655539477569035,0.6679526375940547,0.566753292675479
Benedito Novo,2012,0.25564576025279706,0.4700136508418023,0.36282970554729965
Biguaçu,2012,0.26153122043521926,0.5186471610274513,0.3900891907313353
Major Vieira,2012,0.3825809484319662,0.7571270228330748,0.5698539856325204
Barra Velha,2012,0.2671026989356635,0.3510959230038712,0.3090993109697674
Barra Bonita,2012,0.6814884626594062,0.9028818443804033,0.7921851535199047
Bandeirante,2012,0.6624100423126996,0.9275624041219578,0.7949862232173287
Balneário Gaivota,2012,0.3884828764146739,0.6694817958401743,0.5289823361274241
Balneário Barra do Sul,2012,0.25723419428132577,0.41658321111649693,0.3369087026989114
Treze Tílias,2012,0.4818203400936275,0.7386167146974062,0.6102185273955169
Belmonte,2012,0.6430565645970974,0.9465577555649666,0.794807160081032
Bela Vista do Toldo,2012,0.3923111721554478,0.7770247441120937,0.5846679581337707
União do Oeste,2012,0.7084547348688414,0.9097973687680442,0.8091260518184428
Bombinhas,2012,0.31193797435036735,0.563097657157695,0.43751781575403115
Urubici,2012,0.2721331142279564,0.4132456092654017,0.3426893617466791
Bom Jesus,2012,0.6539988808001647,0.9939628356502846,0.8239808582252246
Tunápolis,2012,0.6136459556369317,0.9888248988282055,0.8012354272325686
Matos Costa,2012,0.40414432169213343,0.7636887608069166,0.5839165412495251
Marema,2012,0.7050947227373116,0.9180055292279831,0.8115501259826473
Bom Jardim da Serra,2012,0.27056004438005204,0.4209523129494894,0.3457561786647707
Tubarão,2012,0.4243039753669711,0.7282844599705044,0.5762942176687378
Maravilha,2012,0.6787581882960394,0.8527611632912345,0.7657596757936369
Turvo,2012,0.3931301850372503,0.5261206801529241,0.4596254325950872
Bocaina do Sul,2013,0.31127585403263636,0.5454531812725087,0.42836451765257255
Massaranduba,2013,0.18812546585571743,0.35126050420168076,0.2696929850286991
Blumenau,2013,0.191187647459872,0.38309990662931803,0.28714377704459504
Timbé do Sul,2013,0.38743801218554136,0.5015818091942661,0.44450991068990375
Lontras,2013,0.30292481488034106,0.49052711993888415,0.39672596740961263
Ascurra,2013,0.2353807233390729,0.45168067226890746,0.34353069780399015
Tigrinhos,2013,0.4089595974474838,0.8695378151260498,0.6392487062867668
Arroio Trinta,2013,0.41507720876681387,0.7632773109243697,0.5891772598455918
Lindóia do Sul,2013,0.49352547475606934,0.9331835505862348,0.713354512671152
Tijucas,2013,0.2440549485112331,0.33970346929247375,0.2918792089018534
Arvoredo,2013,0.3777179646579485,0.7113445378151259,0.5445312512365372
Leoberto Leal,2013,0.27870593048057485,0.39655889578875764,0.33763241313466624
Treviso,2013,0.42639748310308084,0.6418592436974786,0.5341283634002797
Balneário Arroio do Silva,2013,0.5554851819316534,0.9223589435774309,0.7389220627545421
Treze de Maio,2013,0.5350816943536683,0.7322442707420243,0.6336629825478463
Major Gercino,2013,0.24212619450278497,0.3268060291006608,0.2844661118017229
Balneário Camboriú,2013,0.25728423373410536,0.4379304523433847,0.347607343038745
Macieira,2013,0.40731735258637347,0.7733793517406962,0.5903483521635349
Luzerna,2013,0.48186160703251146,0.8188655056462961,0.6503635563394038
Timbó,2013,0.19580416293855565,0.4180672268907561,0.3069356949146559
Luiz Alves,2013,0.19973897669372936,0.35264105642256893,0.2761900165581491
Três Barras,2013,0.4199784613311738,0.8180863254392661,0.61903239338522
Atalanta,2013,0.3505428035905035,0.5442016806722687,0.4473722421313861
Mafra,2013,0.38557600709906914,0.7662446059504878,0.5759103065247785
Timbó Grande,2013,0.303486094873915,0.7859112394957978,0.5446986671848564
Aurora,2013,0.34208888084627365,0.5087815126050421,0.4254351967256579
Siderópolis,2013,0.43041329779812665,0.6132052821128451,0.5218092899554858
Laguna,2013,0.5432590875872858,1.0,0.7716295437936429
Antônio Carlos,2013,0.23186426322186673,0.3071845030387672,0.26952438313031696
Serra Alta,2013,0.4075466196904901,0.8565126050420165,0.6320296123662533
Lajeado Grande,2013,0.42584752724265373,0.8380252100840335,0.6319363686633437
Arabutã,2013,0.4364672666079208,0.7675770136015518,0.6020221401047363
Apiúna,2013,0.25922717290334474,0.4472689075630251,0.3532480402331849
Seara,2013,0.4008919170366152,0.7203921301529309,0.5606420235947731
Lages,2013,0.37021653214440786,0.547396784800877,0.4588066584726424
Anitápolis,2013,0.2956402824724703,0.4121378580013586,0.35388907023691446
Taió,2013,0.29748703971984913,0.643720190779014,0.47060361524943156
Lauro Müller,2013,0.4174479852502839,0.6052821128451377,0.5113650490477109
Tangará,2013,0.4309813957350572,0.7167846085802739,0.5738830021576655
Lebon Régis,2013,0.31719533307715475,0.7391260504201678,0.5281606917486612
Armazém,2013,0.41913357986872923,0.5677141293237119,0.49342385459622057
Sombrio,2013,0.44752959067433973,0.7760204081632652,0.6117749994188024
Laurentino,2013,0.3560529072470512,0.549159663865546,0.4526062855562986
Araquari,2013,0.18414470218026158,0.21843009931245239,0.20128740074635698
Sul Brasil,2013,0.40443033165504266,0.8642857142857138,0.6343580229703782
Araranguá,2013,0.5451532172676458,0.8918243768095473,0.7184887970385965
Alfredo Wagner,2013,0.3173263663697369,0.44037889078418585,0.37885262857696134
São Miguel da Boa Vista,2013,0.42032349032268657,0.8771008403361334,0.64871216532941
Jardinópolis,2013,0.4221733982418201,0.8550420168067221,0.6386077075242711
São Martinho,2013,0.3493807213154135,0.573159551032693,0.4612701361740532
Alto Bela Vista,2013,0.461195048263746,0.6831090122060333,0.5721520302348897
Jaraguá do Sul,2013,0.1775601727885333,0.4019124891335842,0.2897363309610588
São Lourenço do Oeste,2013,0.41212618298244963,0.969397759103641,0.6907619710430453
Águas Frias,2013,0.39538396547443566,0.7891806722689068,0.5922823188716713
São Ludgero,2013,0.4708427285784927,0.5842316926770708,0.5275372106277817
Jaguaruna,2013,0.6148027520550621,0.9822043890139646,0.7985035705345134
Águas Mornas,2013,0.23458149645112386,0.3855416076513495,0.31006155205123664
José Boiteux,2013,0.2619226506878636,0.5743097238895556,0.4181161872887096
Saudades,2013,0.39329449923493853,0.7790679908326965,0.5861812450338175
Joinville,2013,0.17161391523462677,0.29114024920312936,0.23137708221887807
Schroeder,2013,0.17210558796030156,0.3383753501400561,0.25524046905017883
Angelina,2013,0.2524863056209507,0.3455092387129453,0.298997772166948
Lacerdópolis,2013,0.4934484865566226,0.7901465216527085,0.6417975041046655
Anita Garibaldi,2013,0.4592162455741766,0.6189338235294118,0.5390750345517943
Jupiá,2013,0.42495259197166285,1.0,0.7124762959858314
São Miguel do Oeste,2013,0.44455607013145804,0.8706932773109238,0.6576246737211909
Joaçaba,2013,0.48560787771529157,0.820607341252542,0.6531076094839168
Anchieta,2013,0.4172817207309537,0.9076680672268906,0.6624748939789222
São Pedro de Alcântara,2013,0.22285864213826262,0.3518393445560955,0.28734899334717906
Itapoá,2013,0.1783824910402934,0.4373022182185427,0.30784235462941806
São José,2013,0.2522561118637554,0.4560340129742187,0.354145062418987
Itapiranga,2013,0.3940971780217528,0.8421008403361337,0.6180990091789433
Agrolândia,2013,0.332428856283006,0.5598319327731094,0.4461303945280577
São João do Sul,2013,0.37135757431595107,0.6372448979591836,0.5043012361375674
Abdon Batista,2013,0.4997151905974923,0.7427312019310632,0.6212231962642778
Itajaí,2013,0.22683679388927122,0.39078862314156393,0.3088127085154176
São Joaquim,2013,0.4185281906140636,0.4732412965186074,0.4458847435663355
Itapema,2013,0.24490676406312206,0.39800845212137576,0.3214576080922489
Abelardo Luz,2013,0.5051808560962598,0.9358981092436971,0.7205394826699785
São José do Cerrito,2013,0.4319676626203207,0.624295600593178,0.5281316316067494
Jaborá,2013,0.4960137137470337,0.8636922264706887,0.6798529701088611
Água Doce,2013,0.4615443226439797,0.7875391947823903,0.624541758713185
Jacinto Machado,2013,0.37987536496042174,0.5257875150060024,0.45283143998321207
Águas de Chapecó,2013,0.3661854639007282,0.7329831932773105,0.5495843285890194
São José do Cedro,2013,0.41734076302742185,0.9242016806722686,0.6707712218498452
Ituporanga,2013,0.347884680998613,0.5222592443080862,0.43507196265334963
Agronômica,2013,0.3629276457089441,0.5408613445378148,0.4518944951233794
São Cristóvão do Sul,2013,0.3767785723783005,0.6401260504201679,0.5084523113992342
Irati,2013,0.4165654544369388,0.9016806722689076,0.6591230633529233
São Carlos,2013,0.3744130125853608,0.7322328931572624,0.5533229528713116
São Domingos,2013,0.4468597523707937,0.9650840336134449,0.7059718929921193
Irineópolis,2013,0.3274502940749894,0.8539682539682539,0.5907092740216217
São Bonifácio,2013,0.25474305621564775,0.5021955288306392,0.3784692925231435
Ipumirim,2013,0.47348194365259855,0.8886665421205286,0.6810742428865636
Irani,2013,0.4932367292797335,0.9042172643277366,0.6987269968037351
Iraceminha,2013,0.42725302827202793,0.8414565826330531,0.6343548054525405
São João Batista,2013,0.22415153689482836,0.27692119804916987,0.25053636747199914
Itaiópolis,2013,0.3417195990679149,0.7193659281894574,0.5305427636286861
São João do Itaperiú,2013,0.1952503493669393,0.28753501400560216,0.24139268168627073
Itá,2013,0.4161901919866777,0.7230174230506891,0.5696038075186833
São João do Oeste,2013,0.39604451379728056,0.8284313725490191,0.6122379431731498
São Francisco do Sul,2013,0.17532407961015087,0.33688563378828573,0.2561048566992183
Santa Helena,2013,0.4148243975766973,0.8540336134453776,0.6344290055110375
Santa Cecília,2013,0.29675585349111905,0.7121269197334104,0.5044413866122647
Imbituba,2013,0.3908828460209988,0.8143057031719474,0.6025942745964731
Santa Rosa de Lima,2013,0.3509527735251577,0.4822541475377454,0.4166034605314516
Imbuia,2013,0.32062635643450943,0.49178482944065904,0.40620559293758424
Salto Veloso,2013,0.43873433585293975,0.7724789915966388,0.6056066637247892
Imaruí,2013,0.38846639687066337,0.7171820778141103,0.5528242373423868
Sangão,2013,0.5854766308781881,0.875303956495667,0.7303902936869275
São Bento do Sul,2013,0.27263196307566095,0.5404411764705881,0.4065365697731245
Ipira,2013,0.4792230964435789,0.730547640446119,0.604885368444849
São Bernardino,2013,0.39698514392099327,0.9428991596638654,0.6699421517924293
Iomerê,2013,0.41047453338127327,0.7514705882352942,0.5809725608082837
Ipuaçu,2013,0.4725401091215243,0.9372656755009693,0.7049028923112468
Iporã do Oeste,2013,0.4195215341834886,0.8240896358543407,0.6218055850189146
Santa Terezinha,2013,0.31713539759428355,0.6976493300022707,0.5073923637982771
Santa Rosa do Sul,2013,0.4029689268945187,0.7119747899159663,0.5574718584052425
Santo Amaro da Imperatriz,2013,0.21937474599356405,0.4343765657469001,0.32687565587023204
Santiago do Sul,2013,0.4436032403417983,0.9170588235294111,0.6803310319356047
Santa Terezinha do Progresso,2013,0.4042417030855796,0.8974789915966385,0.650860347341109
Indaial,2013,0.2132867576041571,0.411917494270435,0.3126021259372961
Rio Negrinho,2013,0.3235433296940308,0.6419159663865546,0.4827296480402927
Rodeio,2013,0.2195272981973908,0.4464285714285712,0.332977934812981
Ibicaré,2013,0.46306962816167097,0.7447611256795751,0.603915376920623
Riqueza,2013,0.42586697109039295,0.8241596638655461,0.6250133174779695
Ibirama,2013,0.2631195240695732,0.5067827130852337,0.38495111857740344
Rio Rufino,2013,0.32398417451065503,0.49529411764705883,0.40963914607885693
Rio Fortuna,2013,0.3816448224784642,0.478680111060717,0.4301624667695906
Herval d'Oeste,2013,0.4754159484087487,0.7762894410082524,0.6258526947085006
Ibiam,2013,0.4614922295834725,0.7237805071254028,0.5926363683544377
Ilhota,2013,0.20666884566117052,0.37686074429771904,0.2917647949794448
Saltinho,2013,0.3989123398666241,0.9036614645858342,0.6512869022262291
Salete,2013,0.2663753594979892,0.6477591036414566,0.4570672315697229
Romelândia,2013,0.42958719984910704,0.889657401422107,0.659622300635607
Içara,2013,0.5868746488167003,0.8998730261335302,0.7433738374751152
Rio do Campo,2013,0.27616035514438125,0.6868347338935571,0.4814975445189692
Guabiruba,2013,0.2046448721149416,0.3720588235294118,0.2883518478221767
Guaraciaba,2013,0.4208754509491864,0.9067226890756299,0.6637990700124081
Gravatal,2013,0.47259382692240093,0.649710916196623,0.5611523715595119
Rio das Antas,2013,0.354372383952925,0.7497899159663861,0.5520811499596555
Guatambú,2013,0.28876963354754953,0.6082633053221287,0.44851646943483914
Rio do Sul,2013,0.32547952871376484,0.5268907563025208,0.4261851425081428
Guarujá do Sul,2013,0.4204337776643859,0.9325630252100838,0.6764984014372348
Rio do Oeste,2013,0.3360368525597087,0.5795168067226889,0.4577768296411988
Rio dos Cedros,2013,0.22052852098122708,0.5234424804404517,0.3719855007108394
Guaramirim,2013,0.179073235993336,0.2938267614738203,0.23644999873357814
Presidente Getúlio,2013,0.29691609257556517,0.5545518207282911,0.42573395665192815
Garuva,2013,0.16949058262037733,0.3686251764682737,0.26905787954432553
Presidente Castello Branco,2013,0.49926579253769954,0.8400841723797698,0.6696749824587347
Garopaba,2013,0.300231352835598,0.7587782451790405,0.5295047990073192
Rancho Queimado,2013,0.2596216729024493,0.34234563126441964,0.30098365208343447
Grão-Pará,2013,0.4008089717015519,0.4899406821552148,0.44537482692838337
Presidente Nereu,2013,0.28146995678161246,0.43802521008403367,0.3597475834328231
Gaspar,2013,0.1925370574033286,0.37755102040816285,0.2850440389057457
Quilombo,2013,0.43272244352848077,0.8588235294117644,0.6457729864701226
Governador Celso Ramos,2013,0.2673344106836823,0.4388268803440442,0.35308064551386326
Princesa,2013,0.4038055889563211,0.9291596638655456,0.6664826264109334
Porto Belo,2013,0.25090090891360034,0.39360457230084583,0.3222527406072231
Faxinal dos Guedes,2013,0.5083447213068993,0.9885273010370403,0.7484360111719699
Flor do Sertão,2013,0.44605276178442144,0.8680672268907557,0.6570599943375885
Ponte Alta do Norte,2013,0.38096641531419195,0.665399159663865,0.5231827874890285
Entre Rios,2013,0.4279838884800008,0.8754201680672264,0.6517020282736137
Doutor Pedrinho,2013,0.2442998289544025,0.5791906236178681,0.4117452262861353
Ponte Serrada,2013,0.49529461934517965,0.8953547207157816,0.6953246700304806
Erval Velho,2013,0.4818164698696418,0.74915322843254,0.6154848491510909
Ermo,2013,0.4584701236069415,0.8198379351740693,0.6391540293905054
Frei Rogério,2013,0.43509149945738984,0.6888130252100839,0.5619522623337369
Pouso Redondo,2013,0.3238326054200755,0.6004201680672269,0.4621263867436512
Praia Grande,2013,0.32589722860768106,0.3731761935543448,0.3495367110810129
Galvão,2013,0.4330522015542332,0.9908163265306116,0.7119342640424224
Formosa do Sul,2013,0.43261711361114896,0.9060924369747894,0.6693547752929692
Porto União,2013,0.3336778862244205,0.7931572629051616,0.5634175745647911
Florianópolis,2013,0.29902439082177934,0.6022158134780733,0.4506201021499263
Fraiburgo,2013,0.3645459260423597,0.7194027611044412,0.5419743435734005
Forquilhinha,2013,0.5089310011610326,0.8463285314125648,0.6776297662867987
Curitibanos,2013,0.4385734494915452,0.6787032197380167,0.558638334614781
Cunhataí,2013,0.38075690950366137,0.7384453781512599,0.5596011438274606
Pinheiro Preto,2013,0.4295943170659756,0.7378151260504195,0.5837047215581976
Balneário Piçarras,2013,0.22649721020142616,0.3655244931815697,0.29601085169149793
Pinhalzinho,2013,0.40238283302936395,0.8006827731092434,0.6015328030693037
Cunha Porã,2013,0.39976229721171386,0.7898109243697475,0.5947866107907307
Pomerode,2013,0.1862324021106138,0.4029411764705881,0.29458678929060095
Dionísio Cerqueira,2013,0.41171873461361974,0.940882352941176,0.6763005437773979
Ponte Alta,2013,0.38468304956138444,0.6251829764163731,0.5049330129888787
Dona Emma,2013,0.28750069364724307,0.5893557422969186,0.4384282179720808
Piratuba,2013,0.46135677654011376,0.6705357142857139,0.5659462454129138
Descanso,2013,0.43377088745373227,0.8491334033613439,0.6414521454075381
Planalto Alegre,2013,0.3371186411454863,0.6741596638655458,0.505639152505516
Cocal do Sul,2013,0.5121835818011766,0.699189675870348,0.6056866288357623
Cordilheira Alta,2013,0.353146941821658,0.6949579831932773,0.5240524625074676
Penha,2013,0.24384211128109168,0.44240740521106264,0.34312475824607713
Concórdia,2013,0.47459537409000463,0.8143678460064898,0.6444816100482472
Celso Ramos,2013,0.4772727238381776,0.635504201680672,0.5563884627594248
Paulo Lopes,2013,0.23096783043948726,0.5886912701660576,0.40982955030277246
Caxambu do Sul,2013,0.3220914657077313,0.6752626050420164,0.49867703537487384
Pedras Grandes,2013,0.49262325426851966,0.6016935345566797,0.5471583944125997
Chapecó,2013,0.29954013889015374,0.6074866310160425,0.4535133849530981
Chapadão do Lageado,2013,0.33556492265884486,0.4849939975990395,0.4102794601289422
Cerro Negro,2013,0.44320512706514603,0.610444177671068,0.526824652368107
Petrolândia,2013,0.3375921411835835,0.5228991596638655,0.4302456504237245
Corupá,2013,0.22951172248976212,0.5057623049219687,0.36763701370586543
Criciúma,2013,0.5353306615556102,0.8079231692677069,0.6716269154116585
Correia Pinto,2013,0.39052329327082397,0.6112681436210845,0.5008957184459543
Peritiba,2013,0.47423410900982865,0.7362762326802953,0.605255170845062
Coronel Freitas,2013,0.384361314513651,0.7656608097784564,0.5750110621460537
Pescaria Brava,2013,0.4928348179911138,0.8338653435270307,0.6633500807590722
Coronel Martins,2013,0.43846110549301953,0.9616806722689072,0.7000708888809634
Palma Sola,2013,0.41094971018263676,0.9415266106442571,0.676238160413447
Canoinhas,2013,0.3836421912853113,0.8392016806722686,0.61142193597879
Balneário Rincão,2013,0.6318045938475766,1.0,0.8159022969237884
Ouro,2013,0.49505977898046594,0.7987097782477871,0.6468847786141265
Campos Novos,2013,0.4867008720632684,0.7378236312607245,0.6122622516619964
Palhoça,2013,0.24218812081388696,0.5651617392375267,0.4036749300257068
Painel,2013,0.3389342519779531,0.5177908005307384,0.4283625262543458
Canelinha,2013,0.2255394250558422,0.3023809523809523,0.26396018871839727
Paial,2013,0.3544456796266079,0.64390756302521,0.49917662132590895
Ouro Verde,2013,0.5286907900857083,1.0,0.7643453950428541
Papanduva,2013,0.35022979286944655,0.7680057388809178,0.5591177658751822
Catanduvas,2013,0.48606648146398723,0.8387756028149409,0.6624210421394641
Passos Maia,2013,0.4928495098328417,0.872499017123645,0.6826742634782433
Passo de Torres,2013,0.42083198911312214,0.6986074325153798,0.559719710814251
Paraíso,2013,0.4174100669885056,0.9058059587471347,0.6616080128678201
Capinzal,2013,0.47834474660120946,0.6868547418967581,0.5825997442489838
Palmeira,2013,0.3538290099731076,0.598571428571428,0.4762002192722678
Capivari de Baixo,2013,0.5236507484202635,0.8393153443206794,0.6814830463704715
Palmitos,2013,0.38561317846092935,0.7696594427244577,0.5776363105926936
Nova Itaberaba,2013,0.36266177601262783,0.7170168067226886,0.5398392913676582
Xavantina,2013,0.4261767276217802,0.7874331550802138,0.606804941350997
Capão Alto,2013,0.3956248097278892,0.5554021608643456,0.47551348529611737
Nova Erechim,2013,0.38983892067796166,0.7721638655462181,0.5810013931120899
Xaxim,2013,0.3923135080049792,0.7559663865546219,0.5741399472798006
Nova Trento,2013,0.23100294165595658,0.32884453781512596,0.2799237397355413
Campo Alegre,2013,0.2538933598983494,0.5020074696545284,0.37795041477643887
Xanxerê,2013,0.4811274639220747,0.9163563400902119,0.6987419020061434
Navegantes,2013,0.22987367615376586,0.37441445953292307,0.30214406784334447
Caibi,2013,0.40342343091453026,0.7994537815126048,0.6014386062135675
Camboriú,2013,0.23271269858924293,0.37547746371275775,0.30409508115100037
Calmon,2013,0.33935080263039186,0.7755582232893155,0.5574545129598536
Orleans,2013,0.42522254291718464,0.5591596638655459,0.4921911033913653
Zortéa,2013,0.47639532877822977,0.6672268907563023,0.571811109767266
Campo Erê,2013,0.40180506544953576,0.933294117647059,0.6675495915482974
Otacílio Costa,2013,0.32382380674122546,0.5801400560224086,0.451981931381817
Novo Horizonte,2013,0.4281477149656444,0.9645483193277306,0.6963480171466875
Nova Veneza,2013,0.4546883646919341,0.6648079231692676,0.5597481439306009
Campo Belo do Sul,2013,0.4184225682249299,0.5945144724556488,0.5064685203402893
Vargeão,2013,0.5166461203219153,0.9774100172860263,0.7470280688039708
Modelo,2013,0.4080838821275904,0.8155462184873944,0.6118150503074924
Vidal Ramos,2013,0.29254365120726944,0.42984537258953437,0.3611945118984019
Mondaí,2013,0.4221653899858578,0.8255252100840329,0.6238453000349453
Botuverá,2013,0.22700666671855327,0.37142857142857144,0.29921761907356237
Vargem Bonita,2013,0.48521297928861956,0.8418343199985957,0.6635236496436077
Braço do Norte,2013,0.4406390577621147,0.5284486521881478,0.4845438549751313
Vargem,2013,0.49167327707733754,0.7786775286267518,0.6351754028520447
Urussanga,2013,0.48594618839734693,0.6579531812725085,0.5719496848349277
Meleiro,2013,0.4840326110082161,0.8314825930372147,0.6577576020227154
Urupema,2013,0.3445971342348854,0.48216911764705866,0.41338312594097204
Bom Retiro,2013,0.31935557170857376,0.47114108801415294,0.3952483298613634
Bom Jesus do Oeste,2013,0.4076125343601116,0.8537815126050418,0.6306970234825766
Mirim Doce,2013,0.32780151234423427,0.6473905351614327,0.4875960237528335
Vitor Meireles,2013,0.2861736536792665,0.6282839451570101,0.4572287994181383
Caçador,2013,0.34818004612560377,0.7655462184873947,0.5568631323064992
Morro Grande,2013,0.4033326914743265,0.5586434573829531,0.4809880744286398
Witmarsum,2013,0.284592780212909,0.6079831932773108,0.4462879867451099
Morro da Fumaça,2013,0.5576192182144823,0.8051440576230491,0.6813816379187657
Monte Carlo,2013,0.4175990237786187,0.6977591036414567,0.5576790637100377
Brunópolis,2013,0.47192834960532204,0.7598375581396415,0.6158829538724817
Braço do Trombudo,2013,0.3342740352842909,0.5846638655462186,0.45946895041525476
Videira,2013,0.38500392078855017,0.7391419725785046,0.5620729466835274
Monte Castelo,2013,0.301099118571868,0.7557773109243695,0.5284382147481188
Brusque,2013,0.20760350132793437,0.35659138655462147,0.2820974439412779
Trombudo Central,2013,0.3522724239775388,0.5627626050420167,0.45751751450977773
Maracajá,2013,0.5449485279219062,0.8883853541416566,0.7166669410317814
Benedito Novo,2013,0.21626977438484946,0.5107916850950908,0.36353072973997014
Biguaçu,2013,0.24533333178620695,0.3578074549033515,0.3015703933447792
Major Vieira,2013,0.3465255760862747,0.8001616031027794,0.573343589594527
Barra Velha,2013,0.21638866674564636,0.32266938313101745,0.2695290249383319
Barra Bonita,2013,0.44381392704703165,0.8922268907563017,0.6680204089016667
Bandeirante,2013,0.4231217673672617,0.8867346938775509,0.6549282306224062
Balneário Gaivota,2013,0.47479252969611746,0.8018757503001198,0.6383341399981186
Balneário Barra do Sul,2013,0.19438983057906056,0.2951996302247837,0.24479473040192212
Treze Tílias,2013,0.44666032498938935,0.7623949579831929,0.6045276414862911
Belmonte,2013,0.4171060943496913,0.868592436974789,0.6428492656622402
Bela Vista do Toldo,2013,0.3454742280222704,0.8177484787018254,0.581611353362048
União do Oeste,2013,0.4124521942214496,0.8144537815126043,0.613452987867027
Bombinhas,2013,0.2759637762430505,0.4871568512625522,0.38156031375280136
Urubici,2013,0.35003673391567836,0.501599203243285,0.4258179685794817
Bom Jesus,2013,0.49863331624583795,0.929411764705882,0.71402254047586
Tunápolis,2013,0.40918065144330396,0.8501800720288111,0.6296803617360576
Matos Costa,2013,0.3612104533686359,0.7853132161955688,0.5732618347821024
Marema,2013,0.41083514770247276,0.8242496998799513,0.617542423791212
Bom Jardim da Serra,2013,0.36469371856317406,0.519643262225719,0.4421684903944465
Tubarão,2013,0.5314065249003668,0.7727134587164636,0.6520599918084151
Maravilha,2013,0.41817954557628023,0.8326330532212881,0.6254062993987841
Turvo,2013,0.4342795224733744,0.7683973589435774,0.6013384407084759
Bocaina do Sul,2014,0.39699432258172496,0.5655412571326651,0.48126778985719504
Massaranduba,2014,0.33247990689709306,0.4434900772867538,0.38798499209192344
Blumenau,2014,0.29217651505194986,0.4016171937913751,0.3468968544216625
Timbé do Sul,2014,0.3370199117668675,0.49779879360990625,0.41740935268838686
Lontras,2014,0.33856198940846327,0.49468737614886665,0.41662468277866493
Ascurra,2014,0.28518650994782524,0.45505501349387545,0.37012076172085034
Tigrinhos,2014,0.4578031908516274,0.8645422462113348,0.6611727185314811
Arroio Trinta,2014,0.4246101887228101,0.744529790325929,0.5845699895243696
Lindóia do Sul,2014,0.5261512180074865,0.8326735364934368,0.6794123772504617
Tijucas,2014,0.3443293219802277,0.6053557419207198,0.47484253195047377
Arvoredo,2014,0.5299520917169165,0.9363776188925281,0.7331648553047223
Leoberto Leal,2014,0.3505847270654171,0.43079555881044357,0.39069014293793036
Treviso,2014,0.47237718105484916,0.6313057919867137,0.5518414865207815
Balneário Arroio do Silva,2014,0.5638316327226636,0.9541601789202504,0.758995905821457
Treze de Maio,2014,0.6381471650675974,0.8343136709132202,0.7362304179904088
Major Gercino,2014,0.33604271368866895,0.5014244560252592,0.4187335848569641
Balneário Camboriú,2014,0.40186433301515745,0.6909839225855071,0.5464241278003323
Macieira,2014,0.39330995211433717,0.7555977342151309,0.574453843164734
Luzerna,2014,0.48689896964335433,0.7319908656840356,0.6094449176636949
Timbó,2014,0.2807573174260738,0.4245925537568699,0.35267493559147184
Luiz Alves,2014,0.35121315448852175,0.4782387841188057,0.41472596930366373
Três Barras,2014,0.3884847104238692,0.8161058372808422,0.6022952738523557
Atalanta,2014,0.437109615753444,0.5401169635479295,0.48861328965068673
Mafra,2014,0.35633876126265607,0.7718889742971121,0.564113867779884
Timbó Grande,2014,0.35961374041063,0.7775067469379279,0.5685602436742789
Aurora,2014,0.40118749431446,0.5114801743823955,0.4563338343484277
Siderópolis,2014,0.4416386197804724,0.5980307838310741,0.5198347018057733
Laguna,2014,0.5766302807614244,1.0,0.7883151403807123
Antônio Carlos,2014,0.3419013423181932,0.5831708612921696,0.46253610180518134
Serra Alta,2014,0.4582602225203431,0.8546813369317001,0.6564707797260216
Lajeado Grande,2014,0.5293914829121508,0.8400825394970355,0.6847370112045932
Arabutã,2014,0.5424993751636527,0.8836647982168769,0.7130820866902647
Apiúna,2014,0.3044396584312848,0.45289918717363176,0.3786694228024583
Seara,2014,0.5446543643793125,0.9698037467924138,0.7572290555858632
Lages,2014,0.37922262543685753,0.5171448944408843,0.44818375993887094
Anitápolis,2014,0.4168464083082604,0.5945295335369142,0.5056879709225873
Taió,2014,0.3491974923711547,0.6326355419151766,0.49091651714316564
Lauro Müller,2014,0.45189609422869437,0.5989987946551685,0.5254474444419315
Tangará,2014,0.4539533146308615,0.6972236487003265,0.5755884816655941
Lebon Régis,2014,0.3599504529171076,0.7242765206560099,0.5421134867865587
Armazém,2014,0.6646067389066681,1.0,0.832303369453334
Sombrio,2014,0.45033794599283566,0.700501089941398,0.5754195179671169
Laurentino,2014,0.4134050119204218,0.5576084700020759,0.48550674096124885
Araquari,2014,0.3952751732512372,0.6563784091230799,0.5258267911871586
Sul Brasil,2014,0.46316058560785617,0.8617396719950178,0.6624501288014369
Araranguá,2014,0.5627400575637599,0.8574713026506642,0.7101056801072121
Alfredo Wagner,2014,0.42282063110818435,0.5346366941270442,0.47872866261761426
São Miguel da Boa Vista,2014,0.47190596305937604,0.8723271745899935,0.6721165688246848
Jardinópolis,2014,0.48187962377872834,0.8520863608054805,0.6669829922921044
São Martinho,2014,0.5779407495695719,0.7960969982097263,0.6870188738896491
Alto Bela Vista,2014,0.6127379665172735,0.8256110770883719,0.7191745218028227
Jaraguá do Sul,2014,0.298660578609543,0.410686290651643,0.354673434630593
São Lourenço do Oeste,2014,0.5198448344815154,0.968791087121998,0.7443179608017567
Águas Frias,2014,0.45733545269889775,0.7817106082624041,0.6195230304806509
São Ludgero,2014,0.6201961901482531,0.7824703410931209,0.701333265620687
Jaguaruna,2014,0.6458178569194374,0.931217387210235,0.7885176220648362
Águas Mornas,2014,0.38664977328420264,0.6257416930615896,0.5061957331728961
José Boiteux,2014,0.3205492266872184,0.5837065156143417,0.45212787115078007
Saudades,2014,0.44867716094590193,0.7734727385962592,0.6110749497710806
Joinville,2014,0.3168079117328879,0.3734745457438595,0.3451412287383737
Schroeder,2014,0.3067461314411445,0.3602427333030328,0.33349443237208864
Angelina,2014,0.35457083722040234,0.5214529615638012,0.4380118993921017
Lacerdópolis,2014,0.5928717621518753,0.8135152733346547,0.703193517743265
Anita Garibaldi,2014,0.45583386052708696,0.7007834414077688,0.5783086509674279
Jupiá,2014,0.5515590069080427,1.0,0.7757795034540214
São Miguel do Oeste,2014,0.4883585907181011,0.8650612414365784,0.6767099160773398
Joaçaba,2014,0.525172454389072,0.7252519122977915,0.6252121833434318
Anchieta,2014,0.4810023735151989,0.9037782852397754,0.6923903293774871
São Pedro de Alcântara,2014,0.357115114807508,0.6238549570967353,0.4904850359521217
Itapoá,2014,0.3476206187668906,0.43525140221873027,0.3914360104928104
São José,2014,0.3826179279623138,0.7155518482524533,0.5490848881073835
Itapiranga,2014,0.5697246696268737,0.8289806933776206,0.6993526815022472
Agrolândia,2014,0.4130964220699346,0.5442391529997922,0.4786677875348634
São João do Sul,2014,0.3821846189703641,0.6350932819975654,0.5086389504839648
Abdon Batista,2014,0.4639667569248336,0.7477076993645358,0.6058372281446847
Itajaí,2014,0.3750496883925215,0.6196271190291812,0.49733840371085136
São Joaquim,2014,0.35629973803390624,0.4588099279239262,0.40755483297891626
Itapema,2014,0.3650841971074895,0.678808203368898,0.5219462002381938
Abelardo Luz,2014,0.5449142699049001,0.9235260535603074,0.7342201617326037
São José do Cerrito,2014,0.4394356586953559,0.6254413418437382,0.5324385002695471
Jaborá,2014,0.5372567115924543,0.7382188083869626,0.6377377599897085
Água Doce,2014,0.42337473120519653,0.7674746466959368,0.5954246889505667
Jacinto Machado,2014,0.35365773799221145,0.5130615763767798,0.43335965718449565
Águas de Chapecó,2014,0.4442542223890127,0.7245173344405229,0.5843857784147678
São José do Cedro,2014,0.5009771179601978,0.9165040481627568,0.7087405830614772
Ituporanga,2014,0.43803356618073375,0.5583492769240828,0.49819142155240825
Agronômica,2014,0.4319935598940831,0.5431804027402944,0.4875869813171888
São Cristóvão do Sul,2014,0.3832071534364095,0.6187807072174935,0.5009939303269515
Irati,2014,0.48948301128174254,0.8956819597259703,0.6925824855038565
São Carlos,2014,0.43822486782630266,0.7237462558201606,0.5809855618232316
São Domingos,2014,0.5698012078749611,0.9633796969067883,0.7665904523908746
Irineópolis,2014,0.37875357994824665,0.8473231379604639,0.6130383589543553
São Bonifácio,2014,0.449134874041188,0.7044270458554859,0.5767809599483369
Ipumirim,2014,0.5401077956114624,0.8921009971014018,0.7161043963564321
Irani,2014,0.5018456896193595,0.771361232888422,0.6366034612538907
Iraceminha,2014,0.47192233348285917,0.8353747145526257,0.6536485240177424
São João Batista,2014,0.32588727029692877,0.5398840722761291,0.43288567128652894
Itaiópolis,2014,0.3394270870887389,0.7246494423160397,0.5320382647023894
São João do Itaperiú,2014,0.38907114794319364,0.6245845483112986,0.5068278481272461
Itá,2014,0.574067844914131,1.0,0.7870339224570655
São João do Oeste,2014,0.5354538848439379,0.8180748737111615,0.6767643792775497
São Francisco do Sul,2014,0.39331693237385246,0.5981315290320756,0.495724230702964
Santa Helena,2014,0.506479753307652,0.8441768735727625,0.6753283134402073
Santa Cecília,2014,0.3336971013358976,0.6972790333087554,0.5154880673223265
Imbituba,2014,0.48534937925793353,0.9682208041461701,0.7267850917020517
Santa Rosa de Lima,2014,0.4929913470481195,0.6592012249796967,0.576096286013908
Imbuia,2014,0.4028691082953885,0.5303759660525011,0.46662253717394486
Salto Veloso,2014,0.4175916140882734,0.752543076603695,0.5850673453459843
Imaruí,2014,0.5315323637659393,0.9080014340783639,0.7197668989221515
Sangão,2014,0.6447578606164951,0.8688136350049923,0.7567857478107437
São Bento do Sul,2014,0.3267869544797632,0.5549615943533317,0.4408742744165475
Ipira,2014,0.6082283703012241,0.8280553746850495,0.7181418724931368
São Bernardino,2014,0.49449784099623495,0.9403363089059579,0.7174170749510964
Iomerê,2014,0.44152157555200633,0.7338592484949137,0.5876904120234601
Ipuaçu,2014,0.5724707853523282,0.9323070535443378,0.7523889194483331
Iporã do Oeste,2014,0.5077315355434157,0.814476506816137,0.6611040211797763
Santa Terezinha,2014,0.3270931430878091,0.7007389369855633,0.5139160400366862
Santa Rosa do Sul,2014,0.4049700090915459,0.6397474733176685,0.5223587412046071
Santo Amaro da Imperatriz,2014,0.3924644011834621,0.7016057937534934,0.5470350974684778
Santiago do Sul,2014,0.530424608835141,0.9131824787211953,0.7218035437781681
Santa Terezinha do Progresso,2014,0.4662017889830475,0.8951629645007265,0.680682376741887
Indaial,2014,0.27965601876075585,0.4166116217185345,0.3481338202396452
Rio Negrinho,2014,0.32777231499625414,0.655370562590824,0.4915714387935391
Rodeio,2014,0.2752872719432633,0.4519410421424123,0.36361415704283784
Ibicaré,2014,0.47933295853446417,0.7195868798007059,0.599459919167585
Riqueza,2014,0.49289019979792725,0.8182686319285861,0.6555794158632566
Ibirama,2014,0.3112173558224852,0.5118182627005542,0.4115178092615197
Rio Rufino,2014,0.3970911459706501,0.6307682333372135,0.5139296896539318
Rio Fortuna,2014,0.5280935011883442,0.6780203083077267,0.6030569047480354
Herval d'Oeste,2014,0.5288548251285549,0.7056099391577904,0.6172323821431727
Ibiam,2014,0.4758903822904761,0.6923396304753996,0.5841150063829379
Ilhota,2014,0.35111022773176565,0.5143646838984465,0.43273745581510603
Saltinho,2014,0.47241266803417636,0.8993742400427054,0.6858934540384409
Salete,2014,0.3191652190123071,0.6441076742093971,0.4816364466108521
Romelândia,2014,0.48141391018681967,0.8856453905239455,0.6835296503553826
Içara,2014,0.6418598569975329,0.8370031293622155,0.7394314931798742
Rio do Campo,2014,0.3242551150306486,0.6793070837081632,0.5017810993694058
Guabiruba,2014,0.311002573312153,0.4743653413197482,0.3926839573159506
Guaraciaba,2014,0.48560347299047235,0.8982769358521902,0.6919402044213312
Gravatal,2014,0.6735605312070613,0.9710103898309885,0.8222854605190248
Rio das Antas,2014,0.3997699111985069,0.7333748529513525,0.5665723820749298
Guatambú,2014,0.4060359584576835,0.6314695929722761,0.5187527757149798
Rio do Sul,2014,0.3785437450982006,0.5332779738426403,0.4559108594704204
Guarujá do Sul,2014,0.5249731588748467,0.9280672617811915,0.7265202103280191
Rio do Oeste,2014,0.39679947717099506,0.5811708532281502,0.48898516519957264
Rio dos Cedros,2014,0.2848981564977336,0.5316801844043724,0.40828917045105295
Guaramirim,2014,0.34548540068295963,0.5101801179880618,0.42783275933551074
Presidente Getúlio,2014,0.3672714917071884,0.5661891910594417,0.46673034138331504
Garuva,2014,0.2849003132984527,0.32376370230871315,0.30433200780358294
Presidente Castello Branco,2014,0.5851519416397379,0.747473317668375,0.6663126296540565
Garopaba,2014,0.48541155454474033,0.9215521674142042,0.7034818609794723
Rancho Queimado,2014,0.3679936671297027,0.5338878440721142,0.45094075560090846
Grão-Pará,2014,0.48383387251794596,0.6417969931466443,0.5628154328322952
Presidente Nereu,2014,0.3276433706434753,0.4424953290429728,0.38506934984322405
Gaspar,2014,0.3189449039877959,0.4648575904988088,0.39190124724330233
Quilombo,2014,0.5050773458448844,0.8546014915124316,0.679839418678658
Governador Celso Ramos,2014,0.35839154393850225,0.7066270646366741,0.5325093042875881
Princesa,2014,0.5163922117341712,0.9233963047539958,0.7198942582440835
Porto Belo,2014,0.36012012132769217,0.6397107787950291,0.4999154500613606
Faxinal dos Guedes,2014,0.5541947957061096,0.9188518882800351,0.7365233419930723
Flor do Sertão,2014,0.48493702857999976,0.8631928586257004,0.6740649436028501
Ponte Alta do Norte,2014,0.37974778954526106,0.6468133693170022,0.5132805794311316
Entre Rios,2014,0.5363466873952755,0.8729499688602863,0.7046483281277809
Doutor Pedrinho,2014,0.29832375700643216,0.5853829092140772,0.44185333311025465
Ponte Serrada,2014,0.4757226234043602,0.8032859811975445,0.6395043023009523
Erval Velho,2014,0.5579238216249163,0.715786520757786,0.6368551711913512
Ermo,2014,0.4728588548568555,0.7019505704498488,0.5874047126533521
Frei Rogério,2014,0.430828692845046,0.6710089267178739,0.5509188097814599
Pouso Redondo,2014,0.38165577460253014,0.5859110096187109,0.4837833921106205
Praia Grande,2014,0.31017658333770365,0.5126964083873331,0.4114364958625184
Galvão,2014,0.5576575182639106,0.9908360271656927,0.7742467727148017
Formosa do Sul,2014,0.5084388210116781,0.9031554909694824,0.7057971559905802
Porto União,2014,0.3722766393342548,0.7891396542008955,0.5807081467675752
Florianópolis,2014,0.40420195394170466,0.8678575643534234,0.6360297591475641
Fraiburgo,2014,0.3974896279056001,0.7007028678193302,0.5490962478624651
Forquilhinha,2014,0.5710959031267954,0.7435325425360247,0.65731422283141
Curitibanos,2014,0.4299550780268869,0.6420154111052766,0.5359852445660818
Cunhataí,2014,0.4369099325484467,0.7315756695038405,0.5842428010261436
Pinheiro Preto,2014,0.4597584284341545,0.71880838696284,0.5892834076984972
Balneário Piçarras,2014,0.41174926913594057,0.63345322117376,0.5226012451548503
Pinhalzinho,2014,0.44895946964849,0.797591862154868,0.6232756659016789
Cunha Porã,2014,0.44518650244366975,0.7850321777039647,0.6151093400738172
Pomerode,2014,0.2810244761196211,0.406061864230849,0.34354317017523506
Dionísio Cerqueira,2014,0.5486793378689973,0.9373468964085526,0.7430131171387749
Ponte Alta,2014,0.40645120651227834,0.601132356747321,0.5037917816297997
Dona Emma,2014,0.35556579538683786,0.5987128918413949,0.47713934361411636
Piratuba,2014,0.6088549416274995,0.8717096509356511,0.7402822962815754
Descanso,2014,0.496750102227257,0.8416545567780774,0.6692023295026672
Planalto Alegre,2014,0.42099319578236893,0.6636910940419345,0.5423421449121517
Cocal do Sul,2014,0.5966446366280475,0.7070855763969578,0.6518651065125026
Cordilheira Alta,2014,0.47265030416713893,0.7866536987592694,0.6296520014632041
Penha,2014,0.41864341980323305,0.6781959241292096,0.5484196719662213
Concórdia,2014,0.5758483231434554,0.8345656208453354,0.7052069719943954
Celso Ramos,2014,0.5168687777094887,0.7126180093175305,0.6147433935135096
Paulo Lopes,2014,0.44730490817346513,0.8131107002061422,0.6302078041898036
Caxambu do Sul,2014,0.42776437109944426,0.6652480797176665,0.5465062254085554
Pedras Grandes,2014,0.623702823264976,0.7794103587826615,0.7015565910238187
Chapecó,2014,0.44599462408372914,0.7503734118684152,0.5981840179760722
Chapadão do Lageado,2014,0.45193157713553056,0.5775629919587439,0.5147472845471373
Cerro Negro,2014,0.42563534569723693,0.6691071868739075,0.5473712662855722
Petrolândia,2014,0.44769249498622493,0.5829611051451745,0.5153268000656998
Corupá,2014,0.2988302667931698,0.5191731664640112,0.40900171662859053
Criciúma,2014,0.6036491644985307,0.7324576055261446,0.6680533850123376
Correia Pinto,2014,0.43144722816055814,0.5884534815128337,0.5099503548366959
Peritiba,2014,0.5985924492102412,0.7894030925444759,0.6939977708773586
Coronel Freitas,2014,0.4679080013149961,0.7581859701436199,0.6130469857293079
Pescaria Brava,2014,0.6180504203002886,0.9680496951684798,0.7930500577343842
Coronel Martins,2014,0.5498354865491166,0.9602657255553244,0.7550506060522205
Palma Sola,2014,0.5255631628645394,0.9381357691509234,0.7318494660077315
Canoinhas,2014,0.38333584372116725,0.8337554494498648,0.608545646585516
Balneário Rincão,2014,0.667704683122222,0.9884041559323955,0.8280544195273087
Ouro,2014,0.5954926490749906,0.8171842708716703,0.7063384599733304
Campos Novos,2014,0.4927633227122713,0.6583098716390683,0.5755365971756699
Palhoça,2014,0.42694821495630236,0.8178200066383103,0.6223841107973064
Painel,2014,0.3673764762390838,0.5132700914455063,0.440323283842295
Canelinha,2014,0.3261751061895798,0.5385251717325407,0.4323501389610602
Paial,2014,0.5452837595644384,0.992242273381178,0.7687630164728082
Ouro Verde,2014,0.5639859555319346,0.9272576292298111,0.7456217923808729
Papanduva,2014,0.35406597776010923,0.765145799683033,0.5596058887215711
Catanduvas,2014,0.47719276647308373,0.7499197916470076,0.6135562790600457
Passos Maia,2014,0.4733859624767886,0.8254515258459623,0.6494187441613755
Passo de Torres,2014,0.42916376720127825,0.8105257197859753,0.6198447434936267
Paraíso,2014,0.49720866065663194,0.8954271802517596,0.6963179204541958
Capinzal,2014,0.6034883757694416,0.893883790812138,0.7486860832907898
Palmeira,2014,0.40511527148799176,0.5723894540170229,0.48875236275250733
Capivari de Baixo,2014,0.6477588121608173,0.9595957308269402,0.8036772714938787
Palmitos,2014,0.46608767335429635,0.7629776121849151,0.6145326427696057
Nova Itaberaba,2014,0.4417010298488148,0.7093626738634005,0.5755318518561077
Xavantina,2014,0.539864098939425,0.9359838185757243,0.7379239587575747
Capão Alto,2014,0.38791093082053507,0.5236513538361162,0.4557811423283256
Nova Erechim,2014,0.4576267195786326,0.7633381772887688,0.6104824484337007
Xaxim,2014,0.5209062204505914,0.8960351624815662,0.7084706914660788
Nova Trento,2014,0.33014238194515805,0.5029929067921847,0.41656764436867133
Campo Alegre,2014,0.3263438918776098,0.5140590039904964,0.4202014479340531
Xanxerê,2014,0.5686918643498913,0.9703982703882208,0.769545067369056
Navegantes,2014,0.4000198722649427,0.6357086249222542,0.5178642485935985
Caibi,2014,0.46570513384602924,0.7932323022628187,0.629468718054424
Camboriú,2014,0.3547195499649087,0.6102696563254598,0.4824946031451842
Calmon,2014,0.36298207954652717,0.7658827367359645,0.5644324081412458
Orleans,2014,0.48166481574208475,0.6330813159913902,0.5573730658667375
Zortéa,2014,0.5828147753078666,0.780575828780115,0.6816953020439909
Campo Erê,2014,0.4948165466257607,0.9297238945401701,0.7122702205829654
Otacílio Costa,2014,0.38322675265037165,0.5560307245173345,0.46962873858385307
Novo Horizonte,2014,0.5306905608738326,0.9641893294581689,0.7474399451660008
Nova Veneza,2014,0.47485293201735257,0.6094249532904296,0.5421389426538911
Campo Belo do Sul,2014,0.4163029397025195,0.6322734446009313,0.5242881921517254
Vargeão,2014,0.5259226602511825,0.8689018061033836,0.6974122331772831
Modelo,2014,0.4470716001842761,0.8112933361013077,0.6291824681427919
Vidal Ramos,2014,0.35445689304228045,0.4349179987544115,0.394687445898346
Mondaí,2014,0.5330125033145254,0.8183516711646246,0.675682087239575
Botuverá,2014,0.3096088485729084,0.43022644626009005,0.36991764741649924
Vargem Bonita,2014,0.4486109773257877,0.7676977371808178,0.6081543572533028
Braço do Norte,2014,0.6189237098933921,0.8587662429578464,0.7388449764256193
Vargem,2014,0.4402945530693509,0.6792208556724919,0.5597577043709214
Urussanga,2014,0.5928391543518132,0.7172349041862213,0.6550370292690173
Meleiro,2014,0.5146103657132596,0.6989610169011693,0.6067856913072145
Urupema,2014,0.3722753770447344,0.5910331976824121,0.4816542873635733
Bom Retiro,2014,0.42340173541409765,0.5882925231427105,0.5058471292784041
Bom Jesus do Oeste,2014,0.45491121682918734,0.8494913846792607,0.652201300754224
Mirim Doce,2014,0.36451496862439303,0.6296996383422743,0.49710730348333365
Vitor Meireles,2014,0.33237207349589404,0.6361242529200307,0.4842481632079624
Caçador,2014,0.37174268045207604,0.7512061449034668,0.5614744126777714
Morro Grande,2014,0.36560086517340795,0.5377087102227229,0.45165478769806544
Witmarsum,2014,0.34571905271280434,0.6162895301363227,0.4810042914245635
Morro da Fumaça,2014,0.6413174040518611,0.800388415479999,0.72085290976593
Monte Carlo,2014,0.4263327102592677,0.6769081724448136,0.5516204413520407
Brunópolis,2014,0.44496897332165763,0.6592926195951999,0.5521307964584288
Braço do Trombudo,2014,0.4011005067703366,0.5715175420386128,0.4863090244044747
Videira,2014,0.4296903041185747,0.7208242736798399,0.5752572888992074
Monte Castelo,2014,0.32559452635772845,0.7473679527862629,0.5364812395719957
Brusque,2014,0.3275137624736391,0.5229893421991394,0.4252515523363892
Trombudo Central,2014,0.4309915118602157,0.5585945609300389,0.4947930363951273
Maracajá,2014,0.5785227627299725,0.8372958129264221,0.7079092878281973
Benedito Novo,2014,0.2787551273374871,0.5145154769839272,0.39663530216070714
Biguaçu,2014,0.3472383959083839,0.6352970892892745,0.4912677425988292
Major Vieira,2014,0.36408785082171735,0.7953402213315022,0.5797140360766098
Barra Velha,2014,0.4120145008121475,0.6611499589502592,0.5365822298812033
Barra Bonita,2014,0.4962267530457175,0.8854058542661404,0.6908163036559289
Bandeirante,2014,0.5038506028605662,0.8765977638720005,0.6902241833662833
Balneário Gaivota,2014,0.48476829373716906,0.8660023214336271,0.675385307585398
Balneário Barra do Sul,2014,0.421372734145959,0.6932536873991452,0.557313210772552
Treze Tílias,2014,0.4389492701958796,0.7416960763960968,0.5903226732959882
Belmonte,2014,0.5066196135137511,0.8580029063732615,0.6823112599435063
Bela Vista do Toldo,2014,0.37534547630409426,0.8125818759708788,0.5939636761374866
União do Oeste,2014,0.46828901804186523,0.8105459829769566,0.6394175005094109
Bombinhas,2014,0.39462753413229756,0.7463177497843729,0.5704726419583352
Urubici,2014,0.3690271624769347,0.5643822163243988,0.46670468940066673
Bom Jesus,2014,0.5687296487184648,0.9221507162134107,0.7454401824659378
Tunápolis,2014,0.5291539997622527,0.8388742252142706,0.6840141124882617
Matos Costa,2014,0.37817686265130845,0.7783418574367296,0.578259360044019
Marema,2014,0.5063963105671427,0.819300691005071,0.6628485007861069
Bom Jardim da Serra,2014,0.3051459428527409,0.43704426238088945,0.37109510261681516
Tubarão,2014,0.654485396104333,0.8874279034834645,0.7709566497938987
Maravilha,2014,0.452410218032672,0.8301155629368209,0.6412628904847464
Turvo,2014,0.4453987089376515,0.5640427331971214,0.5047207210673864
Bocaina do Sul,2015,0.29418058812466297,0.4765731661908896,0.38537687715777624
Massaranduba,2015,0.26166183277383426,0.36287211036660244,0.3122669715702183
Blumenau,2015,0.26020219078048473,0.3389805965826815,0.2995913936815831
Timbé do Sul,2015,0.29699833598377096,0.4223130015739587,0.3596556687788648
Lontras,2015,0.32466815459602316,0.44672616696943324,0.3856971607827282
Ascurra,2015,0.2828375638848877,0.41681146828844434,0.349824516086666
Tigrinhos,2015,0.39643036805259274,0.8514335360556039,0.6239319520540983
Arroio Trinta,2015,0.3867773593786108,0.7536924413553432,0.570234900366977
Lindóia do Sul,2015,0.33637204876644256,0.7801911381407471,0.5582815934535948
Tijucas,2015,0.28187184013208066,0.3886488552809675,0.3352603477065241
Arvoredo,2015,0.35131741875770084,0.6758253692441355,0.5135713940009181
Leoberto Leal,2015,0.28471994891480445,0.3334440639852811,0.3090820064500428
Treviso,2015,0.3847450096284044,0.5609795829713289,0.47286229629986665
Balneário Arroio do Silva,2015,0.40872517926571394,0.9330014086872824,0.6708632939764982
Treze de Maio,2015,0.4330989484732631,0.6992903246956262,0.5661946365844447
Major Gercino,2015,0.26528587089972855,0.31337615890779225,0.2893310149037604
Balneário Camboriú,2015,0.3455795336817352,0.47505605273758394,0.41031779320965955
Macieira,2015,0.3703001615428979,0.7704480575896734,0.5703741095662856
Luzerna,2015,0.3756280799190071,0.7356646394439615,0.5556463596814843
Timbó,2015,0.25923713539728244,0.3844483058210248,0.32184272060915364
Luiz Alves,2015,0.273249549283782,0.4156582539749735,0.3444539016293777
Três Barras,2015,0.3505722143287865,0.8184385119658795,0.5845053631473329
Atalanta,2015,0.2998499662960874,0.49956559513466536,0.3997077807153764
Mafra,2015,0.36482845617662985,0.7646112663488858,0.5647198612627577
Timbó Grande,2015,0.3580304655726484,0.7860284535186794,0.5720294595456639
Aurora,2015,0.32347436853612915,0.465682015638575,0.39457819208735206
Siderópolis,2015,0.3508813406862078,0.5309358321956061,0.44090858644090697
Laguna,2015,0.5440053092969369,1.0,0.7720026546484684
Antônio Carlos,2015,0.25198418854076055,0.38711235115201253,0.3195482698463865
Serra Alta,2015,0.3828203611384498,0.8388357949609035,0.6108280780496766
Lajeado Grande,2015,0.39075853939395255,0.8191789748045177,0.6049687570992351
Arabutã,2015,0.3347524846484913,0.7147821769889534,0.5247673308187224
Apiúna,2015,0.29908480606843074,0.4053832787542605,0.3522340424113456
Seara,2015,0.3379578841941002,0.6692901313435885,0.5036240077688443
Lages,2015,0.32332318214136235,0.4706398972538056,0.396981539697584
Anitápolis,2015,0.29885510648798974,0.41218395941431385,0.3555195329511518
Taió,2015,0.3082528037603419,0.6172071289360603,0.4627299663482011
Lauro Müller,2015,0.3876905462779774,0.5233027181333,0.4554966322056387
Tangará,2015,0.38723627035497976,0.7002606429192006,0.5437484566370903
Lebon Régis,2015,0.38383935610365283,0.7295047784535186,0.5566720672785856
Armazém,2015,0.3972715486270481,0.564080138316161,0.4806758434716045
Sombrio,2015,0.29652028310867606,0.6305627846815961,0.4635415338951361
Laurentino,2015,0.30392204202480605,0.5225890529973937,0.41325554751109983
Araquari,2015,0.33479734778089454,0.7115759813613789,0.5231866645711367
Sul Brasil,2015,0.38046013278757446,0.8477410947002605,0.6141006137439174
Araranguá,2015,0.3975195634665929,0.8110651276293379,0.6042923455479654
Alfredo Wagner,2015,0.28640132092778203,0.3455628645897974,0.31598209275878975
São Miguel da Boa Vista,2015,0.39946180674638887,0.853388357949609,0.6264250823479989
Jardinópolis,2015,0.381012938608167,0.8397046046915729,0.61035877164987
São Martinho,2015,0.36548466354107645,0.5155563677595922,0.44052051565033434
Alto Bela Vista,2015,0.36397286239820326,0.6437011294526496,0.5038369959254264
Jaraguá do Sul,2015,0.2507783364196157,0.3804338056862094,0.31560607105291255
São Lourenço do Oeste,2015,0.4402379703310545,0.9643064002316828,0.7022721852813687
Águas Frias,2015,0.3728101653289423,0.7670503909643785,0.5699302781466604
São Ludgero,2015,0.4259875504789904,0.5064611721820369,0.46622436133051365
Jaguaruna,2015,0.5297354981188386,0.978033731658874,0.7538846148888563
Águas Mornas,2015,0.27004250106797817,0.49265974114977307,0.3813511211088756
José Boiteux,2015,0.29574116666662587,0.5503909643788009,0.42306606552271336
Saudades,2015,0.3920356148324765,0.755824974330621,0.5739302945815488
Joinville,2015,0.2718145145213289,0.47373801041027636,0.37277626246580264
Schroeder,2015,0.24845552406170457,0.32439051165906474,0.28642301786038465
Angelina,2015,0.26454781458059634,0.3385289693958417,0.301538391988219
Lacerdópolis,2015,0.3691454649952782,0.6983058210251958,0.5337256430102371
Anita Garibaldi,2015,0.3900220147924623,0.5716496524761077,0.48083583363428495
Jupiá,2015,0.46312215922392075,1.0,0.7315610796119604
São Miguel do Oeste,2015,0.4391523163583342,0.8428540399652474,0.6410031781617909
Joaçaba,2015,0.3578926062183456,0.7253224620731137,0.5416075341457296
Anchieta,2015,0.4163051225473237,0.8925933970460469,0.6544492597966853
São Pedro de Alcântara,2015,0.2507082245847537,0.44527610315903676,0.34799216387189524
Itapoá,2015,0.2983380015022216,0.7504998138545232,0.5244189076783724
São José,2015,0.23081608362269634,0.4156262286212158,0.32322115612195607
Itapiranga,2015,0.4189935717834176,0.8015638575152042,0.6102787146493109
Agrolândia,2015,0.2970884724235686,0.5167680278019109,0.40692825011273975
São João do Sul,2015,0.2363307959132245,0.5683597324995671,0.40234526420639577
Abdon Batista,2015,0.4036741272876162,0.6032303925440327,0.5034522599158244
Itajaí,2015,0.29507527298232783,0.4108584850653911,0.3529668790238595
São Joaquim,2015,0.315504763235967,0.41040151797233637,0.3629531406041517
Itapema,2015,0.3210093107013106,0.4737635983415004,0.39738645452140553
Abelardo Luz,2015,0.38259026440488575,0.9280245438748914,0.6553074041398885
São José do Cerrito,2015,0.37092165821123724,0.5820258598661009,0.47647375903866906
Jaborá,2015,0.337160006786033,0.7367506516072978,0.5369553291966653
Água Doce,2015,0.3452694843760219,0.7777921858993476,0.5615308351376848
Jacinto Machado,2015,0.27772046065806233,0.41720404883359385,0.3474622547458281
Águas de Chapecó,2015,0.40026921506519164,0.7052562988705474,0.5527627569678695
São José do Cedro,2015,0.43724974271034794,0.9067767158992179,0.6720132293047829
Ituporanga,2015,0.32897517505263635,0.42960354840184745,0.3792893617272419
Agronômica,2015,0.31026994108605876,0.5073848827106864,0.4088274118983726
São Cristóvão do Sul,2015,0.34390511058160944,0.6069359976831739,0.47542055413239165
Irati,2015,0.39880686368648494,0.8866203301476977,0.6427135969170913
São Carlos,2015,0.40163670972079557,0.7052873277894997,0.5534620187551476
São Domingos,2015,0.4332712313213023,0.9628583840139011,0.6980648076676017
Irineópolis,2015,0.32592622096093177,0.866975576793127,0.5964508988770294
São Bonifácio,2015,0.32472787415034177,0.5193292543040517,0.42202856422719676
Ipumirim,2015,0.33915065008526896,0.7788545077858718,0.5590025789355704
Irani,2015,0.33294848087257606,0.770250932692799,0.5515997067826875
Iraceminha,2015,0.4254273948608721,0.8147987257457284,0.6201130603033003
São João Batista,2015,0.26398959765453767,0.3314426002578084,0.297716098956173
Itaiópolis,2015,0.35021911851154086,0.7063225653581859,0.5282708419348634
São João do Itaperiú,2015,0.31151823163651987,0.5497490873747617,0.4306336595056408
Itá,2015,0.3460198643626661,0.6427330271813327,0.4943764457719994
São João do Oeste,2015,0.4277626528549502,0.7922096727483343,0.6099861628016423
São Francisco do Sul,2015,0.37517056694540657,1.0,0.6875852834727033
Santa Helena,2015,0.4319423015422774,0.8188531711555171,0.6253977363488973
Santa Cecília,2015,0.3644847088255079,0.6951151921867041,0.529799950506106
Imbituba,2015,0.29820449382508046,0.734205987110451,0.5162052404677657
Santa Rosa de Lima,2015,0.3437911989625614,0.4146484910061859,0.37921984498437367
Imbuia,2015,0.308924574184072,0.37771503040834037,0.3433198022962062
Salto Veloso,2015,0.37919671581833764,0.7634665508253692,0.5713316333218534
Imaruí,2015,0.3420350215484553,0.6949057211303468,0.518470371339401
Sangão,2015,0.42696054701623715,0.8614735290180612,0.6442170380171491
São Bento do Sul,2015,0.2694492301424224,0.5344808861859252,0.40196505816417377
Ipira,2015,0.3649668656894206,0.6678250796408919,0.5163959726651562
São Bernardino,2015,0.4160588887652218,0.9334057341442227,0.6747323114547222
Iomerê,2015,0.39407551907345983,0.7428323197219808,0.5684539193977203
Ipuaçu,2015,0.412972006519742,0.9319320991779725,0.6724520528488572
Iporã do Oeste,2015,0.4382782581528287,0.7896032435563278,0.6139407508545782
Santa Terezinha,2015,0.3324983900108971,0.678422992932115,0.5054606914715061
Santa Rosa do Sul,2015,0.2548247513957813,0.5642623162354085,0.4095435338155949
Santo Amaro da Imperatriz,2015,0.2582767424836957,0.5189432477100523,0.388609995096874
Santiago do Sul,2015,0.40821051923567025,0.9064291920069503,0.6573198556213102
Santa Terezinha do Progresso,2015,0.4022018894332211,0.8829278887923541,0.6425648891127875
Indaial,2015,0.27601230986108716,0.3713766685095961,0.3236944891853416
Rio Negrinho,2015,0.3142321027313042,0.6347350130321457,0.47448355788172497
Rodeio,2015,0.2693342693801455,0.41246741963509986,0.3409008445076227
Ibicaré,2015,0.38496756081769945,0.7237185056472633,0.5543430332324814
Riqueza,2015,0.4467469641035049,0.7956559513466547,0.6212014577250797
Ibirama,2015,0.29800231808212885,0.47322204294402365,0.3856121805130762
Rio Rufino,2015,0.29089501008032004,0.4105125977410945,0.35070380391070727
Rio Fortuna,2015,0.363361346098105,0.41541566521638423,0.3893885056572446
Herval d'Oeste,2015,0.3795276950711338,0.7050725121967519,0.5423001036339429
Ibiam,2015,0.3959322758397673,0.6936142484795825,0.5447732621596749
Ilhota,2015,0.2748204802947936,0.3869321670879967,0.3308763236913952
Saltinho,2015,0.39991907394040255,0.8881097182574159,0.6440143960989092
Salete,2015,0.30550068875647207,0.623660584998552,0.46458063687751205
Romelândia,2015,0.4138628444872239,0.8690770567399585,0.6414699506135912
Içara,2015,0.4285750226805877,0.8263741651605234,0.6274745939205556
Rio do Campo,2015,0.32357066129587264,0.6642050390964377,0.49388785019615516
Guabiruba,2015,0.26690839005300526,0.32102519548218905,0.2939667927675972
Guaraciaba,2015,0.4428188031640847,0.8828554879814652,0.662837145572775
Gravatal,2015,0.41744017907845765,0.654800785867725,0.5361204824730914
Rio das Antas,2015,0.38336276713991096,0.7431219229655374,0.5632423450527242
Guatambú,2015,0.3610677887620132,0.5710975962930781,0.46608269252754564
Rio do Sul,2015,0.31667601049782135,0.4922675933970459,0.4044718019474336
Guarujá do Sul,2015,0.44297327306817214,0.9201781059947869,0.6815756895314795
Rio do Oeste,2015,0.2985426957471944,0.5526715899218071,0.42560714283450074
Rio dos Cedros,2015,0.2807002057560933,0.5075646364480659,0.3941324211020796
Guaramirim,2015,0.2717684525364109,0.42721041722471864,0.3494894348805648
Presidente Getúlio,2015,0.3010631484518723,0.5283087170576307,0.4146859327547515
Garuva,2015,0.2639947903551638,0.4949167300645035,0.3794557602098336
Presidente Castello Branco,2015,0.34648461765125793,0.7080799304952216,0.5272822740732397
Garopaba,2015,0.2759941200323708,0.5917246213961587,0.4338593707142647
Rancho Queimado,2015,0.25661430018025144,0.37096562789317705,0.3137899640367142
Grão-Pará,2015,0.3777574435380595,0.41171359942760744,0.3947355214828335
Presidente Nereu,2015,0.31640038055973296,0.389009556907037,0.35270496873338497
Gaspar,2015,0.2590136205651239,0.3393207246684493,0.2991671726167866
Quilombo,2015,0.3870020470097638,0.8436142484795829,0.6153081477446734
Governador Celso Ramos,2015,0.2791183499127471,0.44420868816754816,0.3616635190401476
Princesa,2015,0.4490599534404106,0.9142484795829712,0.6816542165116909
Porto Belo,2015,0.31214517518763624,0.43612681175315526,0.3741359934703957
Faxinal dos Guedes,2015,0.362318969014576,0.8719953663481028,0.6171571676813394
Flor do Sertão,2015,0.4238954431138713,0.8431798436142484,0.6335376433640598
Ponte Alta do Norte,2015,0.357525297086586,0.6391398783666373,0.49833258772661165
Entre Rios,2015,0.3980854276891338,0.8662033014769767,0.6321443645830552
Doutor Pedrinho,2015,0.29787194729652766,0.5606109104211441,0.42924142885883587
Ponte Serrada,2015,0.3390791101034486,0.8068449795209132,0.5729620448121808
Erval Velho,2015,0.3840037270830373,0.6828449569544269,0.5334243420187321
Ermo,2015,0.3238909947428772,0.5653184613770587,0.4446047280599679
Frei Rogério,2015,0.40073623263886493,0.6693092962641182,0.5350227644514916
Pouso Redondo,2015,0.2944627701145325,0.5689255719664058,0.43169417104046914
Praia Grande,2015,0.25789201579474097,0.43876418671340295,0.348328101254072
Galvão,2015,0.44956671776712087,0.988457242149684,0.7190119799584025
Formosa do Sul,2015,0.40978512743729667,0.8960686359687229,0.6529268817030098
Porto União,2015,0.3009868764286511,0.8100099292540645,0.5554984028413578
Florianópolis,2015,0.30687822696374384,0.5130864959879072,0.40998236147582556
Fraiburgo,2015,0.387951842392407,0.7051942410326425,0.5465730417125247
Forquilhinha,2015,0.37300318742158767,0.5639506220938076,0.46847690475769765
Curitibanos,2015,0.3850957772282929,0.6345377421168292,0.5098167596725611
Cunhataí,2015,0.40929410672609456,0.7113379669852304,0.5603160368556626
Pinheiro Preto,2015,0.3940347043554352,0.7279539530842744,0.5609943287198548
Balneário Piçarras,2015,0.3351620509779079,0.4944969211216962,0.4148294860498021
Pinhalzinho,2015,0.37276684439491126,0.780897046046916,0.5768319452209136
Cunha Porã,2015,0.40207666147802656,0.7635751520417027,0.5828259067598647
Pomerode,2015,0.24779156423603937,0.36718071242397887,0.30748613833000915
Dionísio Cerqueira,2015,0.4481609899247016,0.9309296264118159,0.6895453081682588
Ponte Alta,2015,0.3406762008349836,0.5861242678176058,0.46340023432629474
Dona Emma,2015,0.30394432772805463,0.5663191427743993,0.43513173525122695
Piratuba,2015,0.3805620525054201,0.6425933970460468,0.5115777247757334
Descanso,2015,0.4413197218590911,0.8183644656820155,0.6298420937705533
Planalto Alegre,2015,0.37766968866068074,0.6424847958297131,0.5100772422451969
Cocal do Sul,2015,0.4166827010611661,0.5973066898349257,0.506994695448046
Cordilheira Alta,2015,0.3602196820381913,0.6627280625543002,0.5114738722962457
Penha,2015,0.358865488097124,0.5182010967916237,0.4385332924443739
Concórdia,2015,0.3435598041837732,0.6934111894611359,0.5184854968224546
Celso Ramos,2015,0.4050997875542539,0.5969808861859253,0.5010403368700895
Paulo Lopes,2015,0.29937105864612545,0.497625674917294,0.3984983667817097
Caxambu do Sul,2015,0.3924193245617288,0.6429192006950476,0.5176692626283882
Pedras Grandes,2015,0.43824953768029007,0.5500742307960856,0.49416188423818785
Chapecó,2015,0.3507182260548165,0.567253771424058,0.45898599873943724
Chapadão do Lageado,2015,0.32185081324120496,0.4219312399156014,0.37189102657840317
Cerro Negro,2015,0.36895465730870813,0.5568449795209135,0.4628998184148108
Petrolândia,2015,0.30675347456155216,0.46720243266724554,0.38697795361439885
Corupá,2015,0.2742450443399534,0.49726945513218285,0.3857572497360681
Criciúma,2015,0.4054034908149573,0.6323113253670857,0.5188574080910215
Correia Pinto,2015,0.34340951008596915,0.5648447989890214,0.4541271545374953
Peritiba,2015,0.3618040947486651,0.6667028670721113,0.5142534809103882
Coronel Freitas,2015,0.37262538771656684,0.7417265618829474,0.5571759747997571
Pescaria Brava,2015,0.4210681956817319,0.8100570652523232,0.6155626304670276
Coronel Martins,2015,0.436666055759757,0.957515204170287,0.697090629965022
Palma Sola,2015,0.43687268100219256,0.933463654792934,0.6851681678975633
Canoinhas,2015,0.33071553672009896,0.8464596003475239,0.5885875685338114
Balneário Rincão,2015,0.45731807653917045,1.0,0.7286590382695852
Ouro,2015,0.36223675279403955,0.6992832319721981,0.5307599923831188
Campos Novos,2015,0.3946166827852201,0.6476195589570377,0.5211181208711289
Palhoça,2015,0.24326039415885395,0.4543268802693541,0.348793637214104
Painel,2015,0.3001246299712432,0.4376286067035529,0.36887661833739804
Canelinha,2015,0.2692117936797299,0.345146177603213,0.30717898564147145
Paial,2015,0.34130626692853117,0.6025195482189399,0.47191290757373555
Ouro Verde,2015,0.38601956941525084,0.9274109470026063,0.6567152582089286
Papanduva,2015,0.34567084948211424,0.7558538704413974,0.5507623599617558
Catanduvas,2015,0.3458088181303073,0.7540478635178898,0.5499283408240985
Passos Maia,2015,0.33028886458114404,0.8299304952215464,0.5801096799013452
Passo de Torres,2015,0.2521465087045429,0.7734252677480058,0.5127858882262744
Paraíso,2015,0.4518904803214452,0.8759576652713056,0.6639240727963753
Capinzal,2015,0.3839805472630917,0.6620019858508129,0.5229912665569523
Palmeira,2015,0.32444431631309867,0.5521285838401387,0.4382864500766187
Capivari de Baixo,2015,0.47783043736849684,0.8143084089842688,0.6460694231763828
Palmitos,2015,0.432438010305082,0.7425808221683662,0.587509416236724
Nova Itaberaba,2015,0.37763578533396175,0.6876629018245001,0.5326493435792309
Xavantina,2015,0.3513354753577725,0.7596161440644498,0.5554758097111111
Capão Alto,2015,0.3203353049518275,0.47541889040585794,0.3978770976788427
Nova Erechim,2015,0.3799358944030943,0.7465247610773239,0.5632303277402091
Xaxim,2015,0.36789757989579475,0.7255430060816681,0.5467202929887314
Nova Trento,2015,0.27803967678148034,0.30093871511951786,0.2894891959504991
Campo Alegre,2015,0.26505321698365636,0.5010618785597062,0.3830575477716813
Xanxerê,2015,0.3879175235414093,0.8646611642050394,0.6262893438732243
Navegantes,2015,0.32539672078458126,0.46998824236375136,0.3976924815741663
Caibi,2015,0.44294816964346506,0.7706342311033882,0.6067912003734266
Camboriú,2015,0.29046068229299293,0.41944439771598097,0.35495254000448695
Calmon,2015,0.3457099536292847,0.7807993049522153,0.56325462929075
Orleans,2015,0.396453931079341,0.475847089487402,0.4361505102833715
Zortéa,2015,0.3861981742871232,0.6409643788010425,0.5135812765440828
Campo Erê,2015,0.4196464959019418,0.9223805386620331,0.6710135172819874
Otacílio Costa,2015,0.2938715361935421,0.5341152620909352,0.41399339914223865
Novo Horizonte,2015,0.4413119172897811,0.957156820156386,0.6992343687230835
Nova Veneza,2015,0.34167387725374004,0.5452649869678541,0.44346943211079703
Campo Belo do Sul,2015,0.3394437829025977,0.5349213244521669,0.4371825536773823
Vargeão,2015,0.35141171135664184,0.8693527367506517,0.6103822240536467
Modelo,2015,0.37755037520070567,0.7958297132927888,0.5866900442467473
Vidal Ramos,2015,0.3106491254812043,0.37525340283811126,0.3429512641596578
Mondaí,2015,0.4497414254814582,0.7940920938314509,0.6219167596564545
Botuverá,2015,0.28585339844280233,0.3212423979148562,0.30354789817882927
Vargem Bonita,2015,0.33915822332415324,0.7742695139238188,0.5567138686239861
Braço do Norte,2015,0.4117673751382456,0.48509627813866,0.4484318266384528
Vargem,2015,0.397690507584592,0.6274339449072418,0.5125622262459169
Urussanga,2015,0.4375546808824444,0.5725456125108598,0.5050501466966522
Meleiro,2015,0.35015450367118917,0.5400202101159968,0.44508735689359297
Urupema,2015,0.3009731826144688,0.39473827106863557,0.3478557268415522
Bom Retiro,2015,0.29120371244505505,0.3990580273446429,0.345130869894849
Bom Jesus do Oeste,2015,0.3874346622828776,0.8362293657688965,0.611832014025887
Mirim Doce,2015,0.30742008847066027,0.616854908774978,0.4621374986228191
Vitor Meireles,2015,0.3112232915493055,0.6058804700717907,0.4585518808105481
Caçador,2015,0.37424031204808517,0.764535186794092,0.5693877494210886
Morro Grande,2015,0.2924929679063345,0.47424599726945477,0.3833694825878946
Witmarsum,2015,0.30855293502068293,0.5851433536055606,0.44684814431312175
Morro da Fumaça,2015,0.43544790294212543,0.7112050646225153,0.5733264837823204
Monte Carlo,2015,0.38704680081128007,0.6770923834346946,0.5320695921229873
Brunópolis,2015,0.3907402272996837,0.641253982044599,0.5159971046721414
Braço do Trombudo,2015,0.2955744569841524,0.5484361424847957,0.42200529973447404
Videira,2015,0.390089199143134,0.7293429054826465,0.5597160523128902
Monte Castelo,2015,0.3454712537255897,0.7420565967481692,0.5437639252368794
Brusque,2015,0.26779297169626126,0.3279333176715093,0.2978631446838853
Trombudo Central,2015,0.3036751360554302,0.5303540399652472,0.4170145880103387
Maracajá,2015,0.39967240275979987,0.7354351144536688,0.5675537586067343
Benedito Novo,2015,0.28159153520739433,0.48475010288536247,0.3831708190463784
Biguaçu,2015,0.2540984598374524,0.38372226178371704,0.3189103608105847
Major Vieira,2015,0.34002472167653097,0.7933402392568336,0.5666824804666823
Barra Velha,2015,0.34237011743074663,0.5752819483772922,0.4588260329040194
Barra Bonita,2015,0.43120083355969974,0.868049522154648,0.6496251778571739
Bandeirante,2015,0.44694140448431013,0.8523644036241775,0.6496529040542438
Balneário Gaivota,2015,0.3135309333261094,0.8204374879838745,0.5669842106549919
Balneário Barra do Sul,2015,0.3694043290722534,0.8446217245786973,0.6070130268254754
Treze Tílias,2015,0.3825855317555388,0.7504344048653346,0.5665099683104367
Belmonte,2015,0.4332588274854922,0.8331885317115548,0.6332236795985235
Bela Vista do Toldo,2015,0.34121794460081184,0.8185835405494472,0.5799007425751295
União do Oeste,2015,0.3690566540461565,0.7961772371850562,0.5826169456156063
Bombinhas,2015,0.37503755332719385,0.5064855780881123,0.4407615657076531
Urubici,2015,0.29366201663926705,0.35982656590659456,0.3267442912729308
Bom Jesus,2015,0.3995738979446839,0.9209383145091223,0.6602561062269031
Tunápolis,2015,0.42457019605437135,0.8106615365520662,0.6176158663032187
Matos Costa,2015,0.3051860303767479,0.796876234104731,0.5510311322407394
Marema,2015,0.3790789190137114,0.8078689338463448,0.5934739264300282
Bom Jardim da Serra,2015,0.29124578848270916,0.3515421372719372,0.3213939628773232
Tubarão,2015,0.4630269125833571,0.7271705866507922,0.5950987496170747
Maravilha,2015,0.3980460096138617,0.8107442803359396,0.6043951449749007
Turvo,2015,0.3081028587341387,0.4714203216726683,0.3897615902034035
Bocaina do Sul,2016,0.27392762875382104,0.5079413695033905,0.3909344991286058
Massaranduba,2016,0.31189754591558594,0.7049331801193497,0.5084153630174678
Blumenau,2016,0.34609005418396355,0.765728799744723,0.5559094269643432
Timbé do Sul,2016,0.33027815222289336,0.4504098729844155,0.3903440126036544
Lontras,2016,0.3340656831052214,0.5104102822918839,0.4222379826985526
Ascurra,2016,0.35269507789477583,0.6334513467157751,0.49307321230527545
Tigrinhos,2016,0.4680617090514185,0.8588055130168453,0.6634336110341319
Arroio Trinta,2016,0.38345666056192174,0.7453598774885143,0.564408269025218
Lindóia do Sul,2016,0.36243472661449094,0.7704611196188526,0.5664479231166717
Tijucas,2016,0.3283814690986294,0.5845578217820651,0.45646964544034724
Arvoredo,2016,0.3344243904680224,0.6826952526799384,0.5085598215739804
Leoberto Leal,2016,0.306850127631491,0.47234465690693034,0.38959739226921064
Treviso,2016,0.45454070005579067,0.5871362940275646,0.5208384970416776
Balneário Arroio do Silva,2016,0.5508402644156564,0.9090986454861357,0.729969454950896
Treze de Maio,2016,0.5869070052099108,0.7706430080599558,0.6787750066349333
Major Gercino,2016,0.2898482337768656,0.5008293965479513,0.39533881516240843
Balneário Camboriú,2016,0.40961394462432604,0.7339872613596127,0.5718006029919693
Macieira,2016,0.38094148978664377,0.7642091446073065,0.5725753171969752
Luzerna,2016,0.35255111778352977,0.7258805513016843,0.539215834542607
Timbó,2016,0.37171437293288745,0.7679589060064917,0.5698366394696897
Luiz Alves,2016,0.34228627605359796,0.7691815162076209,0.5557338961306094
Três Barras,2016,0.4054524956725858,0.7999443129611578,0.6026984043168717
Atalanta,2016,0.3239345939861713,0.5150382848392036,0.41948643941268743
Mafra,2016,0.37495206261782843,0.7535118579528989,0.5642319602853636
Timbó Grande,2016,0.4173628965213173,0.7802450229709035,0.5988039597461103
Aurora,2016,0.32677717106924187,0.48820826952526775,0.4074927202972548
Siderópolis,2016,0.4259987224628168,0.5570772259899361,0.49153797422637646
Laguna,2016,0.5993412164500369,1.0,0.7996706082250185
Antônio Carlos,2016,0.2856783440480255,0.4994654953764465,0.39257191971223604
Serra Alta,2016,0.46155997701547435,0.846758550280755,0.6541592636481146
Lajeado Grande,2016,0.42027320022845027,0.8232771822358346,0.6217751912321424
Arabutã,2016,0.33128412515643646,0.7109166484357908,0.5211003867961137
Apiúna,2016,0.3435630707198467,0.6124670855519371,0.4780150781358919
Seara,2016,0.32317973634110964,0.6742455634627506,0.4987126499019301
Lages,2016,0.3437211578422814,0.5113966753223697,0.42755891658232553
Anitápolis,2016,0.31911444187710447,0.5148952630775088,0.4170048524773066
Taió,2016,0.29268724422084613,0.6173916642523073,0.4550394542365767
Lauro Müller,2016,0.4478139325323664,0.559089914679501,0.5034519236059337
Tangará,2016,0.35856138525716985,0.693092609011042,0.5258269971341059
Lebon Régis,2016,0.39444276352037155,0.7246554364471668,0.5595490999837691
Armazém,2016,0.46138735935548075,0.7247515418822396,0.5930694506188602
Sombrio,2016,0.43793047954018177,0.6821832966929059,0.5600568881165439
Laurentino,2016,0.31913454885332143,0.5235324144971921,0.42133348167525675
Araquari,2016,0.3292063122885096,0.8251021779557945,0.5771542451221521
Sul Brasil,2016,0.47321090908195584,0.8551301684532921,0.664170538767624
Araranguá,2016,0.5385308129265944,0.8693584518411293,0.7039446323838618
Alfredo Wagner,2016,0.3148609775473116,0.3980573178735505,0.3564591477104311
São Miguel da Boa Vista,2016,0.4570592603140111,0.8630934150076567,0.6600763376608338
Jardinópolis,2016,0.4749426586403377,0.8474732006125573,0.6612079296264475
São Martinho,2016,0.3920245238876926,0.6995585798515873,0.5457915518696399
Alto Bela Vista,2016,0.29475093205241193,0.6348545176110255,0.4648027248317187
Jaraguá do Sul,2016,0.2613833271570274,0.4252686234952718,0.3433259753261496
São Lourenço do Oeste,2016,0.552210306493004,0.967500425387102,0.759855365940053
Águas Frias,2016,0.4230041663572217,0.7730474732006122,0.598025819778917
São Ludgero,2016,0.5183247735265782,0.6527960865517287,0.5855604300391535
Jaguaruna,2016,0.6530157946534765,0.9622762848588211,0.8076460397561488
Águas Mornas,2016,0.2844135226055964,0.4947634988958386,0.3895885107507175
José Boiteux,2016,0.32714601077977945,0.5622693794209869,0.44470769510038316
Saudades,2016,0.4055702101320074,0.7635806765975213,0.5845754433647643
Joinville,2016,0.2130910706177268,0.35878419986802523,0.285937635242876
Schroeder,2016,0.22333127161063115,0.3586275126144678,0.2909793921125495
Angelina,2016,0.29100399807486166,0.456935185929379,0.3739695920021203
Lacerdópolis,2016,0.2970023994810599,0.6860643185298618,0.49153335900546086
Anita Garibaldi,2016,0.34713275353810047,0.586676875957121,0.46690481474761075
Jupiá,2016,0.5770682906620342,1.0,0.7885341453310171
São Miguel do Oeste,2016,0.44397978702755103,0.8572741194486981,0.6506269532381246
Joaçaba,2016,0.32068378381663,0.7126398869124747,0.5166618353645523
Anchieta,2016,0.49692061811240745,0.9012761613067888,0.6990983897095981
São Pedro de Alcântara,2016,0.28995148391940284,0.5064285553807235,0.3981900196500632
Itapoá,2016,0.26894805989979614,0.6580168755388507,0.46348246771932344
São José,2016,0.2847821748161994,0.5435459492842901,0.41416406205024475
Itapiranga,2016,0.3831871904290012,0.8172332822868805,0.6002102363579409
Agrolândia,2016,0.311223158918703,0.5261868300153136,0.4187049944670083
São João do Sul,2016,0.4055337578241136,0.6307196495126428,0.5181267036683782
Abdon Batista,2016,0.34543766604489456,0.6120005568703881,0.47871911145764134
Itajaí,2016,0.3493254006216716,0.620716805395292,0.4850211030084818
São Joaquim,2016,0.33952487451393487,0.450328884999635,0.394926879756785
Itapema,2016,0.3926079720446682,0.7565153133127168,0.5745616426786925
Abelardo Luz,2016,0.49601909552786366,0.9309086268504336,0.7134638611891486
São José do Cerrito,2016,0.3122798125578281,0.5872383869321078,0.44975909974496797
Jaborá,2016,0.32279663812740567,0.7192785434745619,0.5210375908009838
Água Doce,2016,0.3823318165265101,0.7791181915841923,0.5807250040553512
Jacinto Machado,2016,0.360077311163435,0.46934997517906535,0.41471364317125015
Águas de Chapecó,2016,0.3792130586550494,0.7132210311383355,0.5462170448966924
São José do Cedro,2016,0.5081305049705742,0.9172026544155178,0.712666579693046
Ituporanga,2016,0.3235452634426873,0.46425405013298915,0.3938996567878382
Agronômica,2016,0.32979576890128764,0.5136294027565083,0.4217125858288979
São Cristóvão do Sul,2016,0.2857451201947394,0.6077930917134591,0.44676910595409924
Irati,2016,0.5000173242853376,0.8921898928024496,0.6961036085438936
São Carlos,2016,0.38113971187417706,0.7121417632903083,0.5466407375822426
São Domingos,2016,0.552485875976515,0.9691580887071983,0.7608219823418567
Irineópolis,2016,0.42240167854482547,0.8456922466110828,0.6340469625779541
São Bonifácio,2016,0.31809800186093806,0.6135899307957444,0.46584396632834124
Ipumirim,2016,0.36151976211610926,0.7722935563670632,0.5669066592415862
Irani,2016,0.3547853804032476,0.7587784884244658,0.5567819344138567
Iraceminha,2016,0.42236863923702417,0.8272247745448355,0.6247967068909298
São João Batista,2016,0.2913334551858774,0.5120373013289602,0.4016853782574188
Itaiópolis,2016,0.3989224115503143,0.7084319457979483,0.5536771786741314
São João do Itaperiú,2016,0.3304237580351636,0.7648569950279357,0.5476403765315496
Itá,2016,0.3132102762046202,0.6452854955152041,0.4792478858599122
São João do Oeste,2016,0.3842361813661782,0.8053088310362427,0.5947725062012105
São Francisco do Sul,2016,0.3412170473099674,0.8717126551961668,0.606464851253067
Santa Helena,2016,0.3988756320148555,0.8328330781010713,0.6158543550579634
Santa Cecília,2016,0.3550102856981708,0.6948935945503507,0.5249519401242607
Imbituba,2016,0.42117731466427366,0.8664973562347602,0.6438373354495169
Santa Rosa de Lima,2016,0.37754210521922094,0.5768795206857417,0.4772108129524813
Imbuia,2016,0.3121100163159364,0.44385912728300614,0.37798457179947126
Salto Veloso,2016,0.3787507248353168,0.7571209800918834,0.5679358524636001
Imaruí,2016,0.4389273169038913,0.809582629411022,0.6242549731574567
Sangão,2016,0.6194152239350688,0.8753773280577469,0.7473962759964079
São Bento do Sul,2016,0.25699571477609356,0.5221031138335884,0.389549414304841
Ipira,2016,0.2774805002305595,0.6527139697124379,0.4650972349714987
São Bernardino,2016,0.5265948854583236,0.9378254211332309,0.7322101532957772
Iomerê,2016,0.3813965289952461,0.729351710056151,0.5553741195256985
Ipuaçu,2016,0.500941291851638,0.9331605607256446,0.7170509262886413
Iporã do Oeste,2016,0.39075298969332495,0.8040837161817249,0.597418352937525
Santa Terezinha,2016,0.40277599071295106,0.6896072182442778,0.5461916044786145
Santa Rosa do Sul,2016,0.4190288083305483,0.6488405077654066,0.5339346580479775
Santo Amaro da Imperatriz,2016,0.2942713262556267,0.5364805130828398,0.41537591966923326
Santiago do Sul,2016,0.5150281260649827,0.9105053598774879,0.7127667429712353
Santa Terezinha do Progresso,2016,0.4867984932663284,0.8902501276161301,0.6885243104412293
Indaial,2016,0.3656463338761991,0.7761167740407049,0.570881553958452
Rio Negrinho,2016,0.3517220177391883,0.6288269525267991,0.4902744851329937
Rodeio,2016,0.3573631193848712,0.6791712456819006,0.5182671825333859
Ibicaré,2016,0.3548152628758995,0.7114854517611021,0.5331503573185008
Riqueza,2016,0.4034804258928317,0.8072281776416538,0.6053543017672427
Ibirama,2016,0.3318334176349861,0.49839429667545426,0.4151138571552202
Rio Rufino,2016,0.29573860754917863,0.4701174068402243,0.38292800719470144
Rio Fortuna,2016,0.4031576859462758,0.5824209248551507,0.4927893054007133
Herval d'Oeste,2016,0.32609579098406666,0.6931322888443868,0.5096140399142267
Ibiam,2016,0.3400690034872176,0.6848392036753443,0.512454103581281
Ilhota,2016,0.3371234380102137,0.6838005346094335,0.5104619863098236
Saltinho,2016,0.4948928677937955,0.8950339094290085,0.6949633886114019
Salete,2016,0.3013815573586363,0.6268504338948442,0.4641159956267402
Romelândia,2016,0.4719007852920224,0.8794439863352571,0.6756723858136398
Içara,2016,0.6036428216410552,0.8441387135664137,0.7238907676037345
Rio do Campo,2016,0.336417446010741,0.669547955305995,0.502982700658368
Guabiruba,2016,0.3141375404493731,0.6235767730346747,0.4688571567420239
Guaraciaba,2016,0.4784532276025098,0.8968521354432528,0.6876526815228813
Gravatal,2016,0.5373268579285634,0.7720446599016597,0.6546857589151116
Rio das Antas,2016,0.39541332923363337,0.7350008507742042,0.5652070900039188
Guatambú,2016,0.32639740322636346,0.5879190062957288,0.4571582047610461
Rio do Sul,2016,0.3244137553930622,0.5048289943848902,0.4146213748889762
Guarujá do Sul,2016,0.5296082158426888,0.9289433384379785,0.7292757771403336
Rio do Oeste,2016,0.3013849965423596,0.5519142419601838,0.4266496192512717
Rio dos Cedros,2016,0.3331609111895065,0.5058034535565292,0.4194821823730179
Guaramirim,2016,0.27252465618311605,0.5998314413576171,0.4361780487703666
Presidente Getúlio,2016,0.31343069507280197,0.5359196869150928,0.4246751909939474
Garuva,2016,0.18958872005808333,0.32043410640915326,0.2550114132336183
Presidente Castello Branco,2016,0.2997377495817086,0.6906584992343029,0.49519812440800576
Garopaba,2016,0.37617311479500265,0.7979816269687159,0.5870773708818593
Rancho Queimado,2016,0.2861213577385235,0.4125700856890801,0.3493457217138018
Grão-Pará,2016,0.43146140483194917,0.5196589621349395,0.4755601834834443
Presidente Nereu,2016,0.3316176015641683,0.5676334857847306,0.44962554367444946
Gaspar,2016,0.32991833931650594,0.6879575080041697,0.5089379236603377
Quilombo,2016,0.48001087130705966,0.8506066674519964,0.6653087693795281
Governador Celso Ramos,2016,0.33843755611859955,0.6138307541404248,0.4761341551295122
Princesa,2016,0.5086431687308586,0.9266768759571209,0.7176600223439897
Porto Belo,2016,0.36806829247436706,0.6837639169781287,0.5259161047262478
Faxinal dos Guedes,2016,0.4359514598044637,0.8711927854347455,0.6535721226196046
Flor do Sertão,2016,0.4492064676774632,0.8526799387442571,0.6509432032108602
Ponte Alta do Norte,2016,0.30976370706349765,0.6374885145482388,0.47362611080586825
Entre Rios,2016,0.47360723074851796,0.871056661562021,0.6723319461552695
Doutor Pedrinho,2016,0.3461782431408852,0.5651648263077295,0.4556715347243073
Ponte Serrada,2016,0.38855705166566534,0.8052504922336468,0.596903771949656
Erval Velho,2016,0.30604759399447,0.6714743143533339,0.488760954173902
Ermo,2016,0.4428259434357433,0.7743753398104156,0.6086006416230795
Frei Rogério,2016,0.349302207108053,0.6653905053598774,0.5073463562339652
Pouso Redondo,2016,0.2921744553478601,0.5670239918325675,0.42959922359021374
Praia Grande,2016,0.34302975357969445,0.42340259556059845,0.38321617457014645
Galvão,2016,0.5796190039283269,1.0,0.7898095019641634
Formosa do Sul,2016,0.5173129692981715,0.90229709035222,0.7098050298251958
Porto União,2016,0.4127856118886606,0.798629038138992,0.6057073250138263
Florianópolis,2016,0.3566505824141945,0.6484223329907338,0.5025364577024641
Fraiburgo,2016,0.38215797376109295,0.6994530737256617,0.5408055237433773
Forquilhinha,2016,0.517935675073292,0.8366561867164661,0.677295930894879
Curitibanos,2016,0.3262615244628979,0.6331922049064647,0.4797268646846813
Cunhataí,2016,0.3818219155066839,0.7206738131699839,0.5512478643383338
Pinheiro Preto,2016,0.3734360339554119,0.7148545176110256,0.5441452757832188
Balneário Piçarras,2016,0.3701676664604549,0.7649642049399569,0.5675659357002059
Pinhalzinho,2016,0.42790584779874197,0.7888208269525262,0.6083633373756341
Cunha Porã,2016,0.4019339236332281,0.7758039816232767,0.5888689526282525
Pomerode,2016,0.34520623709089227,0.7491037545446494,0.5471549958177708
Dionísio Cerqueira,2016,0.5397132142145855,0.9401531393568145,0.7399331767857
Ponte Alta,2016,0.2826240375014889,0.5887664871807538,0.4356952623411213
Dona Emma,2016,0.30677440341392387,0.5706312744597581,0.43870283893684103
Piratuba,2016,0.2877266985831302,0.6304747320061255,0.4591007152946278
Descanso,2016,0.415669078335968,0.8342266462480856,0.6249478622920268
Planalto Alegre,2016,0.35697427034822865,0.6544155181214901,0.5056948942348594
Cocal do Sul,2016,0.5537709973892242,0.6408812613762617,0.597326129382743
Cordilheira Alta,2016,0.35309966342173105,0.6762633996937207,0.5146815315577259
Penha,2016,0.39254674788478705,0.7726971464814677,0.5826219471831273
Concórdia,2016,0.30910308362759537,0.681049894939278,0.4950764892834367
Celso Ramos,2016,0.35445329108031465,0.6021439509954056,0.47829862103786014
Paulo Lopes,2016,0.33960885010639524,0.6768849083260028,0.508246879216199
Caxambu do Sul,2016,0.3623158089226113,0.6539050535987746,0.508110431260693
Pedras Grandes,2016,0.5483048223202336,0.660521930166985,0.6044133762436092
Chapecó,2016,0.3173041547442417,0.5848252819156338,0.4510647183299377
Chapadão do Lageado,2016,0.32153606111385313,0.46571866112448024,0.3936273611191667
Cerro Negro,2016,0.3359920219544604,0.5746372055713553,0.4553146137629078
Petrolândia,2016,0.3174879486381478,0.4940615960524077,0.4057747723452777
Corupá,2016,0.292747264030415,0.48642893604608745,0.38958810003825123
Criciúma,2016,0.552220644155121,0.7588256152045955,0.6555231296798583
Correia Pinto,2016,0.29862627499486744,0.5726855074481414,0.4356558912215044
Peritiba,2016,0.2802930987701586,0.6514548238897395,0.46587396132994907
Coronel Freitas,2016,0.40646531621528603,0.7507726576639285,0.5786189869396072
Pescaria Brava,2016,0.5488426396637265,0.8875255674681478,0.7181841035659371
Coronel Martins,2016,0.5553737493148231,0.9585298621745785,0.7569518057447008
Palma Sola,2016,0.5505014405058221,0.9392547217968349,0.7448780811513285
Canoinhas,2016,0.4148649118820592,0.823624298111281,0.6192446049966701
Balneário Rincão,2016,0.6484251993367505,1.0,0.8242125996683752
Ouro,2016,0.28980724568554866,0.680959673302705,0.48538345949412687
Campos Novos,2016,0.3323178799441513,0.6441075760964945,0.4882127280203229
Palhoça,2016,0.3217010658714663,0.6350721847549204,0.47838662531319337
Painel,2016,0.2936101198059592,0.4843717256387523,0.38899092272235575
Canelinha,2016,0.30726634228287614,0.5504199702681164,0.4288431562754963
Paial,2016,0.32499741758154344,0.6140888208269522,0.4695431192042478
Ouro Verde,2016,0.4900591062134503,0.9285145482388971,0.7092868272261736
Papanduva,2016,0.4233907336613496,0.7560153886378065,0.589703061149578
Catanduvas,2016,0.3440435000579476,0.741305861060838,0.5426746805593927
Passos Maia,2016,0.4155090921497652,0.8358550280755486,0.6256820601126569
Passo de Torres,2016,0.45397092046365917,0.6516984611020495,0.5528346907828543
Paraíso,2016,0.45816358157306714,0.8902130029235692,0.6741882922483182
Capinzal,2016,0.2855520074137746,0.6482607744476045,0.4669063909306896
Palmeira,2016,0.2809913990296272,0.5614293006636034,0.4212103498466153
Capivari de Baixo,2016,0.5954285603334067,0.8781998685532754,0.736814214443341
Palmitos,2016,0.3871361043717083,0.7510598855484805,0.5690979949600944
Nova Itaberaba,2016,0.3807565939584428,0.6999489535477279,0.5403527737530853
Xavantina,2016,0.36084072814893764,0.7597939579562853,0.5603173430526115
Capão Alto,2016,0.3577925844608491,0.5137431634215708,0.43576787394120997
Nova Erechim,2016,0.40857954107661026,0.7549770290964775,0.5817782850865438
Xaxim,2016,0.3662602657903393,0.7350689127105664,0.5506645892504529
Nova Trento,2016,0.29364609926233887,0.5207456005888454,0.40719584992559216
Campo Alegre,2016,0.19407135973775808,0.4842379899041461,0.3391546748209521
Xanxerê,2016,0.42991829699066364,0.8646248085758036,0.6472715527832336
Navegantes,2016,0.37105114672983486,0.7242584642628279,0.5476548054963314
Caibi,2016,0.39906858218224595,0.78333843797856,0.591203510080403
Camboriú,2016,0.35539010914709457,0.6379548709791204,0.4966724900631075
Calmon,2016,0.4073466486843147,0.7744826077444759,0.5909146282143953
Orleans,2016,0.45753097739816034,0.5201429300663605,0.48883695373226044
Zortéa,2016,0.3071170138666685,0.6324042879019904,0.4697606508843295
Campo Erê,2016,0.5206290221161494,0.9292251148545172,0.7249270684853333
Otacílio Costa,2016,0.27960093127236474,0.5426169814531222,0.41110895636274347
Novo Horizonte,2016,0.5532613426269519,0.9620214395099537,0.7576413910684527
Nova Veneza,2016,0.4354073197776529,0.5879261518095642,0.5116667357936086
Campo Belo do Sul,2016,0.334565837902272,0.5534796664965116,0.4440227521993918
Vargeão,2016,0.4417616129247878,0.8707503828483916,0.6562559978865897
Modelo,2016,0.43168504289711873,0.8024502297090348,0.6170676363030767
Vidal Ramos,2016,0.319315802300433,0.5076968947404827,0.41350634852045787
Mondaí,2016,0.3940374230398478,0.8058192955589583,0.599928359299403
Botuverá,2016,0.3159364500935096,0.5948289456361255,0.45538269786481755
Vargem Bonita,2016,0.36221161478046376,0.7661481421778029,0.5641798784791333
Braço do Norte,2016,0.4764763875562295,0.6358597769938185,0.556168082275024
Vargem,2016,0.3351496541421197,0.631150346815602,0.48315000047886086
Urussanga,2016,0.5340385826919806,0.604769197112229,0.5694038899021048
Meleiro,2016,0.4717367419087034,0.8252653476112805,0.6485010447599919
Urupema,2016,0.284659134820632,0.4552833078101071,0.3699712213153695
Bom Retiro,2016,0.30974374253897874,0.450390908358185,0.3800673254485819
Bom Jesus do Oeste,2016,0.4570573394073609,0.8432873915262883,0.6501723654668246
Mirim Doce,2016,0.2831514128299395,0.616297251551543,0.44972433219074126
Vitor Meireles,2016,0.34158832600850386,0.6152655758845813,0.4784269509465426
Caçador,2016,0.3991951311874481,0.7569984686064315,0.5780967998969397
Morro Grande,2016,0.3476670616177479,0.4987092539925618,0.42318815780515484
Witmarsum,2016,0.3162264686806998,0.5910498553683848,0.4536381620245423
Morro da Fumaça,2016,0.5970380163831245,0.764626868976301,0.6808324426797128
Monte Carlo,2016,0.34882185721872594,0.6743576654755828,0.5115897613471544
Brunópolis,2016,0.3253743663585602,0.6399863876127276,0.4826803769856439
Braço do Trombudo,2016,0.3001519200700853,0.5476263399693719,0.4238891300197286
Videira,2016,0.38537743246481215,0.7197227371645037,0.552550084814658
Monte Castelo,2016,0.4109901818391802,0.7462262087070661,0.5786081952731231
Brusque,2016,0.30567530548623534,0.5722915103604292,0.4389834079233323
Trombudo Central,2016,0.31551091423164496,0.5312404287901988,0.4233756715109219
Maracajá,2016,0.537738239597338,0.8884476278278137,0.7130929337125759
Benedito Novo,2016,0.34435592892627426,0.5636729799661641,0.45401445444621913
Biguaçu,2016,0.3013192336599901,0.5205510910703434,0.4109351623651667
Major Vieira,2016,0.43813929663762835,0.7886441276946633,0.6133917121661459
Barra Velha,2016,0.3620578440577071,0.7974052911354043,0.5797315675965556
Barra Bonita,2016,0.47099873334623227,0.88177641653905,0.6763875749426411
Bandeirante,2016,0.4380657235024704,0.8675563334062566,0.6528110284543636
Balneário Gaivota,2016,0.47894043613482723,0.7100560243954329,0.59449823026513
Balneário Barra do Sul,2016,0.37498256314844663,0.9420816822546727,0.6585321227015597
Treze Tílias,2016,0.37836941093788123,0.7425727411944872,0.5604710760661842
Belmonte,2016,0.41404264488637904,0.8486983154670749,0.6313704801767269
Bela Vista do Toldo,2016,0.42904980578918506,0.8058298568939108,0.6174398313415479
União do Oeste,2016,0.44525100508225557,0.8034303215926487,0.6243406633374522
Bombinhas,2016,0.4162607930985308,0.8237993797342636,0.6200300864163972
Urubici,2016,0.31522765056075963,0.4204917795949029,0.3678597150778313
Bom Jesus,2016,0.4835323688959631,0.9221031138335882,0.7028177413647757
Tunápolis,2016,0.38729354251876413,0.8278276088383284,0.6075605756785463
Matos Costa,2016,0.4126254978792703,0.7928720590282609,0.6027487784537655
Marema,2016,0.44337264989312297,0.8159264931087286,0.6296495715009258
Bom Jardim da Serra,2016,0.3096224103751063,0.39683511995916276,0.35322876516713453
Tubarão,2016,0.6060085276362436,0.8262956417289601,0.7161520846826018
Maravilha,2016,0.4385498353271292,0.8221881912540407,0.630369013290585
Turvo,2016,0.40989909285512066,0.6879606647282699,0.5489298787916953
Bocaina do Sul,2017,0.270303354986767,0.4953351886833265,0.3828192718350467
Massaranduba,2017,0.22427400940141196,0.292405081544074,0.25833954547274296
Blumenau,2017,0.23076120343523304,0.32392360059666,0.2773424020159465
Timbé do Sul,2017,0.3522865048632943,0.6631857473522568,0.5077361261077755
Lontras,2017,0.26499772235897107,0.4495076942841152,0.3572527083215431
Ascurra,2017,0.24818235951727108,0.4069849601292015,0.3275836598232363
Tigrinhos,2017,0.5708608420697612,0.8600989199555868,0.715479881012674
Arroio Trinta,2017,0.4097127834931008,0.7381851216311699,0.5739489525621353
Lindóia do Sul,2017,0.5552375151460661,0.7817368190841493,0.6684871671151077
Tijucas,2017,0.30352865285730946,0.5060819487194985,0.404805300788404
Arvoredo,2017,0.6300755419069668,0.9036568640197078,0.7668662029633373
Leoberto Leal,2017,0.2917945972372832,0.4547387761066012,0.3732666866719422
Treviso,2017,0.3632219597564059,0.6105783789239932,0.4869001693401996
Balneário Arroio do Silva,2017,0.47767600767104296,0.7839793639439283,0.6308276858074856
Treze de Maio,2017,0.3817779980431912,0.691214651865443,0.5364963249543171
Major Gercino,2017,0.3161689315412476,0.4568801394342308,0.3865245354877392
Balneário Camboriú,2017,0.33589621145782844,0.550335746245879,0.4431159788518537
Macieira,2017,0.3791872763575219,0.7487923401923603,0.563989808274941
Luzerna,2017,0.43368240852656814,0.7255475926112849,0.5796150005689265
Timbó,2017,0.24061966357000436,0.36136065408297163,0.300990158826488
Luiz Alves,2017,0.2477041529088519,0.312424834261158,0.28006449358500496
Três Barras,2017,0.5747382965110176,1.0,0.7873691482555087
Atalanta,2017,0.27905162576572656,0.4935096396487331,0.38628063270722984
Mafra,2017,0.5595190589670939,0.9574729401345075,0.7584959995508007
Timbó Grande,2017,0.4075730798226746,0.756422226708388,0.5819976532655313
Aurora,2017,0.27456664575047257,0.46613505602099525,0.37035085088573394
Siderópolis,2017,0.35761241102270863,0.5830221055819116,0.4703172583023101
Laguna,2017,0.3729500946691022,1.0,0.6864750473345511
Antônio Carlos,2017,0.33763110007458375,0.5776149055807455,0.4576230028276646
Serra Alta,2017,0.5652542609953692,0.8486928434440296,0.7069735522196994
Lajeado Grande,2017,0.6349583414671027,0.8859416173650916,0.7604499794160972
Arabutã,2017,0.5848236760320904,0.7511992648495831,0.6680114704408368
Apiúna,2017,0.24307554851142124,0.4056184050127726,0.3243469767620969
Seara,2017,0.613090984984991,0.8918644863363047,0.7524777356606478
Lages,2017,0.3175983986210941,0.5058522520308433,0.4117253253259687
Anitápolis,2017,0.3577054626889705,0.5593746235944216,0.45854004314169605
Taió,2017,0.3187390875615812,0.5835622641921221,0.45115067587685165
Lauro Müller,2017,0.3374219745771787,0.573764582041558,0.45559327830936835
Tangará,2017,0.44327585919420887,0.6890077722822248,0.5661418157382168
Lebon Régis,2017,0.3954650547273312,0.7085091349550824,0.5519870948412068
Armazém,2017,0.3552452230494297,0.6753681504130983,0.515306686731264
Sombrio,2017,0.3930343288374145,0.7412434565517744,0.5671388926945944
Laurentino,2017,0.2980804323379044,0.5057030382557786,0.40189173529684147
Araquari,2017,0.2645350224395254,0.4600670312108976,0.3623010268252115
Sul Brasil,2017,0.5767755971078128,0.8563641869385287,0.7165698920231707
Araranguá,2017,0.469998256626882,0.7488716935888401,0.609434975107861
Alfredo Wagner,2017,0.33558792110253594,0.5083248498979442,0.42195638550024006
São Miguel da Boa Vista,2017,0.5614104780534,0.8658524275764614,0.7136314528149308
Jardinópolis,2017,0.5853873263332042,0.8488947209044108,0.7171410236188075
São Martinho,2017,0.3603880415758891,0.6545641144230891,0.5074760779994891
Alto Bela Vista,2017,0.5249182039375357,0.7771247526376771,0.6510214782876065
Jaraguá do Sul,2017,0.2333312922087631,0.3446326700382524,0.28898198112350776
São Lourenço do Oeste,2017,0.6223076134759493,0.9661855253860908,0.7942465694310201
Águas Frias,2017,0.60691682822329,0.9028596622543039,0.7548882452387969
São Ludgero,2017,0.35358522484970356,0.6346773582939637,0.4941312915718336
Jaguaruna,2017,0.4337830117035507,0.8791861191568452,0.656484565430198
Águas Mornas,2017,0.3691926326526127,0.6860412884890918,0.5276169605708523
José Boiteux,2017,0.33643653980589705,0.5427908116915892,0.4396136757487431
Saudades,2017,0.5802842382552265,0.7685107866797581,0.6743975124674924
Joinville,2017,0.25391487086603637,0.3302377186472592,0.29207629475664776
Schroeder,2017,0.23197676338322465,0.2824265670737864,0.2572016652285055
Angelina,2017,0.3385179992766872,0.5048544824818086,0.4216862408792479
Lacerdópolis,2017,0.4935343374829106,0.8372176480841599,0.6653759927835352
Anita Garibaldi,2017,0.38568387250703484,0.5843090743918439,0.48499647344943936
Jupiá,2017,0.6397389230693751,1.0,0.8198694615346875
São Miguel do Oeste,2017,0.5312878942837054,0.8614111234480669,0.6963495088658862
Joaçaba,2017,0.46009329627634543,0.7175190813022653,0.5888061887893054
Anchieta,2017,0.5600483276678244,0.898556576158272,0.7293024519130482
São Pedro de Alcântara,2017,0.35855027804494716,0.6536734184391225,0.5061118482420348
Itapoá,2017,0.2396456062508857,0.5214100450951439,0.3805278256730148
São José,2017,0.306596688414821,0.6174003832021292,0.4619985358084751
Itapiranga,2017,0.6350854125296751,0.881776165413405,0.75843078897154
Agrolândia,2017,0.27858320985415264,0.507075804986373,0.3928295074202628
São João do Sul,2017,0.34434268697851556,0.7285893783746616,0.5364660326765887
Abdon Batista,2017,0.4326666095787941,0.6114868274957102,0.5220767185372521
Itajaí,2017,0.2956492853238502,0.41463555465770435,0.3551424199907773
São Joaquim,2017,0.3236696083435211,0.5603189080044677,0.4419942581739944
Itapema,2017,0.31177248123188545,0.5126034061927088,0.41218794371229717
Abelardo Luz,2017,0.5301128085618514,0.9236903199757747,0.726901564268813
São José do Cerrito,2017,0.4246767532478928,0.5833540913622676,0.5040154223050801
Jaborá,2017,0.49849172152304444,0.7322095488038761,0.6153506351634603
Água Doce,2017,0.393962527654901,0.7624248797397891,0.578193703697345
Jacinto Machado,2017,0.3582545940629077,0.6743801856504487,0.5163173898566782
Águas de Chapecó,2017,0.6044624199667572,0.8577145017428488,0.731088460854803
São José do Cedro,2017,0.5647602308817534,0.9128495003532855,0.7388048656175195
Ituporanga,2017,0.29233810857035003,0.44401353641497526,0.3681758224926627
Agronômica,2017,0.28743657384535837,0.4952054103159384,0.3913209920806484
São Cristóvão do Sul,2017,0.3219984808664186,0.5777059991251979,0.44985223999580826
Irati,2017,0.5892815050530765,0.8943171494902598,0.7417993272716681
São Carlos,2017,0.59791023618437,0.8552446909077887,0.7265774635460793
São Domingos,2017,0.6143911932117055,0.964146563036237,0.7892688781239713
Irineópolis,2017,0.42326273983125406,0.8237721925013738,0.6235174661663139
São Bonifácio,2017,0.35394056587408657,0.5747140252321422,0.46432729555311436
Ipumirim,2017,0.5710372332086634,0.7846976885030786,0.677867460855871
Irani,2017,0.5232737303273403,0.7683812396463581,0.6458274849868492
Iraceminha,2017,0.5478682263256724,0.8308603344436595,0.689364280384666
São João Batista,2017,0.30697244695934073,0.466369458761227,0.38667095286028386
Itaiópolis,2017,0.4662781012983709,0.7040384668324512,0.585158284065411
São João do Itaperiú,2017,0.2549514458692621,0.3841239120111824,0.3195376789402222
Itá,2017,0.6145511364494172,0.9064939318849023,0.7605225341671598
São João do Oeste,2017,0.5848542580404529,0.8505741594736389,0.7177142087570458
São Francisco do Sul,2017,0.26888208689395654,0.5657771865528121,0.4173296367233843
Santa Helena,2017,0.5504232938595267,0.8411426264257592,0.695782960142643
Santa Cecília,2017,0.3837776613847535,0.6677688711917384,0.5257732662882459
Imbituba,2017,0.36787540402418756,0.9260132564151429,0.6469443302196652
Santa Rosa de Lima,2017,0.3715444426793765,0.5101454224551085,0.4408449325672425
Imbuia,2017,0.2882137978567093,0.43330895544079273,0.360761376648751
Salto Veloso,2017,0.3949104375688737,0.7443221964267689,0.5696163169978212
Imaruí,2017,0.3617647641308039,0.8250561852578892,0.5934104746943465
Sangão,2017,0.422335209979802,0.7869570364495404,0.6046461232146711
São Bento do Sul,2017,0.33735551238798533,0.49328757444231375,0.41532154341514954
Ipira,2017,0.5113576100706358,0.8668430244679363,0.689100317269286
São Bernardino,2017,0.6040855983826445,0.9355001514080948,0.7697928748953697
Iomerê,2017,0.4316669049742349,0.7249419602301406,0.5783044326021878
Ipuaçu,2017,0.6293863446334974,0.9298631115528259,0.7796247280931616
Iporã do Oeste,2017,0.5598097792583938,0.8217421350964911,0.6907759571774424
Santa Terezinha,2017,0.4075302870185984,0.6758802812098462,0.5417052841142223
Santa Rosa do Sul,2017,0.36102861993877683,0.7290098165246772,0.545019218231727
Santo Amaro da Imperatriz,2017,0.3528761339851999,0.6324808851919622,0.49267850958858106
Santiago do Sul,2017,0.614325532294093,0.9186949522706068,0.76651024228235
Santa Terezinha do Progresso,2017,0.5725629543005639,0.888664580599576,0.7306137674500699
Indaial,2017,0.22316688620324504,0.36020444680987734,0.2916856665065612
Rio Negrinho,2017,0.4139043178066856,0.6124800646007875,0.5131921912037365
Rodeio,2017,0.2390766560691679,0.3972948420308875,0.3181857490500277
Ibicaré,2017,0.44291947696044665,0.7115675784798626,0.5772435277201546
Riqueza,2017,0.5733859443218993,0.8543359255664768,0.713860934944188
Ibirama,2017,0.2732544305029205,0.4669137262253239,0.37008407836412216
Rio Rufino,2017,0.2918568272808574,0.5523782459329154,0.4221175366068864
Rio Fortuna,2017,0.3532107247906679,0.5278245371427618,0.4405176309667148
Herval d'Oeste,2017,0.4662269812961283,0.705829508698399,0.5860282449972636
Ibiam,2017,0.4545814039605892,0.6850105985666698,0.5697960012636295
Ilhota,2017,0.26365783678606597,0.3517683767010027,0.30771310674353436
Saltinho,2017,0.575997452500025,0.8950958196945886,0.7355466360973069
Salete,2017,0.3263363693928417,0.5977591601897648,0.4620477647913033
Romelândia,2017,0.5595506147078323,0.8805739531489001,0.7200622839283661
Içara,2017,0.4789044664521612,0.7502598102282841,0.6145821383402227
Rio do Campo,2017,0.3513244152947641,0.6401085652120275,0.4957164902533958
Guabiruba,2017,0.25385477360681363,0.3484250399661961,0.3011399067865049
Guaraciaba,2017,0.5304414839034239,0.8945863194374348,0.7125139016704294
Gravatal,2017,0.36361392530518377,0.7150973477466576,0.5393556365259207
Rio das Antas,2017,0.4096615732978052,0.7233269405470879,0.5664942569224466
Guatambú,2017,0.6063615675526419,0.9241388031594022,0.7652501853560221
Rio do Sul,2017,0.2831198103915812,0.48373877056626646,0.3834292904789238
Guarujá do Sul,2017,0.5779009845929799,0.9227818714040574,0.7503414279985187
Rio do Oeste,2017,0.30456148820215834,0.5304330271525183,0.4174972576773383
Rio dos Cedros,2017,0.28807812275503847,0.47148132807523774,0.3797797254151381
Guaramirim,2017,0.22700719979986195,0.276557911907365,0.2517825558536135
Presidente Getúlio,2017,0.3077618007552474,0.5183540257730225,0.41305791326413493
Garuva,2017,0.255816491049599,0.4019200020574942,0.32886824655354663
Presidente Castello Branco,2017,0.5226834144013366,0.8514288057910981,0.6870561100962174
Garopaba,2017,0.34966472361714085,0.8450481978491159,0.5973564607331283
Rancho Queimado,2017,0.3497306670388121,0.5658253263971216,0.4577779967179668
Grão-Pará,2017,0.3436166297100298,0.5439305106958721,0.44377357020295094
Presidente Nereu,2017,0.2552764843048668,0.39860704552336756,0.3269417649141172
Gaspar,2017,0.24996013532599037,0.3256735412112595,0.2878168382686249
Quilombo,2017,0.606917682357298,0.9194653740071004,0.7631915281821993
Governador Celso Ramos,2017,0.2948918115136532,0.6072512642549001,0.4510715378842766
Princesa,2017,0.5673244795580082,0.9193903300696477,0.743357404813828
Porto Belo,2017,0.3105867415783572,0.5111349799607662,0.4108608607695617
Faxinal dos Guedes,2017,0.5767618666748349,0.8717068739275259,0.7242343703011804
Flor do Sertão,2017,0.5550158619284438,0.8569698193196732,0.7059928406240585
Ponte Alta do Norte,2017,0.34752329084144085,0.6114262642575957,0.4794747775495183
Entre Rios,2017,0.6260483334100739,0.9739154507889963,0.7999818920995352
Doutor Pedrinho,2017,0.34240552435929394,0.5407234650672306,0.44156449471326226
Ponte Serrada,2017,0.49062465214585305,0.8003143520454513,0.6454695020956522
Erval Velho,2017,0.47842345123407715,0.8116252601790236,0.6450243557065504
Ermo,2017,0.4271774268232793,0.6737764706654232,0.5504769487443513
Frei Rogério,2017,0.4361185080976341,0.6569092560815586,0.5465138820895963
Pouso Redondo,2017,0.28881037519455643,0.537263214562094,0.41303679487832523
Praia Grande,2017,0.32773276230474424,0.6471030026591916,0.48741788248196793
Galvão,2017,0.6254413143996335,0.9883632063908636,0.8069022603952485
Formosa do Sul,2017,0.6071213151325446,0.9018875542545671,0.7545044346935559
Porto União,2017,0.3622714426753281,0.7697875960720413,0.5660295193736847
Florianópolis,2017,0.2748045536441792,0.7254557541986196,0.5001301539213994
Fraiburgo,2017,0.4142104678574875,0.6903055559561063,0.5522580119067969
Forquilhinha,2017,0.49670217338835093,0.6922488012112638,0.5944754872998074
Curitibanos,2017,0.40494732720223214,0.6184694125959659,0.511708369899099
Cunhataí,2017,0.5694953622841595,0.8352207599964727,0.7023580611403162
Pinheiro Preto,2017,0.44066931024639877,0.7114161703845764,0.5760427403154875
Balneário Piçarras,2017,0.29318897564085933,0.44053270747462403,0.3668608415577417
Pinhalzinho,2017,0.5795567988697137,0.7939335823155347,0.6867451905926242
Cunha Porã,2017,0.5447489789604434,0.7807610780256382,0.6627550284930408
Pomerode,2017,0.21483627999913935,0.33955788836176465,0.27719708418045197
Dionísio Cerqueira,2017,0.604744741384553,0.9320480468355709,0.768396394110062
Ponte Alta,2017,0.32344310411001415,0.5632316022883788,0.4433373531991964
Dona Emma,2017,0.33175506887621653,0.5524040240907103,0.4420795464834634
Piratuba,2017,0.5023004992468824,0.8933855571163449,0.6978430281816137
Descanso,2017,0.5477265697129484,0.839431714949026,0.6935791423309872
Planalto Alegre,2017,0.5937917261471014,0.8640609459750435,0.7289263360610725
Cocal do Sul,2017,0.42314351326652794,0.6409609367114164,0.5320522249889722
Cordilheira Alta,2017,0.6275698073556918,0.903265695331645,0.7654177513436684
Penha,2017,0.30335249571992157,0.4638643621042419,0.38360842891208174
Concórdia,2017,0.5478285851841993,0.735520526154773,0.6416745556694862
Celso Ramos,2017,0.4385943931029387,0.7199192035189534,0.579256798310946
Paulo Lopes,2017,0.34968073048031406,0.6826140771642448,0.5161474038222794
Caxambu do Sul,2017,0.6041520244863422,0.89146274866044,0.7478073865733911
Pedras Grandes,2017,0.3654509565206321,0.6376287646166199,0.501539860568626
Chapecó,2017,0.6228594504048677,0.9453902597349915,0.7841248550699296
Chapadão do Lageado,2017,0.29988375406165707,0.4763364547479135,0.38811010440478527
Cerro Negro,2017,0.3680404847612998,0.5701307877546903,0.46908563625799504
Petrolândia,2017,0.2815443102417608,0.4754214191985467,0.37848286472015374
Corupá,2017,0.2985702886087156,0.4548299182396284,0.376700103424172
Criciúma,2017,0.4668301163525389,0.6664605649065991,0.5666453406295691
Correia Pinto,2017,0.34395972176892997,0.556576158271929,0.45026794002042947
Peritiba,2017,0.5108850478328727,0.7824031826431116,0.6466441152379921
Coronel Freitas,2017,0.6151215590537474,0.9531216356160734,0.7841215973349105
Pescaria Brava,2017,0.353547050883101,0.8892337675131385,0.6213904091981197
Coronel Martins,2017,0.6220049523648019,0.9579085495104472,0.7899567509376246
Palma Sola,2017,0.6139299500843365,0.9312607247400828,0.7725953374122096
Canoinhas,2017,0.4958341136739644,0.816008882608257,0.6559214981411107
Balneário Rincão,2017,0.5220099598441983,0.8232223218679915,0.6726161408560949
Ouro,2017,0.5049468591684225,0.8816557126598243,0.6933012859141234
Campos Novos,2017,0.463248190005517,0.7412296037329605,0.6022388968692387
Palhoça,2017,0.32661556984497575,0.7059628342461648,0.5162892020455703
Painel,2017,0.2673468135450495,0.4775783204857807,0.37246256701541514
Canelinha,2017,0.29771116878394865,0.4631997062505491,0.38045543751724886
Paial,2017,0.6291661377880425,1.0,0.8145830688940212
Ouro Verde,2017,0.5750706544854254,0.9215706066417685,0.748320630563597
Papanduva,2017,0.46657780059721143,0.7473848252159722,0.6069813129065917
Catanduvas,2017,0.4558440796572547,0.7459372161098212,0.600890647883538
Passos Maia,2017,0.47722192109600026,0.8222468961340467,0.6497344086150234
Passo de Torres,2017,0.42320026093016233,0.8357640828566086,0.6294821718933855
Paraíso,2017,0.5243886579768342,0.8927204823036053,0.7085545701402198
Capinzal,2017,0.4896466163541907,0.9358256811527123,0.7127361487534515
Palmeira,2017,0.2958530666773852,0.5412334712829314,0.4185432689801583
Capivari de Baixo,2017,0.36640135805796137,0.8307259598780379,0.5985636589679997
Palmitos,2017,0.5827545010827437,0.9151673431244072,0.7489609221035755
Nova Itaberaba,2017,0.6178340473173511,0.9233868900532152,0.7706104686852832
Xavantina,2017,0.6054235143402091,0.8217941119013997,0.7136088131208045
Capão Alto,2017,0.3102397449708375,0.5102943084975993,0.4102670267342184
Nova Erechim,2017,0.5978834364397261,0.8710537378625849,0.7344685871511555
Xaxim,2017,0.6322257541183108,0.8808745660615421,0.7565501600899265
Nova Trento,2017,0.29084321491978715,0.4270510697573528,0.35894714233856995
Campo Alegre,2017,0.33068897452793566,0.45357379181947677,0.3921313831737062
Xanxerê,2017,0.6269236529167601,0.8680932673866961,0.7475084601517281
Navegantes,2017,0.2924860600352541,0.41769600939984136,0.35509103471754777
Caibi,2017,0.5712619421672742,0.8722366708526972,0.7217493065099857
Camboriú,2017,0.3042654824180736,0.4492703168514431,0.3767678996347583
Calmon,2017,0.38089885532672163,0.7517858945334467,0.5663423749300842
Orleans,2017,0.33708403693890765,0.5606907852634454,0.4488874111011765
Zortéa,2017,0.4812152933154912,0.888919193265593,0.685067243290542
Campo Erê,2017,0.5933857450406751,0.9242353891188051,0.75881056707974
Otacílio Costa,2017,0.26804020177086896,0.521718650112715,0.394879425941792
Novo Horizonte,2017,0.6229498990518579,0.9610881195114566,0.7920190092816572
Nova Veneza,2017,0.4159484729608949,0.6099481377200181,0.5129483053404564
Campo Belo do Sul,2017,0.354851465695481,0.5499814945661315,0.45241648013080626
Vargeão,2017,0.5298980351146191,0.8638336529726457,0.6968658440436324
Modelo,2017,0.5654944299821312,0.8069042091450486,0.6861993195635898
Vidal Ramos,2017,0.27353796387134216,0.4104688111035789,0.3420033874874605
Mondaí,2017,0.58308793564561,0.911648101715332,0.747368018680471
Botuverá,2017,0.2608498877323622,0.380382680271217,0.3206162840017896
Vargem Bonita,2017,0.4470576818641069,0.7654449538603753,0.6062513178622411
Braço do Norte,2017,0.3569690972368603,0.6372504687429963,0.4971097829899283
Vargem,2017,0.4560629195932945,0.6294242496801856,0.5427435846367401
Urussanga,2017,0.3898706924803097,0.6239455507649712,0.5069081216226404
Meleiro,2017,0.4665686764992574,0.6791273670183025,0.5728480217587799
Urupema,2017,0.268964777894941,0.5152910896295269,0.3921279337622339
Bom Retiro,2017,0.30181722262329336,0.5091783093186913,0.40549776597099235
Bom Jesus do Oeste,2017,0.5602034479410417,0.8460684364590692,0.7031359422000554
Mirim Doce,2017,0.30871641692448504,0.580695202222777,0.44470580957363104
Vitor Meireles,2017,0.3673822133318575,0.6003304415272561,0.4838563274295568
Caçador,2017,0.3901052990446736,0.7417220147370548,0.5659136568908643
Morro Grande,2017,0.3525109624702639,0.6219005176773954,0.48720574007382966
Witmarsum,2017,0.34381828093239314,0.5729955250496281,0.4584069029910106
Morro da Fumaça,2017,0.4294951477456258,0.6793684281888951,0.5544317879672604
Monte Carlo,2017,0.4326792645455598,0.6670704215874297,0.5498748430664948
Brunópolis,2017,0.45204607987378664,0.6338279331112684,0.5429370064925275
Braço do Trombudo,2017,0.27933790691758525,0.5260926617543151,0.40271528433595016
Videira,2017,0.4298657181708354,0.711448045773058,0.5706568819719466
Monte Castelo,2017,0.4106191368613068,0.7243507476675942,0.5674849422644506
Brusque,2017,0.2735664731728689,0.38348754299049664,0.3285270080816828
Trombudo Central,2017,0.2888865009828267,0.5094377712728373,0.399162136127832
Maracajá,2017,0.48830931788064247,0.7254792295424155,0.606894273711529
Benedito Novo,2017,0.27537586580551543,0.4626925140650152,0.3690341899352653
Biguaçu,2017,0.3134390648836337,0.5513925598060143,0.432415812344824
Major Vieira,2017,0.4576109461645394,0.7761256609545699,0.6168683035595547
Barra Velha,2017,0.2854796597295538,0.41679639654312184,0.3511380281363378
Barra Bonita,2017,0.546973081628295,0.8822045018673662,0.7145887917478306
Bandeirante,2017,0.5251165098198447,0.8739852052661176,0.6995508575429812
Balneário Gaivota,2017,0.431020364622788,0.8271118199124723,0.6290660922676301
Balneário Barra do Sul,2017,0.29501841902748704,0.5730878761949911,0.4340531476112391
Treze Tílias,2017,0.40722713021190626,0.7356414656303624,0.5714342979211343
Belmonte,2017,0.5351573891081816,0.85525386090643,0.6952056250073058
Bela Vista do Toldo,2017,0.46047936073908907,0.7927588643348662,0.6266191125369777
União do Oeste,2017,0.5911631258160119,0.8661813409344915,0.7286722333752518
Bombinhas,2017,0.3225668022384173,0.6000469879558057,0.46130689509711154
Urubici,2017,0.29170710398196326,0.5176165741265786,0.4046618390542709
Bom Jesus,2017,0.6292634773085213,0.91914807711719,0.7742057772128557
Tunápolis,2017,0.5644233847795554,0.8367820732815178,0.7006027290305366
Matos Costa,2017,0.37129808043068013,0.763830900098186,0.567564490264433
Marema,2017,0.6171697722942553,0.9522603533308043,0.7847150628125298
Bom Jardim da Serra,2017,0.26960510980330443,0.49720010136145104,0.3834026055823777
Tubarão,2017,0.38209926480639766,0.7403569655003801,0.5612281151533889
Maravilha,2017,0.5473009087414804,0.823861915817099,0.6855814122792897
Turvo,2017,0.40960356998029984,0.6691657992260397,0.5393846846031698
Bocaina do Sul,2018,0.30259777238192753,0.5006871609403254,0.40164246666112646
Massaranduba,2018,0.3143804087738693,0.595820600710336,0.4551005047421027
Blumenau,2018,0.33500483040928264,0.6175799460327632,0.47629238822102293
Timbé do Sul,2018,0.3137415943023392,0.4602948622486969,0.3870182282755181
Lontras,2018,0.3688510095236627,0.595334666527724,0.48209283802569336
Ascurra,2018,0.36077077646866007,0.63479457292854,0.49778267469860005
Tigrinhos,2018,0.4664335426139914,0.8654177215189874,0.6659256320664895
Arroio Trinta,2018,0.500931731019522,0.7641924050632916,0.6325620680414068
Lindóia do Sul,2018,0.5006675001384713,0.8156995110759625,0.658183505607217
Tijucas,2018,0.35185249773282634,0.5119618750855591,0.43190718640919273
Arvoredo,2018,0.47377219282047955,0.7896983315429659,0.6317352621817227
Leoberto Leal,2018,0.33469429659053423,0.5574164228858441,0.4460553597381892
Treviso,2018,0.3666343226122031,0.5936708860759496,0.48015260434407636
Balneário Arroio do Silva,2018,0.5524013697432717,0.8742360468947632,0.7133187083190174
Treze de Maio,2018,0.4669054022275422,0.7484508026643092,0.6076781024459257
Major Gercino,2018,0.35007842606023787,0.6690151188250665,0.5095467724426521
Balneário Camboriú,2018,0.3980913883796776,0.45160108996851805,0.4248462391740978
Macieira,2018,0.47550772852775147,0.7771428571428572,0.6263252928353044
Luzerna,2018,0.5247862948592377,0.7803904610442305,0.6525883779517341
Timbó,2018,0.3393139903917386,0.6120392189884724,0.4756766046901055
Luiz Alves,2018,0.33507796620837993,0.5930346012190434,0.46405628371371166
Três Barras,2018,0.4787619068357901,0.7854361334867664,0.6320990201612783
Atalanta,2018,0.3231734503804101,0.500253164556962,0.41171330746868606
Mafra,2018,0.46593851110814394,0.732879917892576,0.59940921450036
Timbó Grande,2018,0.46104912489993266,0.7798987341772153,0.6204739295385739
Aurora,2018,0.3428083675511134,0.48828301452171563,0.4155456910364145
Siderópolis,2018,0.3646037955991366,0.5675226039783001,0.46606319978871835
Laguna,2018,0.4304118657332625,1.0,0.7152059328666313
Antônio Carlos,2018,0.3485318151781203,0.7056107707575502,0.5270712929678353
Serra Alta,2018,0.46828082005658156,0.8567088607594938,0.6624948404080377
Lajeado Grande,2018,0.5411587082557185,0.9346723601540693,0.737915534204894
Arabutã,2018,0.4723089661902333,0.7515745677339205,0.6119417669620769
Apiúna,2018,0.36308071360388966,0.6231676696180384,0.493124191610964
Seara,2018,0.4574604392099122,0.7446816913896019,0.6010710652997571
Lages,2018,0.34705716938740383,0.5128541552008806,0.4299556622941422
Anitápolis,2018,0.28985387134571655,0.4693299053982939,0.3795918883720052
Taió,2018,0.35179803068524135,0.6080437906260693,0.47992091065565534
Lauro Müller,2018,0.3439568197531082,0.5578878842676311,0.4509223520103697
Tangará,2018,0.5105670790884114,0.7154057295136577,0.6129864043010345
Lebon Régis,2018,0.4513010496691706,0.7357326582278484,0.5935168539485095
Armazém,2018,0.4032552995135602,0.6398621556061657,0.521558727559863
Sombrio,2018,0.44686922959101727,0.6654537572008573,0.5561614933959373
Laurentino,2018,0.33881238402174085,0.5115949367088607,0.4252036603653008
Araquari,2018,0.3032287693128024,0.6008638725509264,0.4520463209318644
Sul Brasil,2018,0.48315748858566726,0.865215189873418,0.6741863392295426
Araranguá,2018,0.5358509120096567,0.8069675336733335,0.6714092228414952
Alfredo Wagner,2018,0.29194881159386193,0.3794623459414588,0.3357055787676604
São Miguel da Boa Vista,2018,0.4746081350575593,0.8708860759493674,0.6727471055034633
Jardinópolis,2018,0.4995264520735557,0.8563037974683547,0.6779151247709552
São Martinho,2018,0.36750747867660666,0.6440233764632884,0.5057654275699476
Alto Bela Vista,2018,0.5065652791681957,0.65166582278481,0.5791155509765029
Jaraguá do Sul,2018,0.3108753655962634,0.5869599224658442,0.4489176440310538
São Lourenço do Oeste,2018,0.5514724630597285,0.9702616033755278,0.7608670332176282
Águas Frias,2018,0.49675822648992773,0.836886241504641,0.6668222339972844
São Ludgero,2018,0.41279373961672433,0.5939242450968585,0.5033589923567914
Jaguaruna,2018,0.5139966160695573,0.9580082593796098,0.7360024377245835
Águas Mornas,2018,0.34484585866517536,0.6650435474878336,0.5049447030765044
José Boiteux,2018,0.40170084663051425,0.6207847781541288,0.5112428123923215
Saudades,2018,0.47141150948012334,0.8160539741245937,0.6437327418023585
Joinville,2018,0.2782845272137758,0.5743922328465785,0.4263383800301771
Schroeder,2018,0.28434622559128814,0.5667748233554998,0.425560524473394
Angelina,2018,0.3461825692649183,0.6633995671005026,0.5047910681827105
Lacerdópolis,2018,0.5697420338852548,0.7547517031990577,0.6622468685421563
Anita Garibaldi,2018,0.45102814367545235,0.5957974683544303,0.5234128060149413
Jupiá,2018,0.5912348526283964,1.0,0.7956174263141982
São Miguel do Oeste,2018,0.47353621836518783,0.8589367088607593,0.6662364636129736
Joaçaba,2018,0.5308899854482493,0.7705179889678883,0.6507039872080688
Anchieta,2018,0.49249982136241005,0.9050126582278482,0.6987562397951291
São Pedro de Alcântara,2018,0.3606337143110036,0.7688618184267383,0.5647477663688709
Itapoá,2018,0.2517279294693296,0.6545644625691706,0.4531461960192501
São José,2018,0.33814495166937963,0.6221824798152972,0.4801637157423384
Itapiranga,2018,0.4775028335535801,0.8179848101265823,0.6477438218400812
Agrolândia,2018,0.32010096413535283,0.5149569620253163,0.41752896308033455
São João do Sul,2018,0.3580291133264817,0.6296391106996719,0.4938341120130768
Abdon Batista,2018,0.4891824742583272,0.6237606444188724,0.5564715593385998
Itajaí,2018,0.37299044149720845,0.5147029694191257,0.44384670545816707
São Joaquim,2018,0.29901627698046906,0.4487175406871611,0.37386690883381507
Itapema,2018,0.37209464308512347,0.490305412080717,0.4312000275829202
Abelardo Luz,2018,0.586220742596527,0.9981343005735782,0.7921775215850526
São José do Cerrito,2018,0.42983961636226065,0.5965152643335817,0.5131774403479212
Jaborá,2018,0.51699050611853,0.7741911893482708,0.6455908477334005
Água Doce,2018,0.47058590569327474,0.7860585679198939,0.6283222368065844
Jacinto Machado,2018,0.3148622539818745,0.4298738883383113,0.3723680711600929
Águas de Chapecó,2018,0.47165145647987794,0.8103941817361966,0.6410228191080373
São José do Cedro,2018,0.511795369590538,0.9164151898734176,0.7141052797319778
Ituporanga,2018,0.32855052119545136,0.4483197868087942,0.3884351540021228
Agronômica,2018,0.33238881865329695,0.49994936708860754,0.4161690928709523
São Cristóvão do Sul,2018,0.3736653111004076,0.60610970464135,0.48988750787087876
Irati,2018,0.5102494686376814,0.8994430379746835,0.7048462533061824
São Carlos,2018,0.4703179266162167,0.829740872760295,0.6500293996882558
São Domingos,2018,0.5976658890758588,0.9665215189873416,0.7820937040316003
Irineópolis,2018,0.5095751015600667,0.8375358649789031,0.6735554832694849
São Bonifácio,2018,0.32979340458921164,0.5726680731255932,0.4512307388574024
Ipumirim,2018,0.49389084962174434,0.8158147193500096,0.6548527844858769
Irani,2018,0.492591449253314,0.7905800528958312,0.6415857510745726
Iraceminha,2018,0.47040154075734714,0.8292995780590713,0.6498505594082092
São João Batista,2018,0.3431919353708387,0.6057173078673288,0.47445462161908375
Itaiópolis,2018,0.44395300264898385,0.6831392405063288,0.5635461215776563
São João do Itaperiú,2018,0.31844752789450326,0.5774510367783634,0.44794928233643333
Itá,2018,0.45964074889784257,0.6926965247666107,0.5761686368322266
São João do Oeste,2018,0.4659700251982507,0.8045907172995781,0.6352803712489143
São Francisco do Sul,2018,0.2850064762484212,0.6422251473671055,0.46361581180776334
Santa Helena,2018,0.48081097094208997,0.8932529450914011,0.6870319580167455
Santa Cecília,2018,0.405009520611343,0.6914779572239196,0.5482437389176313
Imbituba,2018,0.3621207308808104,0.8540941394008915,0.608107435140851
Santa Rosa de Lima,2018,0.300359277431072,0.5306919292709527,0.4155256033510123
Imbuia,2018,0.3245201637554082,0.47557210807297334,0.4000461359141908
Salto Veloso,2018,0.4899071910142668,0.7716455696202529,0.6307763803172598
Imaruí,2018,0.3718491828230606,0.7839496967659799,0.5778994397945203
Sangão,2018,0.5060138600085129,0.8536078411411069,0.6798108505748099
São Bento do Sul,2018,0.3520822071490808,0.517111895468647,0.4345970513088639
Ipira,2018,0.528187314964497,0.6839304258396742,0.6060588704020856
São Bernardino,2018,0.5080515093635019,0.9450126582278483,0.726532083795675
Iomerê,2018,0.5126883270607522,0.7544303797468357,0.633559353403794
Ipuaçu,2018,0.5857141646825756,0.9987360767634228,0.7922251207229992
Iporã do Oeste,2018,0.46827429295320955,0.8435460019707085,0.6559101474619591
Santa Terezinha,2018,0.424216169803919,0.6648949709202874,0.5445555703621032
Santa Rosa do Sul,2018,0.39822813454942074,0.6160264570075655,0.5071272957784931
Santo Amaro da Imperatriz,2018,0.3591341230810555,0.7407751978613301,0.5499546604711928
Santiago do Sul,2018,0.5550303870676374,0.9148759493670888,0.7349531682173631
Santa Terezinha do Progresso,2018,0.4825482952257254,0.8976202531645571,0.6900842741951412
Indaial,2018,0.3465456991253076,0.6374399039798792,0.4919928015525934
Rio Negrinho,2018,0.4143194899217864,0.6045407594936709,0.5094301247077286
Rodeio,2018,0.3542163841283306,0.6300656714091495,0.49214102776874
Ibicaré,2018,0.5289399939241101,0.7479722802620462,0.6384561370930781
Riqueza,2018,0.477867019855743,0.8346607604572763,0.6562638901565097
Ibirama,2018,0.3845809437399704,0.6407213865904836,0.512651165165227
Rio Rufino,2018,0.2584382722012015,0.45456202531645545,0.3565001487588285
Rio Fortuna,2018,0.31999288560573713,0.5317708108826068,0.42588184824417197
Herval d'Oeste,2018,0.5486974857268315,0.7426616081389704,0.645679546932901
Ibiam,2018,0.5227478915360027,0.7085367088607597,0.6156423001983812
Ilhota,2018,0.35221054357567483,0.5663377502317423,0.45927414690370855
Saltinho,2018,0.48226206694925555,0.9040433996383365,0.693152733293796
Salete,2018,0.3608869362843453,0.6148860759493668,0.4878865061168561
Romelândia,2018,0.48224214830013223,0.884066212268744,0.6831541802844381
Içara,2018,0.551070399111516,0.826547794541481,0.6888090968264985
Rio do Campo,2018,0.3775691589279791,0.6550773558368495,0.5163232573824142
Guabiruba,2018,0.34533404422264835,0.6098646893348759,0.47759936677876214
Guaraciaba,2018,0.4978159603521068,0.895324894514768,0.6965704274334374
Gravatal,2018,0.4270195413986035,0.7094200358911786,0.5682197886448911
Rio das Antas,2018,0.47933884280411393,0.7557805907172994,0.6175597167607066
Guatambú,2018,0.43696499643127856,0.7355510014039031,0.5862579989175908
Rio do Sul,2018,0.35690953128397196,0.5388236174063052,0.4478665743451386
Guarujá do Sul,2018,0.5159993807866523,0.9270886075949367,0.7215439941907945
Rio do Oeste,2018,0.3486962777631876,0.542481012658228,0.44558864521070785
Rio dos Cedros,2018,0.3685915921018949,0.624164162515477,0.496377877308686
Guaramirim,2018,0.29450800100492314,0.5790262935866136,0.4367671472957684
Presidente Getúlio,2018,0.37730320816001206,0.5634808601712481,0.4703920341656301
Garuva,2018,0.26868104873882154,0.6291061604234295,0.4488936045811255
Presidente Castello Branco,2018,0.5377288890490317,0.7558599924858024,0.6467944407674171
Garopaba,2018,0.37075896385889595,0.789800668502774,0.5802798161808349
Rancho Queimado,2018,0.32345312461324366,0.5676738201038121,0.4455634723585279
Grão-Pará,2018,0.31314213778905603,0.4870141767609324,0.4000781572749942
Presidente Nereu,2018,0.3596142218755951,0.5976760961912548,0.47864515903342497
Gaspar,2018,0.34582610069004927,0.5922264871276763,0.4690262939088628
Quilombo,2018,0.5323065898995235,0.8893864848556767,0.7108465373776001
Governador Celso Ramos,2018,0.339327722858194,0.5153628887797865,0.4273453058189903
Princesa,2018,0.5076089497132805,0.9211949367088604,0.7144019432110704
Porto Belo,2018,0.365875295435917,0.4835232639126262,0.42469927967427157
Faxinal dos Guedes,2018,0.5279943534030336,0.9113368818341291,0.7196656176185814
Flor do Sertão,2018,0.47410000329898055,0.8579240506329118,0.6660120269659462
Ponte Alta do Norte,2018,0.39689500571129394,0.6389670886075949,0.5179310471594444
Entre Rios,2018,0.5633834627909269,0.9255833199932635,0.7444833913920952
Doutor Pedrinho,2018,0.40103723732396923,0.6346082385111085,0.5178227379175389
Ponte Serrada,2018,0.49129354665378444,0.8152043399638333,0.6532489433088089
Erval Velho,2018,0.553047960379815,0.6961196777905637,0.6245838190851893
Ermo,2018,0.4533204516635498,0.6635497379973003,0.5584350948304251
Frei Rogério,2018,0.46940475618810584,0.682987341772152,0.576196048980129
Pouso Redondo,2018,0.32338670709748607,0.5561518987341774,0.4397693029158317
Praia Grande,2018,0.26599915220255144,0.44305315843999715,0.3545261553212743
Galvão,2018,0.5918301404480335,0.9925786618444854,0.7922044011462595
Formosa do Sul,2018,0.528040725066383,0.9082531645569623,0.7181469448116726
Porto União,2018,0.48222387081175766,0.7946473779385174,0.6384356243751375
Florianópolis,2018,0.38358434581426265,0.6564777120877552,0.520031028951009
Fraiburgo,2018,0.465492083170402,0.7186835443037976,0.5920878137370997
Forquilhinha,2018,0.5115973770234563,0.7226996375540746,0.6171485072887655
Curitibanos,2018,0.4341871711138062,0.643240506329114,0.5387138387214601
Cunhataí,2018,0.4610383627736119,0.8349730077495409,0.6480056852615763
Pinheiro Preto,2018,0.5191711016287548,0.7396455696202533,0.629408335624504
Balneário Piçarras,2018,0.3653286962128035,0.5283716838673829,0.4468501900400932
Pinhalzinho,2018,0.47461344609325173,0.8005808358871768,0.6375971409902143
Cunha Porã,2018,0.4568753410755838,0.8013169935460905,0.6290961673108372
Pomerode,2018,0.3243643246611482,0.6171020598836909,0.47073319227241955
Dionísio Cerqueira,2018,0.5157770690454403,0.9351696202531646,0.7254733446493025
Ponte Alta,2018,0.3633970554108017,0.5871980400163331,0.4752975477135674
Dona Emma,2018,0.3890219020886652,0.5643927832860165,0.47670734268734083
Piratuba,2018,0.5280315817439636,0.6521518987341771,0.5900917402390704
Descanso,2018,0.4727780710604216,0.8536071231244794,0.6631925970924505
Planalto Alegre,2018,0.45423134292286466,0.8004962751618551,0.6273638090423599
Cocal do Sul,2018,0.46912377381874026,0.6367594936708861,0.5529416337448132
Cordilheira Alta,2018,0.4718140534799371,0.8335178834154275,0.6526659684476823
Penha,2018,0.3858123067247062,0.5011728178179857,0.4434925622713459
Concórdia,2018,0.4966390520078132,0.7232675922057665,0.6099533221067899
Celso Ramos,2018,0.48402931998522725,0.6140759493670885,0.549052634676158
Paulo Lopes,2018,0.3462002936421139,0.6508269461039659,0.4985136198730399
Caxambu do Sul,2018,0.4556798407668623,0.7500602316351102,0.6028700362009862
Pedras Grandes,2018,0.44427408778951066,0.6262079246870734,0.5352410062382921
Chapecó,2018,0.4360770783871383,0.7279726554394765,0.5820248669133075
Chapadão do Lageado,2018,0.3130579830991024,0.4483471971066907,0.38070259010289653
Cerro Negro,2018,0.4296196178838121,0.5824810126582279,0.5060503152710201
Petrolândia,2018,0.3113128635050664,0.47878481012658225,0.3950488368158243
Corupá,2018,0.35102336535856404,0.5738199373756947,0.46242165136712937
Criciúma,2018,0.5088247511604292,0.6684783416619698,0.5886515464111995
Correia Pinto,2018,0.3730216024539862,0.5751530494821634,0.4740873259680748
Peritiba,2018,0.5125381581483104,0.6769787122809615,0.594758435214636
Coronel Freitas,2018,0.5022253885791442,0.853224627815863,0.6777250081975036
Pescaria Brava,2018,0.41650484011340494,0.8638768276012293,0.6401908338573171
Coronel Martins,2018,0.5805421899967318,0.9629974683544306,0.7717698291755812
Palma Sola,2018,0.5253210229715253,0.9377890295358652,0.7315550262536952
Canoinhas,2018,0.49130122419125627,0.8109974683544308,0.6511493462728435
Balneário Rincão,2018,0.60016408229818,1.0,0.80008204114909
Ouro,2018,0.5525153214644014,0.7342558971391133,0.6433856093017574
Campos Novos,2018,0.5112118276429408,0.6627472621248754,0.5869795448839081
Palhoça,2018,0.37672848287835736,0.6838837331179208,0.530306107998139
Painel,2018,0.30616456291028044,0.48372018654230503,0.39494237472629273
Canelinha,2018,0.3488448601035386,0.5585219336146254,0.453683396859082
Paial,2018,0.4529121418009664,0.7083648020225836,0.580638471911775
Ouro Verde,2018,0.5642987358142457,0.9800084213577223,0.772153578585984
Papanduva,2018,0.44680602724602075,0.7307242976227231,0.5887651624343719
Catanduvas,2018,0.49732915167929614,0.766537170788455,0.6319331612338756
Passos Maia,2018,0.5046168227556306,0.8404658227848102,0.6725413227702204
Passo de Torres,2018,0.46132557915709477,0.8173899548196721,0.6393577669883834
Paraíso,2018,0.4983238531996703,0.8886720368239357,0.6934979450118031
Capinzal,2018,0.5448147268616823,0.6720289330922242,0.6084218299769533
Palmeira,2018,0.34102263837237856,0.5566379746835443,0.4488303065279614
Capivari de Baixo,2018,0.43480892103921365,0.8585918657938918,0.6467003934165527
Palmitos,2018,0.46441379492229773,0.7854465931597661,0.6249301940410319
Nova Itaberaba,2018,0.47481821480445713,0.8291396271542212,0.6519789209793392
Xavantina,2018,0.485613251678256,0.8320535111029936,0.6588333813906249
Capão Alto,2018,0.35523090250544553,0.5181511754068713,0.4366910389561584
Nova Erechim,2018,0.48599049722442056,0.8248225095827966,0.6554065034036085
Xaxim,2018,0.5037379272017253,0.871828008306018,0.6877829677538716
Nova Trento,2018,0.34959052435696586,0.6194734680284537,0.4845319961927098
Campo Alegre,2018,0.32537901874964914,0.4881388496252884,0.4067589341874688
Xanxerê,2018,0.5448589398166738,0.9614643387352361,0.7531616392759549
Navegantes,2018,0.3721968668966683,0.5120827404234936,0.44213980366008093
Caibi,2018,0.47333513364717206,0.8212492924497172,0.6472922130484446
Camboriú,2018,0.3717951622848191,0.5082321456222288,0.440013653953524
Calmon,2018,0.46883686507600775,0.781482820976492,0.6251598430262499
Orleans,2018,0.34832244818144,0.5157670886075951,0.43204476839451755
Zortéa,2018,0.5231514474665802,0.6551898734177215,0.5891706604421508
Campo Erê,2018,0.5019590899886599,0.9327635443037978,0.7173613171462289
Otacílio Costa,2018,0.3147164602814221,0.5339004219409285,0.42430844111117527
Novo Horizonte,2018,0.5586947370247535,0.9644556962025318,0.7615752166136427
Nova Veneza,2018,0.4225949672580584,0.5869367088607595,0.504765838059409
Campo Belo do Sul,2018,0.40021125056231355,0.5614852320675103,0.48084824131491194
Vargeão,2018,0.5280789406896467,0.8812757106977059,0.7046773256936762
Modelo,2018,0.4641274912574097,0.8133670886075948,0.6387472899325022
Vidal Ramos,2018,0.3426369651845952,0.5552675819257538,0.4489522735551745
Mondaí,2018,0.46971785971120833,0.8020253164556961,0.6358715880834522
Botuverá,2018,0.3507368213531428,0.6233337822358055,0.4870353017944742
Vargem Bonita,2018,0.4816832991742428,0.7809620253164561,0.6313226622453494
Braço do Norte,2018,0.38975058148692837,0.5865963380236385,0.4881734597552835
Vargem,2018,0.4959881714480455,0.6427877885331349,0.5693879799905902
Urussanga,2018,0.4376844670901847,0.6182133815551538,0.5279489243226693
Meleiro,2018,0.47762248168919164,0.6731263884017303,0.575374435045461
Urupema,2018,0.2718106377481495,0.4486075949367089,0.3602091163424292
Bom Retiro,2018,0.26758484149484973,0.43143504330446364,0.3495099423996567
Bom Jesus do Oeste,2018,0.45935555958383445,0.8518481012658232,0.6556018304248288
Mirim Doce,2018,0.350198678954562,0.6074457028647566,0.47882219090965933
Vitor Meireles,2018,0.40517945767581665,0.6026489007328449,0.5039141792043308
Caçador,2018,0.46688284572420846,0.7729903797468355,0.6199366127355219
Morro Grande,2018,0.35516545948134703,0.5103218806509946,0.4327436700661708
Witmarsum,2018,0.39118773365262777,0.5815358649789031,0.4863617993157654
Morro da Fumaça,2018,0.5079447513201625,0.7333932731983214,0.620669012259242
Monte Carlo,2018,0.48623067255566826,0.6929282700421944,0.5895794712989313
Brunópolis,2018,0.481554423586085,0.654379746835443,0.567967085210764
Braço do Trombudo,2018,0.32320569605746796,0.5394430379746836,0.4313243670160758
Videira,2018,0.4952501353448773,0.7417561625582945,0.6185031489515859
Monte Castelo,2018,0.4233349731390077,0.7256274864376133,0.5744812297883105
Brusque,2018,0.35182974571985254,0.5866791255585633,0.4692544356392079
Trombudo Central,2018,0.33092209496296465,0.5210632911392404,0.42599269305110254
Maracajá,2018,0.5400071911369239,0.8041011659917305,0.6720541785643273
Benedito Novo,2018,0.381520275311137,0.6565121939882917,0.5190162346497144
Biguaçu,2018,0.331379680620299,0.585934361254693,0.458657020937496
Major Vieira,2018,0.46284470638235287,0.7674079844206426,0.6151263454014977
Barra Velha,2018,0.35048626204705674,0.5522245462185651,0.45135540413281094
Barra Bonita,2018,0.48838185921314253,0.8827341772151898,0.6855580182141662
Bandeirante,2018,0.49202329390237737,0.9088677638848373,0.7004455288936073
Balneário Gaivota,2018,0.5018408908962456,0.8295215394917256,0.6656812151939856
Balneário Barra do Sul,2018,0.31943705042344184,0.6127953604246982,0.46611620542407
Treze Tílias,2018,0.5083487715943751,0.7601518987341774,0.6342503351642763
Belmonte,2018,0.4841098915209238,0.8894092220128462,0.686759556766885
Bela Vista do Toldo,2018,0.47563509511419233,0.7902226102138805,0.6329288526640364
União do Oeste,2018,0.49663392944127405,0.8379639656831254,0.6672989475621998
Bombinhas,2018,0.37513401975850524,0.5134281204264711,0.4442810700924882
Urubici,2018,0.22484615251348408,0.40452830188679223,0.31468722720013814
Bom Jesus,2018,0.568958995600052,1.0,0.784479497800026
Tunápolis,2018,0.4909195797319348,0.9048325911022721,0.6978760854171034
Matos Costa,2018,0.4681741770414506,0.7943291139240508,0.6312516454827507
Marema,2018,0.5371600251764468,0.8921229899608842,0.7146415075686655
Bom Jardim da Serra,2018,0.22455731091667933,0.3947848101265822,0.30967106052163074
Tubarão,2018,0.44922942168046925,0.7784545842824073,0.6138420029814383
Maravilha,2018,0.45711367287856036,0.828489451476793,0.6428015621776767
Turvo,2018,0.41799308259004736,0.5501438889066037,0.4840684857483255
Bocaina do Sul,2019,0.2367967164848951,0.4745059663779633,0.3556513414314292
Massaranduba,2019,0.2894386729654758,0.7065047438974613,0.49797170843146854
Blumenau,2019,0.20528941252351407,0.35538095612776677,0.2803351843256404
Timbé do Sul,2019,0.3529081169891974,0.47519625354607276,0.4140521852676351
Lontras,2019,0.18974676758953757,0.43722987982266215,0.31348832370609986
Ascurra,2019,0.17619531869015376,0.40363970964114115,0.2899175141656475
Tigrinhos,2019,0.4216442108208941,0.8552295266332687,0.6384368687270814
Arroio Trinta,2019,0.3313385983202611,0.7194765361414986,0.5254075672308799
Lindóia do Sul,2019,0.36654940494167604,0.7582728419043725,0.5624111234230242
Tijucas,2019,0.23432270376943287,0.3094452803756053,0.2718839920725191
Arvoredo,2019,0.435977939430203,0.6788671914937124,0.5574225654619578
Leoberto Leal,2019,0.18243124198529462,0.3451228973339668,0.2637770696596307
Treviso,2019,0.4869943282008992,0.6696223526409799,0.5783083404209396
Balneário Arroio do Silva,2019,0.49098688076413316,0.7101301352385813,0.6005585080013572
Treze de Maio,2019,0.6101251360503793,0.8306328144934935,0.7203789752719364
Major Gercino,2019,0.18300460291193293,0.2725011075895445,0.2277528552507387
Balneário Camboriú,2019,0.3258747018479322,0.40036806052550883,0.36312138118672055
Macieira,2019,0.2953420193482462,0.7339886368615538,0.5146653281049001
Luzerna,2019,0.37840315848860573,0.7070851651160411,0.5427441618023234
Timbó,2019,0.18351986839344503,0.36806052550863927,0.2757901969510421
Luiz Alves,2019,0.30892601296696565,0.7072278361559379,0.5080769245614518
Três Barras,2019,0.28965916709455763,0.7967580931490553,0.5432086301218064
Atalanta,2019,0.17439422617853886,0.47753808404048675,0.3259661551095128
Mafra,2019,0.2980686577860655,0.7421503908570671,0.5201095243215663
Timbó Grande,2019,0.24859281220271517,0.7477251814742871,0.4981589968385012
Aurora,2019,0.1816331639490764,0.45091503936202815,0.31627410165555225
Siderópolis,2019,0.4562957476293752,0.6345277585389859,0.5454117530841806
Laguna,2019,0.5326396804679508,1.0,0.7663198402339755
Antônio Carlos,2019,0.1924278321378068,0.32495200723134626,0.25868991968457655
Serra Alta,2019,0.4098479496081898,0.8442899499028729,0.6270689497555313
Lajeado Grande,2019,0.43905109076116017,0.8205704938145378,0.629810792287849
Arabutã,2019,0.38877897765650393,0.7078738662421311,0.5483264219493176
Apiúna,2019,0.1813240986919497,0.397725574701344,0.28952483669664686
Seara,2019,0.41157487414187405,0.6712533904268179,0.541414132284346
Lages,2019,0.356014673434426,0.49444575330165397,0.42523021336804
Anitápolis,2019,0.3082620085410914,0.36636879620276114,0.33731540237192625
Taió,2019,0.2020492687006501,0.5819611657460549,0.3920052172233525
Lauro Müller,2019,0.46196772693253085,0.5941384463966756,0.5280530866646032
Tangará,2019,0.3567186244399305,0.6674056575853293,0.5120621410126299
Lebon Régis,2019,0.26729093275250454,0.6872835088436767,0.4772872207980906
Armazém,2019,0.5060028180960061,0.6327861415894079,0.5693944798427071
Sombrio,2019,0.40439212559526255,0.6439567916985626,0.5241744586469126
Laurentino,2019,0.16950719046875237,0.4872712401594927,0.3283892153141225
Araquari,2019,0.3591043320591213,0.9768494034749833,0.6679768677670523
Sul Brasil,2019,0.417756214749825,0.8536959411103161,0.6357260779300705
Araranguá,2019,0.5013471632883817,0.7443225312579741,0.622834847273178
Alfredo Wagner,2019,0.21780634012779765,0.3642455489505892,0.2910259445391934
São Miguel da Boa Vista,2019,0.4409196402472586,0.860443717411308,0.6506816788292833
Jardinópolis,2019,0.42812045453389636,0.8457212963909624,0.6369208754624294
São Martinho,2019,0.4480817966902887,0.5617914968969309,0.5049366467936098
Alto Bela Vista,2019,0.3939987397846436,0.6436560678867191,0.5188274038356814
Jaraguá do Sul,2019,0.23082581369053906,0.5069041262478698,0.3688649699692045
São Lourenço do Oeste,2019,0.39733787167609846,0.9645912142589375,0.680964542967518
Águas Frias,2019,0.47373773759335486,0.7779368162764544,0.6258372769349047
São Ludgero,2019,0.5656517068466794,0.808930849706558,0.6872912782766187
Jaguaruna,2019,0.5951240875459582,0.9254462129171809,0.7602851502315695
Águas Mornas,2019,0.24919133821986483,0.3754275598375667,0.31230944902871577
José Boiteux,2019,0.19851763919959803,0.527115252603444,0.36281644590152107
Saudades,2019,0.45429750874191227,0.768484352780437,0.6113909307611747
Joinville,2019,0.23969279560569248,0.5891296943749438,0.4144112449903181
Schroeder,2019,0.24917276592395096,0.6099993840685075,0.42958607499622925
Angelina,2019,0.1926502458268889,0.27042224721398633,0.2315362465204376
Lacerdópolis,2019,0.41367913613216994,0.6782537572845311,0.5459664467083505
Anita Garibaldi,2019,0.41259350662302247,0.600886705792294,0.5067401062076582
Jupiá,2019,0.4118907769032002,1.0,0.7059453884516
São Miguel do Oeste,2019,0.4994759417619778,0.8574787854002661,0.678477363581122
Joaçaba,2019,0.38665610584343274,0.7004317633087699,0.5435439345761013
Anchieta,2019,0.4526736496382553,0.8958184234740824,0.6742460365561689
São Pedro de Alcântara,2019,0.20677143220946162,0.3634085965098183,0.28509001435964
Itapoá,2019,0.2576326820177728,0.7525828752777509,0.5051077786477618
São José,2019,0.2032739375179747,0.4592493848493209,0.3312616611836478
Itapiranga,2019,0.5804899142510366,0.8424905428892754,0.711490228570156
Agrolândia,2019,0.19064782048980394,0.49140169716797877,0.3410247588288914
São João do Sul,2019,0.3459911282560219,0.5853250545774149,0.46565809141671843
Abdon Batista,2019,0.39226810807227924,0.5980611761206791,0.49516464209647915
Itajaí,2019,0.29189233130082876,0.4285332280421916,0.3602127796715102
São Joaquim,2019,0.32172879558285195,0.4255656009464413,0.37364719826464665
Itapema,2019,0.278591233475235,0.33780993484343,0.3082005841593325
Abelardo Luz,2019,0.3639652051764316,0.912662304467846,0.6383137548221388
São José do Cerrito,2019,0.3534125153388174,0.5681483307974042,0.46078042306811084
Jaborá,2019,0.3727301287772905,0.7112428858671574,0.541986507322224
Água Doce,2019,0.30750972094336215,0.7484599291651343,0.5279848250542483
Jacinto Machado,2019,0.3498331575278917,0.5189997448328655,0.4344164511803786
Águas de Chapecó,2019,0.4965565017437389,0.7209896738574787,0.6087730878006088
São José do Cedro,2019,0.5000568450223352,0.9116041304570083,0.7058304877396717
Ituporanga,2019,0.1842582405130257,0.42681030354231336,0.30553427202766953
Agronômica,2019,0.16952002173380917,0.4773540537777321,0.32343703775577065
São Cristóvão do Sul,2019,0.2611866613405781,0.5756739256381418,0.41843029348935995
Irati,2019,0.4036579863861881,0.890195276556589,0.6469266314713886
São Carlos,2019,0.48417615567829886,0.7215446857610238,0.6028604207196613
São Domingos,2019,0.3921394144540643,0.9589612514057869,0.6755503329299256
Irineópolis,2019,0.2704796962204502,0.8338388485612697,0.5521592723908599
São Bonifácio,2019,0.3539154949515716,0.4777834634121903,0.415849479181881
Ipumirim,2019,0.3782379564442109,0.7622470566954771,0.570242506569844
Irani,2019,0.3547434376911309,0.7445768206065785,0.5496601291488548
Iraceminha,2019,0.4812567857781786,0.8288859353167704,0.6550713605474745
São João Batista,2019,0.20076731463897823,0.25920398351962715,0.2299856490793027
Itaiópolis,2019,0.2525025100457639,0.6833842979431365,0.4679434039944502
São João do Itaperiú,2019,0.3625995573967676,0.929851718849581,0.6462256381231742
Itá,2019,0.4196436820279725,0.6472315129916604,0.5334375975098165
São João do Oeste,2019,0.5579302184450083,0.8290222540299216,0.6934762362374649
São Francisco do Sul,2019,0.2988677234732225,0.8361540754988801,0.5675108994860513
Santa Helena,2019,0.5258356930182065,0.8490338411205398,0.6874347670693732
Santa Cecília,2019,0.23748287834289683,0.6579681225740263,0.44772550045846154
Imbituba,2019,0.4366846832845355,0.8627184911486537,0.6497015872165947
Santa Rosa de Lima,2019,0.39815719133307326,0.4326010809807697,0.41537913615692146
Imbuia,2019,0.1843429667526575,0.38421429301707405,0.28427862988486574
Salto Veloso,2019,0.3319036954013208,0.7295777527860139,0.5307407240936673
Imaruí,2019,0.4578006186835977,0.7628471829924319,0.6103239008380148
Sangão,2019,0.6077242385777539,0.7912693601387836,0.6994967993582688
São Bento do Sul,2019,0.20695775254566268,0.509814947346897,0.3583863499462798
Ipira,2019,0.3941051675267889,0.6579422690249807,0.5260237182758848
São Bernardino,2019,0.39500298456456845,0.9307432777834574,0.6628731311740129
Iomerê,2019,0.34499556462487047,0.7042224721398627,0.5246090183823666
Ipuaçu,2019,0.4015714751768393,0.9233443174757969,0.6624578963263181
Iporã do Oeste,2019,0.525411936829944,0.8201615376750843,0.6727867372525141
Santa Terezinha,2019,0.1961534498592429,0.6554074778182742,0.42578046383875856
Santa Rosa do Sul,2019,0.3647056627966612,0.6034064812452158,0.4840560720209385
Santo Amaro da Imperatriz,2019,0.2413817412358494,0.45006439934941295,0.34572307029263116
Santiago do Sul,2019,0.40859385345758015,0.9093957673039569,0.6589948103807686
Santa Terezinha do Progresso,2019,0.4198357409756527,0.884163173499642,0.6519994572376473
Indaial,2019,0.1830969568708942,0.36261397328772826,0.27285546507931124
Rio Negrinho,2019,0.23935869044002758,0.610064410591964,0.4247115505159958
Rodeio,2019,0.17846843074834146,0.39893671403741904,0.2887025723928802
Ibicaré,2019,0.3829085620788359,0.6937429710663533,0.5383257665725946
Riqueza,2019,0.5145571241849249,0.8175033227686332,0.6660302234767791
Ibirama,2019,0.18477631621362725,0.4571545416039844,0.3209654289088058
Rio Rufino,2019,0.23335236544036386,0.4287087209896739,0.3310305432150189
Rio Fortuna,2019,0.4224413689507178,0.5001913753508549,0.46131637215078636
Herval d'Oeste,2019,0.40778728388697294,0.6805187451338153,0.5441530145103941
Ibiam,2019,0.38685744264610505,0.6636540231060217,0.5252557328760634
Ilhota,2019,0.28314420696425197,0.5364296623500987,0.4097869346571753
Saltinho,2019,0.39874079066257506,0.8901514598273621,0.6444461252449686
Salete,2019,0.18731661112291392,0.5906008247282145,0.38895871792556425
Romelândia,2019,0.46133392014949015,0.8761570706157149,0.6687454953826025
Içara,2019,0.6224520135316223,0.9297308968143365,0.7760914551729794
Rio do Campo,2019,0.196219138442936,0.632814186234082,0.41451666233850903
Guabiruba,2019,0.19525495214683347,0.3240977405173294,0.2596763463320815
Guaraciaba,2019,0.5076028230513783,0.8923422962887231,0.6999725596700507
Gravatal,2019,0.552754803426901,0.6953304414391428,0.6240426224330219
Rio das Antas,2019,0.3050789759999437,0.70190505401629,0.5034920150081168
Guatambú,2019,0.46575971696885676,0.6332776695670157,0.5495186932679362
Rio do Sul,2019,0.18019875251322864,0.46813209283304386,0.32416542267313625
Guarujá do Sul,2019,0.49659279259816136,0.924547592270729,0.7105701924344452
Rio do Oeste,2019,0.17127148560170244,0.5166138431653201,0.3439426643835113
Rio dos Cedros,2019,0.2128170297505914,0.4829701497273038,0.3478935897389476
Guaramirim,2019,0.31471139732832554,0.8294755073437814,0.5720934523360535
Presidente Getúlio,2019,0.18068488539965472,0.49906280884708426,0.3398738471233695
Garuva,2019,0.2268743267917466,0.6016553215430323,0.4142648241673894
Presidente Castello Branco,2019,0.3891365176397726,0.6899090072589712,0.5395227624493719
Garopaba,2019,0.3787335786327275,0.7602032443308037,0.5694684114817656
Rancho Queimado,2019,0.21395529335184774,0.2905633370820978,0.25225931521697276
Grão-Pará,2019,0.4239519186246628,0.5224472029179112,0.473199560771287
Presidente Nereu,2019,0.18747522594969102,0.38748594213270615,0.2874805840411986
Gaspar,2019,0.2277051894417064,0.38484302528370984,0.3062741073627081
Quilombo,2019,0.44785245888725256,0.851525327754752,0.6496888933210023
Governador Celso Ramos,2019,0.22434260289743518,0.4348740871990961,0.32960834504826564
Princesa,2019,0.5208450228266328,0.9192107146508539,0.7200278687387434
Porto Belo,2019,0.26001973761872893,0.30757514550812654,0.28379744156342773
Faxinal dos Guedes,2019,0.3804058166463255,0.8536959411103161,0.6170508788783208
Flor do Sertão,2019,0.4752290073172448,0.8528780288314076,0.6640535180743262
Ponte Alta do Norte,2019,0.25824363687632956,0.6033534403435231,0.43079853860992634
Entre Rios,2019,0.4406426152739553,0.866373581433391,0.6535080983536732
Doutor Pedrinho,2019,0.21237016632728875,0.538067897481153,0.3752190319042209
Ponte Serrada,2019,0.33997110001383735,0.7792075014240438,0.5595893007189405
Erval Velho,2019,0.41801328662183124,0.6634198027716074,0.5407165446967193
Ermo,2019,0.4281626066696207,0.7063876839329762,0.5672751453012985
Frei Rogério,2019,0.3060158836093384,0.6319394744913607,0.46897767905034954
Pouso Redondo,2019,0.1984731764397894,0.5324608935691647,0.3654670350044771
Praia Grande,2019,0.32551673106342405,0.4657192768955975,0.39561800397951075
Galvão,2019,0.3978069236776095,0.9890020009639683,0.6934044623207889
Formosa do Sul,2019,0.40836641502658244,0.900316941008077,0.6543416780173297
Porto União,2019,0.25014435430846077,0.779850146786043,0.5149972505472519
Florianópolis,2019,0.25057554969742407,0.5866088320249125,0.4185921908611683
Fraiburgo,2019,0.2992231395806638,0.6638818700980033,0.48155250483933354
Forquilhinha,2019,0.5442326175701264,0.931388392730572,0.7378105051503492
Curitibanos,2019,0.29936745479193594,0.6030539401119819,0.4512106974519589
Cunhataí,2019,0.45927092942262093,0.7303956650649216,0.5948332972437713
Pinheiro Preto,2019,0.3550969985536405,0.6908291585727431,0.5229630785631918
Balneário Piçarras,2019,0.3808967972796697,0.7692849686496598,0.5750908829646647
Pinhalzinho,2019,0.4404893844698151,0.793426030058276,0.6169577072640455
Cunha Porã,2019,0.4430514726868938,0.7776300991718639,0.6103407859293788
Pomerode,2019,0.2058741022695061,0.39610694774029676,0.3009905250049014
Dionísio Cerqueira,2019,0.5159295292506189,0.935466721194152,0.7256981252223854
Ponte Alta,2019,0.2714196639643825,0.5596432847093278,0.4155314743368551
Dona Emma,2019,0.18608296253995635,0.5328016903520431,0.3594423264459997
Piratuba,2019,0.406339984709832,0.637767099478581,0.5220535420942065
Descanso,2019,0.5121004840509557,0.841503936202842,0.6768022101268989
Planalto Alegre,2019,0.47686307703978936,0.660259687148553,0.5685613820941712
Cocal do Sul,2019,0.6060870153182857,0.9603640384451817,0.7832255268817336
Cordilheira Alta,2019,0.46471832881104114,0.6745731520294449,0.5696457404202431
Penha,2019,0.38008470617499907,0.6624911598535975,0.5212879330142983
Concórdia,2019,0.38372643059501244,0.6836177401369051,0.5336720853659588
Celso Ramos,2019,0.4181318200343517,0.6416177596325592,0.5298747898334555
Paulo Lopes,2019,0.3354439426496674,0.6102413466256575,0.47284264463766246
Caxambu do Sul,2019,0.4842793520895957,0.6618443921889379,0.5730618721392668
Pedras Grandes,2019,0.6108512083487957,0.9066817336784166,0.7587664710136062
Chapecó,2019,0.45662473786089597,0.6634456085842737,0.5600351732225848
Chapadão do Lageado,2019,0.19290831184908272,0.4262199307695679,0.3095641213093253
Cerro Negro,2019,0.4022480287560558,0.5647820751163442,0.4835150519362
Petrolândia,2019,0.18252480271979135,0.45700848583989373,0.3197666442798425
Corupá,2019,0.21384587284541023,0.47015350460805927,0.34199968872673475
Criciúma,2019,0.5899661163003079,0.9459045674917071,0.7679353418960075
Correia Pinto,2019,0.3122442401705986,0.5477223931369725,0.42998331665378553
Peritiba,2019,0.38792379096696694,0.6598507310090992,0.5238872609880331
Coronel Freitas,2019,0.4792350889906244,0.7526465968343077,0.615940842912466
Pescaria Brava,2019,0.5293301697013486,0.853069502186752,0.6911998359440503
Coronel Martins,2019,0.39116105238171284,0.9577343829874243,0.6744477176845686
Palma Sola,2019,0.4604743016728542,0.934737416078792,0.6976058588758232
Canoinhas,2019,0.27592444988176296,0.8185257131172683,0.5472250814995157
Balneário Rincão,2019,0.6048820224594063,0.8641235008930852,0.7345027616762457
Ouro,2019,0.40012769407578036,0.6794806257028931,0.5398041598893367
Campos Novos,2019,0.3928014291484176,0.6323357943456072,0.5125686117470124
Palhoça,2019,0.2699791983980557,0.5942734842623947,0.4321263413302252
Painel,2019,0.2782965066936891,0.4581923062435765,0.36824440646863277
Canelinha,2019,0.22171955721231737,0.269024980404185,0.2453722688082512
Paial,2019,0.4503642494531026,0.6828852443423542,0.5666247468977283
Ouro Verde,2019,0.3792295141114586,0.9086596462529393,0.6439445801821989
Papanduva,2019,0.23667602989228106,0.7325651275120255,0.4846205787021533
Catanduvas,2019,0.35240493753889923,0.7236478887639303,0.5380264131514148
Passos Maia,2019,0.3275065577841858,0.804948369287394,0.5662274635357899
Passo de Torres,2019,0.3725606932946903,0.5879050778259761,0.4802328855603332
Paraíso,2019,0.5221903189048518,0.8903904601686015,0.7062903895367266
Capinzal,2019,0.4080707136397686,0.6500357836622022,0.5290532486509854
Palmeira,2019,0.2729753307963792,0.5317656681320928,0.402370499464236
Capivari de Baixo,2019,0.5651004058005618,0.8372872437207852,0.7011938247606735
Palmitos,2019,0.5091504658798178,0.7602602252487365,0.6347053455642772
Nova Itaberaba,2019,0.48130519377676195,0.7044269502095901,0.592866071993176
Xavantina,2019,0.40225755065065133,0.7519773958788378,0.5771174732647446
Capão Alto,2019,0.39350843353150466,0.5422447417344075,0.4678765876329561
Nova Erechim,2019,0.4739740467481526,0.7589203557918411,0.6164472012699969
Xaxim,2019,0.4512082792626674,0.7307637255904305,0.590986002426549
Nova Trento,2019,0.1894732937638715,0.28847766077088227,0.2389754772673769
Campo Alegre,2019,0.19784141116341342,0.47513887468902277,0.3364901429262181
Xanxerê,2019,0.4159853937966954,0.8539413147939883,0.6349633542953419
Navegantes,2019,0.34922224824012527,0.6294442024180977,0.4893332253291115
Caibi,2019,0.5016609343068146,0.7897760965136487,0.6457185154102316
Camboriú,2019,0.27404795335031995,0.36016023645100415,0.31710409490066205
Calmon,2019,0.2582623541456243,0.7442592781924139,0.5012608161690191
Orleans,2019,0.46805614491826736,0.6232031980947521,0.5456296715065098
Zortéa,2019,0.40986232797058797,0.6351906758000205,0.5225265018853043
Campo Erê,2019,0.4106080420648458,0.9224987220120643,0.666553382038455
Otacílio Costa,2019,0.2209909162185788,0.509736564086835,0.3653637401527069
Novo Horizonte,2019,0.3922654985775099,0.9590532665371637,0.6756593825573368
Nova Veneza,2019,0.47894570509514,0.7595985370417626,0.6192721210684513
Campo Belo do Sul,2019,0.3928195293464677,0.5418668847766078,0.46734320706153776
Vargeão,2019,0.3563029998309091,0.8459257744606891,0.6011143871457991
Modelo,2019,0.42571643013077753,0.8046212043758305,0.6151688172533041
Vidal Ramos,2019,0.18097569678130465,0.3786933851344443,0.27983454095787447
Mondaí,2019,0.5553940926763054,0.8226152745118086,0.689004683594057
Botuverá,2019,0.186516772975944,0.32607436185802396,0.256295567416984
Vargem Bonita,2019,0.3344060315026997,0.7430194953696478,0.5387127634361738
Braço do Norte,2019,0.5141093620431388,0.7044700642557238,0.6092897131494313
Vargem,2019,0.36235737269116486,0.60947695712576,0.48591716490846243
Urussanga,2019,0.5982362863692795,0.9103634309043853,0.7542998586368324
Meleiro,2019,0.4773720355394763,0.8012248022454709,0.6392984188924736
Urupema,2019,0.2548588740557873,0.420764747980779,0.33781181101828317
Bom Retiro,2019,0.21895401822681965,0.4128627467861965,0.3159083825065081
Bom Jesus do Oeste,2019,0.41392758604438834,0.8414272569266947,0.6276774214855415
Mirim Doce,2019,0.22363493249236915,0.5821060164981517,0.4028704744952605
Vitor Meireles,2019,0.19025516686036767,0.5801042838155608,0.38517972533796424
Caçador,2019,0.28203453161485925,0.7243840098149474,0.5032092707149034
Morro Grande,2019,0.38468169081871584,0.5421572558597311,0.46341947333922345
Witmarsum,2019,0.18470129910958158,0.5542037283168046,0.3694525137131931
Morro da Fumaça,2019,0.6419946260640563,1.0,0.8209973130320282
Monte Carlo,2019,0.32182598110494176,0.6426745731520292,0.4822502771284855
Brunópolis,2019,0.33421346828165904,0.6134342091810654,0.47382383873136225
Braço do Trombudo,2019,0.197996660649568,0.5150802576423679,0.35653845914596793
Videira,2019,0.3274853482594777,0.6902641533800764,0.5088747508197771
Monte Castelo,2019,0.2141650992919407,0.713044240290943,0.4636046697914419
Brusque,2019,0.2168124266359038,0.3180911972190982,0.267451811927501
Trombudo Central,2019,0.17620484683680876,0.49667723136693587,0.3364410391018723
Maracajá,2019,0.527822318950749,0.8212128944458621,0.6745176066983056
Benedito Novo,2019,0.19447857052064438,0.4645849364234635,0.32953175347205393
Biguaçu,2019,0.2055438789079565,0.37293898540124854,0.2892414321546025
Major Vieira,2019,0.23900954050300882,0.7655501639756829,0.5022798522393459
Barra Velha,2019,0.38995652041045104,0.881693586001893,0.635825053206172
Barra Bonita,2019,0.49479746450600626,0.8782333094775584,0.6865153869917824
Bandeirante,2019,0.5227370476836694,0.8747279711393812,0.6987325094115253
Balneário Gaivota,2019,0.41547064269698936,0.6303266139321256,0.5228986283145575
Balneário Barra do Sul,2019,0.3759765606878857,1.0,0.6879882803439429
Treze Tílias,2019,0.3507880064663893,0.7170534710152335,0.5339207387408114
Belmonte,2019,0.5191752715690805,0.8579899805745831,0.6885826260718317
Bela Vista do Toldo,2019,0.2548770469782543,0.7877411871714691,0.5213091170748617
União do Oeste,2019,0.45167017337129567,0.8068295675288829,0.6292498704500893
Bombinhas,2019,0.2955236066027573,0.40550028205367794,0.35051194432821764
Urubici,2019,0.26178766586625274,0.3866063006252014,0.3241969832457271
Bom Jesus,2019,0.4000289648528256,0.9080871076577035,0.6540580362552646
Tunápolis,2019,0.5484628619394474,0.8484379336030498,0.6984503977712486
Matos Costa,2019,0.24862797042541573,0.7681497523027022,0.508388861364059
Marema,2019,0.4595028181792695,0.8128587494705476,0.6361807838249085
Bom Jardim da Serra,2019,0.28556680711032734,0.38383089663633596,0.33469885187333165
Tubarão,2019,0.591974025119733,0.7571709469702657,0.6745724860449993
Maravilha,2019,0.42758266752355367,0.8205704938145386,0.6240765806690461
Turvo,2019,0.4176711314392365,0.69014204303819,0.5539065872387132
Bocaina do Sul,2020,0.36872454840142366,0.6820600869623493,0.5253923176818864
Massaranduba,2020,0.37339518975398067,0.6480068629512193,0.5107010263526
Blumenau,2020,0.4212336535927497,0.6706717813453011,0.5459527174690254
Timbé do Sul,2020,0.40266854433676935,0.8235051814056331,0.6130868628712012
Lontras,2020,0.49384921690454864,0.6774897611184255,0.5856694890114871
Ascurra,2020,0.4493487876714929,0.7167055642659713,0.5830271759687321
Tigrinhos,2020,0.636463761295478,0.8859972362966371,0.7612304987960575
Arroio Trinta,2020,0.39384744960837403,0.7429448794718254,0.5683961645400997
Lindóia do Sul,2020,0.5399336688241436,0.7726200021609204,0.656276835492532
Tijucas,2020,0.45341401081558963,0.8545259780525921,0.6539699944340909
Arvoredo,2020,0.5678130991166204,0.8424040798438183,0.7051085894802194
Leoberto Leal,2020,0.35796179396407296,0.6760313943053303,0.5169965941347017
Treviso,2020,0.473938094320864,0.8421489570285114,0.6580435256746877
Balneário Arroio do Silva,2020,0.46093733784663254,0.8548366085448521,0.6578869731957423
Treze de Maio,2020,0.5044012409014652,0.8176726045261241,0.6610369227137947
Major Gercino,2020,0.34473469480455987,0.6764825876710221,0.510608641237791
Balneário Camboriú,2020,0.5340086877911334,0.9502323946883435,0.7421205412397385
Macieira,2020,0.3830858873114415,0.7489928567772879,0.5660393720443647
Luzerna,2020,0.4417971383669671,0.7305218622583889,0.586159500312678
Timbó,2020,0.4226611565057133,0.6605912757171114,0.5416262161114124
Luiz Alves,2020,0.4250662169131275,0.8074765921697449,0.6162714045414361
Três Barras,2020,0.4805820585556698,0.8411382363478169,0.6608601474517434
Atalanta,2020,0.43914964663333544,0.6223429881800038,0.5307463174066696
Mafra,2020,0.46449094610476654,0.7928550383640205,0.6286729922343935
Timbó Grande,2020,0.4226977892063488,0.8009525820154564,0.6118251856109026
Aurora,2020,0.4708060240129651,0.6094689311470525,0.5401374775800087
Siderópolis,2020,0.4597887373284669,0.8308253763140734,0.6453070568212702
Laguna,2020,0.2494778084681409,0.458016678717732,0.35374724359293647
Antônio Carlos,2020,0.3560572493466022,0.8142658076626889,0.5851615285046455
Serra Alta,2020,0.6125059308007479,0.8755821689953426,0.7440440498980452
Lajeado Grande,2020,0.6312473605533292,0.8496852448948257,0.7404663027240774
Arabutã,2020,0.5511104590799263,0.7595635568861593,0.6553370079830427
Apiúna,2020,0.4475116779678827,0.6359306796988997,0.5417211788333912
Seara,2020,0.5666698468844895,0.8116751780595899,0.6891725124720397
Lages,2020,0.40788054214812286,0.568611198889067,0.4882458705185949
Anitápolis,2020,0.35444191975772293,0.6802375969687823,0.5173397583632526
Taió,2020,0.4037508060369285,0.6578471608411728,0.5307989834390506
Lauro Müller,2020,0.45654371895264445,0.7919776903470468,0.6242607046498456
Tangará,2020,0.41677971440455464,0.7135041657575538,0.5651419400810542
Lebon Régis,2020,0.39005578566008403,0.743755565791494,0.5669056757257891
Armazém,2020,0.4734559422119967,0.926939855122232,0.7001978986671143
Sombrio,2020,0.4082225579724197,0.8212628749501362,0.614742716461278
Laurentino,2020,0.5013155893750694,0.7022133983743098,0.6017644938746896
Araquari,2020,0.3279354591607664,0.6415765802422262,0.4847560197014963
Sul Brasil,2020,0.6129283812181171,0.8815872528447375,0.7472578170314272
Araranguá,2020,0.47651211636640933,0.8428544247979416,0.6596832705821755
Alfredo Wagner,2020,0.34920918237818543,0.7165495255187712,0.5328793539484783
São Miguel da Boa Vista,2020,0.6378886541007688,0.8924714673217666,0.7651800607112678
Jardinópolis,2020,0.6178979110528209,0.8908721463006491,0.7543850286767351
São Martinho,2020,0.41779155011114266,0.8277162435673754,0.622753896839259
Alto Bela Vista,2020,0.5860922194570226,0.9545081477349693,0.770300183595996
Jaraguá do Sul,2020,0.3404366066059487,0.550300509683927,0.4453685581449378
São Lourenço do Oeste,2020,0.6500038417602481,0.9696618159692009,0.8098328288647245
Águas Frias,2020,0.5933373436541657,0.9692218813498544,0.7812796125020101
São Ludgero,2020,0.5289314589908297,0.9783795277223208,0.7536554933565753
Jaguaruna,2020,0.41627178607909154,0.6354544443727828,0.5258631152259372
Águas Mornas,2020,0.33955969316927925,0.7245541942016611,0.5320569436854702
José Boiteux,2020,0.4855911404532479,0.6871295309303525,0.5863603356918001
Saudades,2020,0.5883106737094106,0.9423555447699834,0.765333109239697
Joinville,2020,0.2973874076494106,0.5459188964996173,0.4216531520745139
Schroeder,2020,0.29965669795067695,0.5098957289638647,0.40477621345727083
Angelina,2020,0.33323376372078833,0.6890012966687474,0.5111175301947679
Lacerdópolis,2020,0.5048316145265919,0.7611857046097452,0.6330086595681685
Anita Garibaldi,2020,0.5242544559873126,0.7647789752579783,0.6445167156226455
Jupiá,2020,0.6655470779521729,1.0,0.8327735389760864
São Miguel do Oeste,2020,0.6560053254051639,0.8999778221335106,0.7779915737693373
Joaçaba,2020,0.46751930124747676,0.7262634494324959,0.5968913753399863
Anchieta,2020,0.6889701179783139,0.9239981575310914,0.8064841377547026
São Pedro de Alcântara,2020,0.34465757105173267,0.7825596788590502,0.5636086249553914
Itapoá,2020,0.34199654812279295,0.8803456184752565,0.6111710832990247
São José,2020,0.3662597945679532,0.9236168699933693,0.6449383322806612
Itapiranga,2020,0.6055953435054457,0.8667997338656018,0.7361975386855237
Agrolândia,2020,0.41831767996905467,0.5929830451594474,0.505650362564251
São João do Sul,2020,0.3501964271424039,0.7886319814015079,0.5694142042719559
Abdon Batista,2020,0.5139437602680172,0.7169934332769505,0.6154685967724839
Itajaí,2020,0.48220278695526403,0.8452566741327688,0.6637297305440164
São Joaquim,2020,0.42462963622828326,0.8488926434032441,0.6367611398157637
Itapema,2020,0.5240178194843752,0.9008174336052038,0.7124176265447895
Abelardo Luz,2020,0.6318182658777369,0.9048100380435711,0.768314151960654
São José do Cerrito,2020,0.43166283393336913,0.6339216990854891,0.5327922665094291
Jaborá,2020,0.49282857207061426,0.7322107920910315,0.6125196820808229
Água Doce,2020,0.42734454734224625,0.751979393681065,0.5896619705116557
Jacinto Machado,2020,0.39155398945542996,0.8309392336066596,0.6112466115310448
Águas de Chapecó,2020,0.5827145391842288,0.9795609386828159,0.7811377389335223
São José do Cedro,2020,0.7323128238531851,0.941262773598103,0.836787798725644
Ituporanga,2020,0.4458928857136196,0.7181675699712693,0.5820302278424445
Agronômica,2020,0.4770065486412617,0.5651005680945801,0.5210535583679209
São Cristóvão do Sul,2020,0.3461135159126373,0.6482021711562629,0.4971578435344501
Irati,2020,0.6308714629201643,0.9093607656481907,0.7701161142841775
São Carlos,2020,0.5814956907893573,0.9694523970789956,0.7754740439341764
São Domingos,2020,0.6726016631813891,0.9600849582885509,0.81634331073497
Irineópolis,2020,0.4795953865226922,0.8840893711153189,0.6818423788190056
São Bonifácio,2020,0.3646326107985497,0.7044273536988142,0.534529982248682
Ipumirim,2020,0.5547117633176782,0.7842933462463632,0.6695025547820207
Irani,2020,0.5009043800055095,0.7542441512149156,0.6275742656102126
Iraceminha,2020,0.6192674578949863,0.8693268733188892,0.7442971656069377
São João Batista,2020,0.38353187835439095,0.7664947416387959,0.5750133099965935
Itaiópolis,2020,0.48604510766691933,0.7553098930344441,0.6206775003506817
São João do Itaperiú,2020,0.3743255214015895,0.7239579769784255,0.5491417491900075
Itá,2020,0.5937026343640162,0.8869106908072603,0.7403066625856383
São João do Oeste,2020,0.5878235730070833,0.8545643755224591,0.7211939742647713
São Francisco do Sul,2020,0.3028877684243744,0.7038105910337011,0.5033491797290378
Santa Helena,2020,0.6144033122725837,0.8836890321920259,0.7490461722323047
Santa Cecília,2020,0.3783221697238178,0.7195599958350319,0.5489410827794249
Imbituba,2020,0.2399176898592475,0.6095574489096529,0.4247375693844502
Santa Rosa de Lima,2020,0.404650720239123,0.7451090861806401,0.5748799032098816
Imbuia,2020,0.38522281293286836,0.718894796775937,0.5520588048544027
Salto Veloso,2020,0.3944484889137685,0.7427196888274727,0.5685840888706206
Imaruí,2020,0.31580146486168686,0.7009221966333201,0.5083618307475035
Sangão,2020,0.4642476924881804,0.6914024208624978,0.5778250566753391
São Bento do Sul,2020,0.38746065533357166,0.5691352338058926,0.4782979445697321
Ipira,2020,0.5665573735780483,0.9349907698845902,0.7507740717313192
São Bernardino,2020,0.6434265063065954,0.941900813757101,0.7926636600318482
Iomerê,2020,0.3990178389244572,0.7376528993295461,0.5683353691270017
Ipuaçu,2020,0.6826667317714478,0.9303208179302143,0.806493774850831
Iporã do Oeste,2020,0.5914374787051841,0.8515618335977617,0.7214996561514729
Santa Terezinha,2020,0.5088431619298623,0.7400113148616143,0.6244272383957383
Santa Rosa do Sul,2020,0.37699484554095836,0.8237274082145832,0.6003611268777708
Santo Amaro da Imperatriz,2020,0.3382043817675842,0.7824022735431676,0.5603033276553759
Santiago do Sul,2020,0.6580042210792783,0.9226470136649773,0.7903256173721278
Santa Terezinha do Progresso,2020,0.6384978324777606,0.9091731067778972,0.7738354696278289
Indaial,2020,0.42270981013767794,0.6621848724960311,0.5424473413168545
Rio Negrinho,2020,0.46590956249259197,0.6727979937560776,0.5693537781243347
Rodeio,2020,0.43016773394040786,0.6814911167279307,0.5558294253341693
Ibicaré,2020,0.44071273691500445,0.7247044372792875,0.582708587097146
Riqueza,2020,0.6116316957136283,0.8973743973863499,0.7545030465499891
Ibirama,2020,0.4883652505460722,0.7315437583117351,0.6099545044289036
Rio Rufino,2020,0.3697067112201983,0.764614699892225,0.5671607055562117
Rio Fortuna,2020,0.4314508800999214,0.7923152006845126,0.611883040392217
Herval d'Oeste,2020,0.4621881621098647,0.7160432586503522,0.5891157103801085
Ibiam,2020,0.43079344452983537,0.7086033062080965,0.569698375368966
Ilhota,2020,0.4444976223609066,0.809330099060715,0.6269138607108108
Saltinho,2020,0.6375870995648608,0.9091999151879392,0.7733935073764
Salete,2020,0.43549989828214775,0.6755378132623641,0.5555188557722559
Romelândia,2020,0.6596868798149398,0.9094473774344798,0.7845671286247098
Içara,2020,0.5093821149071553,0.8083260159182002,0.6588540654126778
Rio do Campo,2020,0.42939688212740407,0.7075232251546291,0.5684600536410166
Guabiruba,2020,0.4129504666312145,0.6083049216466448,0.5106276941389296
Guaraciaba,2020,0.7073361081924281,0.9282517585910798,0.8177939333917539
Gravatal,2020,0.4674424556254618,0.8572818779273296,0.6623621667763957
Rio das Antas,2020,0.3834360601365976,0.743407771351883,0.5634219157442403
Guatambú,2020,0.5091476083407075,0.9281113457375456,0.7186294770391266
Rio do Sul,2020,0.5080673488386751,0.690870090142436,0.5994687194905556
Guarujá do Sul,2020,0.7477586929661215,0.9532729412968932,0.8505158171315074
Rio do Oeste,2020,0.48843921102889654,0.6458567159248841,0.5671479634768903
Rio dos Cedros,2020,0.40774202990762864,0.5725188403033225,0.49013043510547555
Guaramirim,2020,0.3246124914379013,0.5610843414874656,0.4428484164626834
Presidente Getúlio,2020,0.5269221258671835,0.7913928212767062,0.6591574735719448
Garuva,2020,0.3334600973244142,0.7671127088180452,0.5502864030712297
Presidente Castello Branco,2020,0.5273405621959881,0.8202318817482768,0.6737862219721324
Garopaba,2020,0.28448240915207734,0.6006168663222984,0.44254963773718786
Rancho Queimado,2020,0.32366915018926273,0.6577651935719513,0.49071717188060704
Grão-Pará,2020,0.44163735158833906,0.7943441425600806,0.6179907470742099
Presidente Nereu,2020,0.4317414988657254,0.6067602600622043,0.5192508794639649
Gaspar,2020,0.4371604864725535,0.6991777940560346,0.5681691402642941
Quilombo,2020,0.6349498233294145,0.8951015517014159,0.7650256875154152
Governador Celso Ramos,2020,0.4386905150375959,0.9539085127538476,0.6962995138957218
Princesa,2020,0.7466215433074793,0.9503454629203131,0.8484835031138962
Porto Belo,2020,0.49300505811950013,0.8206264927436869,0.6568157754315935
Faxinal dos Guedes,2020,0.5968788616080756,0.8604443534583256,0.7286616075332006
Flor do Sertão,2020,0.645141293207746,0.8909701963594178,0.7680557447835819
Ponte Alta do Norte,2020,0.34971270646818986,0.6736987563334865,0.5117057314008382
Entre Rios,2020,0.6560671197670351,0.8868417012129589,0.771454410489997
Doutor Pedrinho,2020,0.4390367103869057,0.6084942126543136,0.5237654615206097
Ponte Serrada,2020,0.49738511997955825,0.7793533811497886,0.6383692505646734
Erval Velho,2020,0.49410006786617044,0.7196882164809172,0.6068941421735439
Ermo,2020,0.4557342637243941,0.8905399940559672,0.6731371288901806
Frei Rogério,2020,0.4118992599182083,0.7007779313168535,0.5563385956175309
Pouso Redondo,2020,0.4086732431888067,0.6097321027460748,0.5092026729674408
Praia Grande,2020,0.360073418621973,0.765571211301085,0.562822314961529
Galvão,2020,0.660977487521659,0.9851213324267214,0.8230494099741902
Formosa do Sul,2020,0.6270312829652338,0.9169609498950818,0.7719961164301579
Porto União,2020,0.464847284624388,0.8338414745600373,0.6493443795922127
Florianópolis,2020,0.4110345431518878,0.936599398103498,0.6738169706276929
Fraiburgo,2020,0.3833024947412129,0.7217689163796949,0.5525357055604538
Forquilhinha,2020,0.5426759507880056,1.0,0.7713379753940028
Curitibanos,2020,0.3901630589246807,0.6745001700972114,0.532331614510946
Cunhataí,2020,0.5802816796457422,0.9438822263835209,0.7620819530146316
Pinheiro Preto,2020,0.41956496685112976,0.7280822969445725,0.5738236318978511
Balneário Piçarras,2020,0.4728634956351497,0.9541791892352766,0.7135213424352131
Pinhalzinho,2020,0.6014409315109328,0.9330351806844892,0.767238056097711
Cunha Porã,2020,0.5992998365713362,0.8681620781704448,0.7337309573708906
Pomerode,2020,0.3958900023032385,0.6496698611996908,0.5227799317514646
Dionísio Cerqueira,2020,0.753202882352495,0.9615486974768411,0.8573757899146681
Ponte Alta,2020,0.35616369442462714,0.6292889820029093,0.4927263382137682
Dona Emma,2020,0.5315839250955873,0.8019874222665291,0.6667856736810582
Piratuba,2020,0.5749577293474839,1.0,0.787478864673742
Descanso,2020,0.6256378879152671,0.8786081682788267,0.7521230280970469
Planalto Alegre,2020,0.5409983975126476,0.9644208932626798,0.7527096453876636
Cocal do Sul,2020,0.5481792248762175,0.9392822809780152,0.7437307529271164
Cordilheira Alta,2020,0.5491214003864004,0.9066974779871706,0.7279094391867855
Penha,2020,0.5044731453822731,1.0,0.7522365726911365
Concórdia,2020,0.5577342028655237,0.8220359006242257,0.6898850517448747
Celso Ramos,2020,0.5546986942621739,0.8674449181242276,0.7110718061932008
Paulo Lopes,2020,0.31986039921278114,0.6923886807749694,0.5061245399938753
Caxambu do Sul,2020,0.5491671813427559,0.9465416948882422,0.747854438115499
Pedras Grandes,2020,0.5518026820968285,0.9782698665567362,0.7650362743267823
Chapecó,2020,0.5245955481769762,0.8996084595909287,0.7121020038839525
Chapadão do Lageado,2020,0.40759555160939487,0.7649390302712801,0.5862672909403375
Cerro Negro,2020,0.49590549678282747,0.6992538120471503,0.597579654414989
Petrolândia,2020,0.41393299726492994,0.6808470009215837,0.5473899990932568
Corupá,2020,0.39269364035175713,0.5306115485756205,0.46165259446368884
Criciúma,2020,0.5339174397491726,0.90253945474877,0.7182284472489713
Correia Pinto,2020,0.3748926458927662,0.6131668287356908,0.4940297373142285
Peritiba,2020,0.5593732002826917,0.9145384278258096,0.7369558140542507
Coronel Freitas,2020,0.5876242070590042,0.9675430748780286,0.7775836409685164
Pescaria Brava,2020,0.34975429982999573,0.6841080280523653,0.5169311639411804
Coronel Martins,2020,0.6630326642381779,0.9580019448282922,0.810517304533235
Palma Sola,2020,0.7054010915516007,0.9547742122592424,0.8300876519054216
Canoinhas,2020,0.4755524551656621,0.8655424194346351,0.6705474373001485
Balneário Rincão,2020,0.48345237251157996,0.7656930399322122,0.6245727062218961
Ouro,2020,0.5217296878684309,0.828977250089645,0.6753534689790379
Campos Novos,2020,0.48560939034470507,0.7035725045673066,0.5945909474560058
Palhoça,2020,0.3453349446610453,0.8160010337397475,0.5806679892003964
Painel,2020,0.3665635543086744,0.6481698960119391,0.5073667251603067
Canelinha,2020,0.43632922191830403,0.8406186939642374,0.6384739579412707
Paial,2020,0.5836168431060319,0.9146579545001792,0.7491373988031056
Ouro Verde,2020,0.63401023569187,0.9042939761502635,0.7691521059210668
Papanduva,2020,0.49341254017520003,0.7975893116830755,0.6455009259291378
Catanduvas,2020,0.45060796489542054,0.7374993602538512,0.5940536625746359
Passos Maia,2020,0.5148057013388871,0.8003684937816676,0.6575870975602773
Passo de Torres,2020,0.35390989107637044,0.8058015451891549,0.5798557181327627
Paraíso,2020,0.697278774147707,0.9294232048723066,0.8133509895100068
Capinzal,2020,0.5469299916906493,0.9389901703539697,0.7429600810223095
Palmeira,2020,0.3591342579061154,0.5957452616135249,0.47743975975982017
Capivari de Baixo,2020,0.3852675459692031,0.7013809447529431,0.5433242453610732
Palmitos,2020,0.5808522077605731,0.9160985654702114,0.7484753866153923
Nova Itaberaba,2020,0.5646617916978931,0.9900792860273314,0.7773705388626122
Xavantina,2020,0.5608142773630753,0.7854035518706178,0.6731089146168465
Capão Alto,2020,0.44409873610233835,0.6134541501368864,0.5287764431196124
Nova Erechim,2020,0.587608379668313,0.9777680385672735,0.7826882091177932
Xaxim,2020,0.5825105351659741,0.8403043945973943,0.7114074648816842
Nova Trento,2020,0.37821508729085496,0.6816410989277855,0.5299280931093202
Campo Alegre,2020,0.34894735708674185,0.5347519585709871,0.4418496578288645
Xanxerê,2020,0.6280147640680861,0.8739495368237885,0.7509821504459373
Navegantes,2020,0.48524042628279657,0.9511451815445058,0.7181928039136511
Caibi,2020,0.5876447653573995,0.9141559424678274,0.7509003539126134
Camboriú,2020,0.48428970378167796,0.8245801174142421,0.65443491059796
Calmon,2020,0.3952392774498622,0.7869857354887296,0.5911125064692959
Orleans,2020,0.47321226616249823,0.8417156614139272,0.6574639637882127
Zortéa,2020,0.5566706169352998,0.9253197338539383,0.7409951753946191
Campo Erê,2020,0.6726852995317851,0.9391760069604381,0.8059306532461117
Otacílio Costa,2020,0.35876622454660834,0.581933568759916,0.47034989665326216
Novo Horizonte,2020,0.6485882680990157,0.9619990787655458,0.8052936734322808
Nova Veneza,2020,0.49795537025461156,0.9137683268393628,0.7058618485469872
Campo Belo do Sul,2020,0.4734812941143676,0.6359748728368991,0.5547280834756334
Vargeão,2020,0.5668466677653723,0.8434925021751369,0.7051695849702546
Modelo,2020,0.5993273878650954,0.8819474879477269,0.7406374379064111
Vidal Ramos,2020,0.4013931166811505,0.6637033137940486,0.5325482152375995
Mondaí,2020,0.6004216919628278,0.8729630662576197,0.7366923791102238
Botuverá,2020,0.3988136966495217,0.6268806404341221,0.5128471685418219
Vargem Bonita,2020,0.4515807784938841,0.7466308947556978,0.599105836624791
Braço do Norte,2020,0.4954031682758074,0.9224292750614391,0.7089162216686232
Vargem,2020,0.4484543195449148,0.6637042656767911,0.556079292610853
Urussanga,2020,0.5508467451856134,0.9722936119509136,0.7615701785682635
Meleiro,2020,0.5037064989563116,0.9289009418713373,0.7163037204138245
Urupema,2020,0.37188970873079963,0.74682602301963,0.5593578658752147
Bom Retiro,2020,0.3588039341918329,0.7265826126014844,0.5426932733966586
Bom Jesus do Oeste,2020,0.6189712975331485,0.8729549448112319,0.7459631211721902
Mirim Doce,2020,0.3708790198852364,0.6538879057000708,0.5123834627926536
Vitor Meireles,2020,0.5038599585383048,0.685437007373468,0.5946484829558865
Caçador,2020,0.37751482270350667,0.7597215824760735,0.5686182025897901
Morro Grande,2020,0.4318439199859089,0.8026454467581131,0.617244683372011
Witmarsum,2020,0.5137846879807983,0.7304393539875267,0.6221120209841625
Morro da Fumaça,2020,0.534413326572093,0.8871343461581128,0.7107738363651028
Monte Carlo,2020,0.405700986214283,0.701184525535823,0.553442755875053
Brunópolis,2020,0.42447713830523337,0.6791658847547072,0.5518215115299703
Braço do Trombudo,2020,0.41849695118649566,0.5932493986386201,0.5058731749125579
Videira,2020,0.39702474526141035,0.7313416352180928,0.5641831902397516
Monte Castelo,2020,0.451185743146407,0.7775840260870202,0.6143848846167136
Brusque,2020,0.41988541560646486,0.643890497689895,0.53188795664818
Trombudo Central,2020,0.4578414979013555,0.5804416807410819,0.5191415893212187
Maracajá,2020,0.5048115176601866,0.8869042993707212,0.6958579085154539
Benedito Novo,2020,0.41917569080222317,0.6137924545995468,0.516484072700885
Biguaçu,2020,0.3947185185759096,0.8927824953185468,0.6437505069472282
Major Vieira,2020,0.48502150542696865,0.8249575799092154,0.6549895426680921
Barra Velha,2020,0.42225789530547153,0.8621772321057194,0.6422175637055955
Barra Bonita,2020,0.6756895113871813,0.91611648497876,0.7959029981829706
Bandeirante,2020,0.6733460883174284,0.9140254289954886,0.7936857586564585
Balneário Gaivota,2020,0.3890423070251738,0.8074051988629252,0.5982237529440495
Balneário Barra do Sul,2020,0.3235342339769166,0.6797827448371866,0.5016584894070516
Treze Tílias,2020,0.4167750362543205,0.7355417370387431,0.5761583866465319
Belmonte,2020,0.6338673587214206,0.894441885459849,0.7641546220906348
Bela Vista do Toldo,2020,0.4812598109604601,0.8412211827450315,0.6612404968527459
União do Oeste,2020,0.608160230950281,0.9372006852862664,0.7726804581182738
Bombinhas,2020,0.5313112908896678,0.8860444362833791,0.7086778635865234
Urubici,2020,0.34668313728402633,0.6898484926785312,0.5182658149812788
Bom Jesus,2020,0.6651106781440606,0.9176177559411095,0.791364217042585
Tunápolis,2020,0.6040462570798657,0.878155776359369,0.7411010167196174
Matos Costa,2020,0.437939892796645,0.8108398587440503,0.6243898757703477
Marema,2020,0.6251503533262778,0.9130358067765934,0.7690930800514355
Bom Jardim da Serra,2020,0.3485833569489939,0.6766490580435064,0.5126162074962501
Tubarão,2020,0.46373779687718014,0.791583851104139,0.6276608239906596
Maravilha,2020,0.6189347299204848,0.8585677647553893,0.7387512473379371
Turvo,2020,0.45832325934476836,0.8782620992299094,0.6682926792873389
Bocaina do Sul,2021,0.31431212588075563,0.4705780901359257,0.39244510800834065
Massaranduba,2021,0.2985622914274668,0.5883468220464907,0.44345455673697876
Blumenau,2021,0.30279814051963744,0.5417617153812924,0.4222799279504649
Timbé do Sul,2021,0.2302476207670368,0.3681415824460017,0.29919460160651923
Lontras,2021,0.3336611846477656,0.4380391860962297,0.38585018537199767
Ascurra,2021,0.30160223511310363,0.4056272374389028,0.3536147362760032
Tigrinhos,2021,0.6256693026447413,0.8702432153726197,0.7479562590086806
Arroio Trinta,2021,0.4804814820467629,0.7018083955833897,0.5911449388150762
Lindóia do Sul,2021,0.5295437977370249,0.7397867021785021,0.6346652499577634
Tijucas,2021,0.3818664655074599,0.6868976181976619,0.5343820418525609
Arvoredo,2021,0.5174670423215741,0.8564395172852886,0.6869532798034313
Leoberto Leal,2021,0.3163472113836927,0.5637512020201355,0.4400492067019141
Treviso,2021,0.3387105567182567,0.4977112100404939,0.4182108833793753
Balneário Arroio do Silva,2021,0.3394351051610733,0.6445623917203439,0.49199874844070857
Treze de Maio,2021,0.4251530835000369,0.7018702079943177,0.5635116457471773
Major Gercino,2021,0.3213473992785004,0.6279762623587786,0.4746618308186395
Balneário Camboriú,2021,0.4758379550628471,0.7663141489571604,0.6210760520100038
Macieira,2021,0.43891595814497975,0.7127802150815804,0.57584808661328
Luzerna,2021,0.5217544288820155,0.7364655679382561,0.6291099984101358
Timbó,2021,0.2769457130223105,0.3963906218366336,0.33666816742947203
Luiz Alves,2021,0.3488909278045743,0.7027440754832991,0.5258175016439367
Três Barras,2021,0.4880361266060122,0.7705928217510498,0.629314474178531
Atalanta,2021,0.32291875791196,0.4760481903468395,0.3994834741293998
Mafra,2021,0.4241660032092667,0.7245070468491576,0.5743365250292121
Timbó Grande,2021,0.4001392393436325,0.7296618375713673,0.5649005384574999
Aurora,2021,0.33023140557840625,0.44871349883045314,0.3894724522044297
Siderópolis,2021,0.31853205927053546,0.4699457086086527,0.39423888393959405
Laguna,2021,0.4384946064472471,1.0,0.7192473032236235
Antônio Carlos,2021,0.32146371889025516,0.6282439203716366,0.47485381963094586
Serra Alta,2021,0.6201149112170766,0.8547498679544252,0.7374323895857509
Lajeado Grande,2021,0.6100406889928858,0.8869129490213994,0.7484768190071426
Arabutã,2021,0.5039526009917743,0.7892125856869991,0.6465825933393867
Apiúna,2021,0.316440684032465,0.46479188885335426,0.39061628644290963
Seara,2021,0.48831424909250987,0.8040994899366773,0.6462068695145936
Lages,2021,0.3721389404450969,0.5512413681326217,0.4616901542888593
Anitápolis,2021,0.31697840153001555,0.49353780419291393,0.40525810286146474
Taió,2021,0.33313348001387244,0.5703661860003817,0.45174983300712707
Lauro Müller,2021,0.3200474038032492,0.47326571162683734,0.39665655771504327
Tangará,2021,0.4821402715468624,0.6840547442296039,0.5830975078882331
Lebon Régis,2021,0.4291110365192766,0.6812907769310091,0.5552009067251429
Armazém,2021,0.3833632185966324,0.7366190750644074,0.5599911468305199
Sombrio,2021,0.26401423521398526,0.5174322945490987,0.39072326488154197
Laurentino,2021,0.3333982283458724,0.4854917544874534,0.4094449914166629
Araquari,2021,0.3583128972625592,0.8551101516439816,0.6067115244532704
Sul Brasil,2021,0.6367391212149428,0.8615743186029152,0.7491567199089291
Araranguá,2021,0.3521169076413274,0.6219071404166155,0.4870120240289715
Alfredo Wagner,2021,0.3028185387209994,0.46753659588967644,0.3851775673053379
São Miguel da Boa Vista,2021,0.6318902354422521,0.880756558263537,0.7563233968528946
Jardinópolis,2021,0.6399177245285461,0.8829761898975955,0.7614469572130709
São Martinho,2021,0.37775528775834494,0.7115443993729155,0.5446498435656302
Alto Bela Vista,2021,0.4953376660234289,0.9003416718103746,0.6978396689169017
Jaraguá do Sul,2021,0.2501713387140987,0.4200646304000419,0.3351179845570703
São Lourenço do Oeste,2021,0.6983590376530141,0.9671995998110834,0.8327793187320487
Águas Frias,2021,0.5994918385829303,0.9281031139278648,0.7637974762553976
São Ludgero,2021,0.3768152507804884,0.6230577395588507,0.49993649516966954
Jaguaruna,2021,0.4436013949949172,0.8498607099438602,0.6467310524693887
Águas Mornas,2021,0.32158716455660197,0.578727531906723,0.4501573482316625
José Boiteux,2021,0.3256906822751058,0.5283356029602161,0.42701314261766093
Saudades,2021,0.5727846967779525,0.8650089272972049,0.7188968120375787
Joinville,2021,0.25670757289202367,0.5798136948884315,0.4182606338902276
Schroeder,2021,0.2471980790545933,0.4891114698844929,0.3681547744695431
Angelina,2021,0.3145660841722206,0.5888960678668564,0.45173107601953855
Lacerdópolis,2021,0.5412858359947997,0.8897561639441465,0.7155209999694732
Anita Garibaldi,2021,0.43153311777655495,0.7510127434350896,0.5912729306058223
Jupiá,2021,0.7114949504963818,1.0,0.8557474752481908
São Miguel do Oeste,2021,0.5740935412245506,0.8882265650544526,0.7311600531395016
Joaçaba,2021,0.523681320638281,0.7851684749712968,0.6544248978047889
Anchieta,2021,0.6400076237851037,0.9147865891999293,0.7773971064925165
São Pedro de Alcântara,2021,0.3284883703902432,0.6413839677042534,0.48493616904724834
Itapoá,2021,0.31441043742259317,0.8905132239792781,0.6024618307009356
São José,2021,0.3468259813603772,0.6521926568202969,0.499509319090337
Itapiranga,2021,0.5642146841162755,0.9539982406088855,0.7591064623625805
Agrolândia,2021,0.3212097350913904,0.489881536255942,0.4055456356736662
São João do Sul,2021,0.20586896647832215,0.43154441171431646,0.3187066890963193
Abdon Batista,2021,0.43498753759412606,0.7251413102117589,0.5800644239029424
Itajaí,2021,0.41898483029561967,0.7287930055113672,0.5738889179034934
São Joaquim,2021,0.2949211356030893,0.3935329407298016,0.34422703816644545
Itapema,2021,0.44591283919655217,0.7853502428194784,0.6156315410080153
Abelardo Luz,2021,0.6609127725292194,0.9014604659741605,0.78118661925169
São José do Cerrito,2021,0.4187961885247071,0.6512148632812443,0.5350055259029758
Jaborá,2021,0.5146306539543434,0.7833016610531397,0.6489661575037415
Água Doce,2021,0.4565513324828754,0.72474119255079,0.5906462625168327
Jacinto Machado,2021,0.22080042357652777,0.39388031507160015,0.30734036932406394
Águas de Chapecó,2021,0.5511000803677815,0.8994765568424276,0.7252883186051045
São José do Cedro,2021,0.6270659818231461,0.9373072763399479,0.782186629081547
Ituporanga,2021,0.3362871251585658,0.4740970882853586,0.4051921067219622
Agronômica,2021,0.3323673768176029,0.4737795216177469,0.4030734492176749
São Cristóvão do Sul,2021,0.3577819587269292,0.5736562790814655,0.46571911890419737
Irati,2021,0.6575360753037005,0.8976332402726427,0.7775846577881715
São Carlos,2021,0.5462279999648236,0.8827783104707376,0.7145031552177806
São Domingos,2021,0.7035784456364962,0.9582786287381468,0.8309285371873215
Irineópolis,2021,0.45507889312679933,0.8004411766075787,0.627760034867189
São Bonifácio,2021,0.3549339961441586,0.6163494603375598,0.48564172824085916
Ipumirim,2021,0.5262349747221475,0.7482543865249662,0.6372446806235569
Irani,2021,0.5109073865396618,0.7223403358174171,0.6166238611785395
Iraceminha,2021,0.5816074239112651,0.8509231943155142,0.7162653091133897
São João Batista,2021,0.33664813660236254,0.6471317106134071,0.49188992360788486
Itaiópolis,2021,0.39144069523850344,0.6789741526027647,0.5352074239206341
São João do Itaperiú,2021,0.36210612983412316,0.7846210602131064,0.5733635950236148
Itá,2021,0.4753641186991523,0.8303298476467277,0.65284698317294
São João do Oeste,2021,0.5540397578122791,0.9292695610756587,0.7416546594439689
São Francisco do Sul,2021,0.3644750287882914,0.9863039293808181,0.6753894790845547
Santa Helena,2021,0.5552411747020034,0.9001083823808158,0.7276747785414096
Santa Cecília,2021,0.3595290745799343,0.6459712873511178,0.502750180965526
Imbituba,2021,0.4208144275950731,0.9782953461348936,0.6995548868649833
Santa Rosa de Lima,2021,0.3417546711027238,0.555432435611611,0.44859355335716744
Imbuia,2021,0.3213764827601567,0.5399060114732156,0.43064124711668617
Salto Veloso,2021,0.47363516606129336,0.705534176748241,0.5895846714047672
Imaruí,2021,0.4029050170879231,0.8705586123829152,0.6367318147354192
Sangão,2021,0.43111892778225197,0.7442109261524489,0.5876649269673504
São Bento do Sul,2021,0.27072510872808564,0.49974010077382885,0.3852326047509572
Ipira,2021,0.511392184331499,0.908143907176728,0.7097680457541136
São Bernardino,2021,0.6833109105709401,0.9366432757363109,0.8099770931536254
Iomerê,2021,0.49830512186154063,0.6909630523906533,0.5946340871260969
Ipuaçu,2021,0.6728553610083896,0.9161273596495808,0.7944913603289852
Iporã do Oeste,2021,0.5535701817428373,0.8968682514147222,0.7252192165787797
Santa Terezinha,2021,0.36186971335082346,0.6512127459837408,0.5065412296672821
Santa Rosa do Sul,2021,0.22873802171776092,0.47555131878564777,0.3521446702517044
Santo Amaro da Imperatriz,2021,0.33940534195290556,0.6290396222493251,0.4842224821011153
Santiago do Sul,2021,0.6794192161482382,0.9114112527981083,0.7954152344731733
Santa Terezinha do Progresso,2021,0.6477202903018274,0.8980943518029457,0.7729073210523866
Indaial,2021,0.3026795040267376,0.49994204570629897,0.4013107748665183
Rio Negrinho,2021,0.32817081185381053,0.6024296385723984,0.46530022521310443
Rodeio,2021,0.2871518724513144,0.40749812899544885,0.3473250007233816
Ibicaré,2021,0.5134321932945118,0.7475954178067877,0.6305138055506498
Riqueza,2021,0.5600945691748818,0.8748839628097766,0.7174892659923292
Ibirama,2021,0.3164085659413449,0.4578514118995518,0.38712998892044836
Rio Rufino,2021,0.26594672111597484,0.4151076905019406,0.3405272058089577
Rio Fortuna,2021,0.3377753804853315,0.5593152569300329,0.4485453187076822
Herval d'Oeste,2021,0.5343465643009234,0.8288429479858036,0.6815947561433635
Ibiam,2021,0.49604541989171563,0.744737622294693,0.6203915210932043
Ilhota,2021,0.37079006993841157,0.6906405633178915,0.5307153166281515
Saltinho,2021,0.6548509020295075,0.8974356210453693,0.7761432615374384
Salete,2021,0.33414846438757606,0.58103406356632,0.45759126397694805
Romelândia,2021,0.6305583752407105,0.896803239518096,0.7636808073794032
Içara,2021,0.42517359816813877,0.69859797865381,0.5618857884109744
Rio do Campo,2021,0.3375211388794166,0.6201363213360496,0.4788287301077331
Guabiruba,2021,0.33110471944898234,0.6288135239462334,0.47995912169760785
Guaraciaba,2021,0.5889781018576582,0.9226254852150871,0.7558017935363727
Gravatal,2021,0.40735058486867765,0.7718474608257033,0.5895990228471905
Rio das Antas,2021,0.47364796759956096,0.6992015783987408,0.5864247729991509
Guatambú,2021,0.49279505315449057,0.8816396358740821,0.6872173445142864
Rio do Sul,2021,0.33218241974450524,0.4671210711201655,0.3996517454323354
Guarujá do Sul,2021,0.6466166730609146,0.9626591106812535,0.8046378918710841
Rio do Oeste,2021,0.3392620548757785,0.5128817793874761,0.4260719171316273
Rio dos Cedros,2021,0.27378545358178263,0.4787118249522335,0.3762486392670081
Guaramirim,2021,0.2883808649939172,0.6138748358792198,0.45112785043656844
Presidente Getúlio,2021,0.3374609127243121,0.49981695269554616,0.41863893270992913
Garuva,2021,0.2589710113023387,0.6511518719895942,0.45506144164596646
Presidente Castello Branco,2021,0.5220659842976285,0.8537421082560156,0.687904046276822
Garopaba,2021,0.42150708395137215,0.9468634235418855,0.6841852537466289
Rancho Queimado,2021,0.3002592570313137,0.5197391129722915,0.40999918500180255
Grão-Pará,2021,0.31786524460790566,0.49543147549915745,0.40664836005353155
Presidente Nereu,2021,0.3275062327930572,0.5138965007183086,0.4207013667556829
Gaspar,2021,0.3344197994754103,0.6252802806724058,0.4798500400739081
Quilombo,2021,0.6486777604054158,0.932791334194959,0.7907345473001874
Governador Celso Ramos,2021,0.39360481234409406,0.7022005148999055,0.5479026636219998
Princesa,2021,0.6207805839182259,0.9595388645609054,0.7901597242395657
Porto Belo,2021,0.423806251542898,0.7349126215897964,0.5793594365663473
Faxinal dos Guedes,2021,0.5842236911452919,0.8374120744150169,0.7108178827801543
Flor do Sertão,2021,0.6104353397188774,0.8783587783059598,0.7443970590124186
Ponte Alta do Norte,2021,0.37621794878895787,0.6012676375160336,0.48874279315249575
Entre Rios,2021,0.6626809951658899,0.9456484231092621,0.804164709137576
Doutor Pedrinho,2021,0.30019774831256474,0.5328843121914797,0.4165410302520222
Ponte Serrada,2021,0.5108530900233508,0.7567307312270715,0.6337919106252111
Erval Velho,2021,0.5332203183860487,0.8785821304715319,0.7059012244287903
Ermo,2021,0.2939363458511594,0.533281962680638,0.4136091542658987
Frei Rogério,2021,0.47206480842488185,0.6379813375587914,0.5550230729918366
Pouso Redondo,2021,0.3263860659527071,0.5242866045703135,0.42533633526151027
Praia Grande,2021,0.19709055472567144,0.3431696746843868,0.2701301147050291
Galvão,2021,0.7135155913991067,0.986443321009079,0.8499794562040929
Formosa do Sul,2021,0.6703046429856031,0.9059332478181034,0.7881189454018532
Porto União,2021,0.4231836051747173,0.76026152808768,0.5917225666311987
Florianópolis,2021,0.4258635113926678,0.8699660746893799,0.6479147930410238
Fraiburgo,2021,0.4729420214042327,0.6674463643451795,0.5701941928747061
Forquilhinha,2021,0.3784223828362288,0.5637191388340371,0.471070760835133
Curitibanos,2021,0.43845426062193793,0.6076808851763243,0.5230675728991312
Cunhataí,2021,0.5400729779817466,0.856731129072237,0.6984020535269918
Pinheiro Preto,2021,0.5074574861302694,0.7000626965341938,0.6037600913322316
Balneário Piçarras,2021,0.43675736405929777,0.8078746618151195,0.6223160129372086
Pinhalzinho,2021,0.5975992762582615,0.8670104445621694,0.7323048604102154
Cunha Porã,2021,0.5629954664367969,0.824556628578927,0.6937760475078619
Pomerode,2021,0.2719661927236246,0.4484935990287104,0.3602298958761675
Dionísio Cerqueira,2021,0.6480065114547802,1.0,0.8240032557273901
Ponte Alta,2021,0.362267356435895,0.5573775546052059,0.45982245552055045
Dona Emma,2021,0.34575976924612933,0.531971796742037,0.4388657829940832
Piratuba,2021,0.510813354768391,0.9521975378244789,0.731505446296435
Descanso,2021,0.564650748290165,0.8770892769485743,0.7208700126193697
Planalto Alegre,2021,0.5264621326267107,0.8935471171744762,0.7100046249005935
Cocal do Sul,2021,0.4117887724749345,0.5847596199374269,0.4982741962061807
Cordilheira Alta,2021,0.5373255989469039,0.9058822957623945,0.7216039473546492
Penha,2021,0.4708580480468475,0.8477091133865142,0.6592835807166808
Concórdia,2021,0.49624473188015983,0.8238756359369255,0.6600601839085427
Celso Ramos,2021,0.4782794579797913,0.8601818685511268,0.669230663265459
Paulo Lopes,2021,0.3736891021701312,0.7440274421471812,0.5588582721586561
Caxambu do Sul,2021,0.5194535300347448,0.8901571301512007,0.7048053300929727
Pedras Grandes,2021,0.4046954266212779,0.6160161822923584,0.5103558044568182
Chapecó,2021,0.48180117726799765,0.8691621860810159,0.6754816816745068
Chapadão do Lageado,2021,0.31934292497567557,0.4851616228609475,0.40225227391831153
Cerro Negro,2021,0.4156628675762031,0.7134629524582526,0.5645629100172278
Petrolândia,2021,0.31736701112505916,0.45358283659045745,0.3854749238577583
Corupá,2021,0.2602865408258067,0.46551903791773974,0.3629027893717732
Criciúma,2021,0.403221139641138,0.5926060726623961,0.49791360615176705
Correia Pinto,2021,0.39105122524402575,0.550047368729931,0.47054929698697834
Peritiba,2021,0.5061916006138123,0.8791852366672661,0.6926884186405392
Coronel Freitas,2021,0.5940459145291124,0.9507958129849426,0.7724208637570276
Pescaria Brava,2021,0.4275802740722071,0.9259636607250777,0.6767719673986424
Coronel Martins,2021,0.7071360049325229,0.9565632938454183,0.8318496493889707
Palma Sola,2021,0.6788535288260552,0.9470336555524809,0.812943592189268
Canoinhas,2021,0.4812860607754598,0.7851035824173977,0.6331948215964288
Balneário Rincão,2021,0.42359722493084384,0.7545261837246207,0.5890617043277322
Ouro,2021,0.5330541107129229,0.8876662794710163,0.7103601950919696
Campos Novos,2021,0.48007374618115706,0.7868024587351573,0.6334381024581572
Palhoça,2021,0.3796863638393469,0.7817760869061923,0.5807312253727696
Painel,2021,0.31847799167446234,0.45052493907370844,0.38450146537408536
Canelinha,2021,0.35900383321860946,0.6731695814815762,0.5160867073500929
Paial,2021,0.47954881608996447,0.8549814583505465,0.6672651372202555
Ouro Verde,2021,0.6416793862036059,0.8916019014562738,0.7666406438299398
Papanduva,2021,0.4120435546485832,0.7177929954806977,0.5649182750646404
Catanduvas,2021,0.49295732483459775,0.6976030584270222,0.5952801916308099
Passos Maia,2021,0.5313755591617509,0.7881284740561881,0.6597520166089695
Passo de Torres,2021,0.2230429317229333,0.5221622371416214,0.37260258443227734
Paraíso,2021,0.5622098744765363,0.9198420483412556,0.7410259614088959
Capinzal,2021,0.524918862915729,0.9444542034103303,0.7346865331630297
Palmeira,2021,0.35502240812801894,0.5304224620002178,0.44272243506411835
Capivari de Baixo,2021,0.42384461344491237,0.8606905000780517,0.6422675567614821
Palmitos,2021,0.5451227156601655,0.8752139445686921,0.7101683301144288
Nova Itaberaba,2021,0.5565955345859747,0.9284433276793048,0.7425194311326397
Xavantina,2021,0.5329004451406859,0.7830129948397968,0.6579567199902414
Capão Alto,2021,0.384129967471099,0.6326212219783638,0.5083755947247314
Nova Erechim,2021,0.5855509958420697,0.9113354361783303,0.7484432160102
Xaxim,2021,0.5517214468513201,0.8749908871316577,0.713356166991489
Nova Trento,2021,0.3344031973936187,0.6416475033858046,0.4880253503897116
Campo Alegre,2021,0.2574380900890917,0.464710994855113,0.36107454247210236
Xanxerê,2021,0.5997874015862006,0.8455645262707812,0.7226759639284909
Navegantes,2021,0.4391718242067485,0.785537659484989,0.6123547418458688
Caibi,2021,0.5482534569508661,0.8645317443731074,0.7063926006619867
Camboriú,2021,0.42481325769150985,0.7414770924463763,0.583145175068943
Calmon,2021,0.42627801966092016,0.7353562356052354,0.5808171276330778
Orleans,2021,0.32191215796985717,0.4887516950140424,0.4053319264919498
Zortéa,2021,0.5146531972693766,0.9211627533984923,0.7179079753339345
Campo Erê,2021,0.6669710947449284,0.9315968711486705,0.7992839829467995
Otacílio Costa,2021,0.31853975743994956,0.5074529596373706,0.41299635853866007
Novo Horizonte,2021,0.7023885381593278,0.961128297995422,0.8317584180773749
Nova Veneza,2021,0.3385218182810998,0.48017974965835775,0.4093507839697288
Campo Belo do Sul,2021,0.4057574525037524,0.68574131766406,0.5457493850839061
Vargeão,2021,0.5747655181037015,0.827544287666524,0.7011549028851127
Modelo,2021,0.595230368310792,0.83002434958421,0.712627358947501
Vidal Ramos,2021,0.32578916380820844,0.5407278115403901,0.43325848767429925
Mondaí,2021,0.5587299069210755,0.9165601473611564,0.7376450271411159
Botuverá,2021,0.32915366999243356,0.6141998074566583,0.4716767387245459
Vargem Bonita,2021,0.47652418337433267,0.7170571112002443,0.5967906472872885
Braço do Norte,2021,0.3593443143303672,0.634260588877209,0.4968024516037881
Vargem,2021,0.43261601107204406,0.6736632529980979,0.553139632035071
Urussanga,2021,0.3963115285986082,0.5603690183952923,0.47834027349695024
Meleiro,2021,0.3373935781196503,0.5106965597091362,0.42404506891439325
Urupema,2021,0.26708239736003436,0.4072411277949646,0.33716176257749947
Bom Retiro,2021,0.2897755590570148,0.4336443589069899,0.3617099589820023
Bom Jesus do Oeste,2021,0.6092829724268499,0.856225424851396,0.732754198639123
Mirim Doce,2021,0.33483069146687816,0.5715011894029951,0.45316594043493663
Vitor Meireles,2021,0.34348951668989725,0.5801797937838632,0.4618346552368802
Caçador,2021,0.44870595902029975,0.7167926758721294,0.5827493174462146
Morro Grande,2021,0.27319638320788237,0.41508661111769835,0.34414149716279036
Witmarsum,2021,0.34278044939747093,0.5536132978976104,0.4481968736475407
Morro da Fumaça,2021,0.42639443327799775,0.6632349781629767,0.5448147057204873
Monte Carlo,2021,0.4568228206298196,0.6428844901643513,0.5498536553970854
Brunópolis,2021,0.45009487223625533,0.651800945794229,0.5509479090152422
Braço do Trombudo,2021,0.32897427544240676,0.5105762217359592,0.41977524858918297
Videira,2021,0.48356040878080475,0.6833911156825133,0.5834757622316591
Monte Castelo,2021,0.3650928848420052,0.6954687707724752,0.5302808278072402
Brusque,2021,0.3524317339073574,0.6692495843384801,0.5108406591229188
Trombudo Central,2021,0.33011819628457767,0.4924545385950348,0.41128636743980623
Maracajá,2021,0.37303159159994104,0.6097417802719507,0.49138668593594587
Benedito Novo,2021,0.2878235826071075,0.4638049511464469,0.3758142668767772
Biguaçu,2021,0.3476994100474628,0.6475384221326972,0.49761891609008
Major Vieira,2021,0.42098319115195615,0.7464241284508388,0.5837036598013975
Barra Velha,2021,0.4233073517562194,0.85192187640104,0.6376146140786297
Barra Bonita,2021,0.6084955353719383,0.9056565808999215,0.7570760581359299
Bandeirante,2021,0.5595529174589682,0.8999651471544621,0.7297590323067151
Balneário Gaivota,2021,0.26711362998372545,0.5702052185235369,0.4186594242536312
Balneário Barra do Sul,2021,0.4155288241212657,1.0,0.7077644120606328
Treze Tílias,2021,0.4964672860790893,0.694421388867929,0.5954443374735092
Belmonte,2021,0.5560098641388659,0.8789665278270546,0.7174881959829602
Bela Vista do Toldo,2021,0.4399748437770298,0.7625148415756653,0.6012448426763475
União do Oeste,2021,0.6123114989615998,0.9080402229858131,0.7601758609737064
Bombinhas,2021,0.46680038029709625,0.7798027883186759,0.6233015843078861
Urubici,2021,0.24506687307848857,0.36006941824492555,0.3025681456617071
Bom Jesus,2021,0.6403574877500415,0.8975410179665814,0.7689492528583115
Tunápolis,2021,0.5564848022010503,0.9160637130095655,0.7362742576053078
Matos Costa,2021,0.41429618712228966,0.7540431097361601,0.5841696484292249
Marema,2021,0.6313431500980775,0.9597638222251228,0.7955534861616002
Bom Jardim da Serra,2021,0.20446492342411432,0.3266388322979283,0.2655518778610213
Tubarão,2021,0.4322746185771862,0.8014800064876125,0.6168773125323994
Maravilha,2021,0.5968327380503108,0.8403631882089587,0.7185979631296348
Turvo,2021,0.29201777053635974,0.47706471283264723,0.3845412416845035
Bocaina do Sul,2022,0.3442165964195687,0.6048672368046143,0.4745419166120915
Massaranduba,2022,0.32226312370993154,0.4843958674367607,0.40332949557334613
Blumenau,2022,0.31195453880461044,0.4765582463379078,0.3942563925712591
Timbé do Sul,2022,0.36390202775605207,0.7401180634485574,0.5520100456023047
Lontras,2022,0.3099422741396198,0.4784086476848501,0.39417546091223493
Ascurra,2022,0.2795746218690651,0.44326814137924675,0.36142138162415594
Tigrinhos,2022,0.6445730726260357,0.9637705006504313,0.8041717866382335
Arroio Trinta,2022,0.37651136192480705,0.7331364573466319,0.5548239096357195
Lindóia do Sul,2022,0.533560961970903,0.7672962983599864,0.6504286301654447
Tijucas,2022,0.41609457318030124,0.8384005859389417,0.6272475795596215
Arvoredo,2022,0.5813081664159595,0.7847906685340761,0.6830494174750178
Leoberto Leal,2022,0.31238341454614593,0.6445516238470129,0.4784675191965794
Treviso,2022,0.37599024612294685,0.6929545615995749,0.5344724038612609
Balneário Arroio do Silva,2022,0.4276963632434876,0.8450249759886265,0.6363606696160571
Treze de Maio,2022,0.4405716733705414,0.7237589602786423,0.5821653168245918
Major Gercino,2022,0.29617459642761534,0.6455758596040696,0.4708752280158425
Balneário Camboriú,2022,0.4771354674556838,0.9490650310921934,0.7131002492739387
Macieira,2022,0.3270156486125312,0.7415246479714082,0.5342701482919696
Luzerna,2022,0.4481893207373916,0.7198974759012653,0.5840433983193285
Timbó,2022,0.2839424508390452,0.42188839412036133,0.35291542247970326
Luiz Alves,2022,0.37757545086509947,0.5801772888152307,0.4788763698401651
Três Barras,2022,0.342198175931531,0.7912743076837357,0.5667362418076334
Atalanta,2022,0.33504283599113943,0.5357342651521467,0.43538855057164305
Mafra,2022,0.33143071328811347,0.7463522473830604,0.5388914803355869
Timbó Grande,2022,0.30420386150887146,0.7582047138797572,0.5312042876943144
Aurora,2022,0.3279472676535452,0.5060472490619311,0.41699725835773815
Siderópolis,2022,0.370513787459286,0.6930582948917996,0.5317860411755428
Laguna,2022,0.41673399687476054,0.8688756349701429,0.6428048159224518
Antônio Carlos,2022,0.3112265198231528,0.7540872141588844,0.5326568669910186
Serra Alta,2022,0.630371177548492,0.9710439988786161,0.8007075882135541
Lajeado Grande,2022,0.6116215993442988,0.9256803983069535,0.7686509988256262
Arabutã,2022,0.5635177394212065,0.7219989015275137,0.6427583204743601
Apiúna,2022,0.29585362899870904,0.46241472621114055,0.3791341776049248
Seara,2022,0.5839561020985288,0.7341982553301816,0.6590771787143552
Lages,2022,0.36415439577617137,0.521774661785951,0.4429645287810612
Anitápolis,2022,0.2989367255483047,0.6552852623711903,0.47711099395974754
Taió,2022,0.31154395018290676,0.6159999638575446,0.46377195702022567
Lauro Müller,2022,0.35824482135734886,0.6780457445673423,0.5181452829623456
Tangará,2022,0.4070191264565779,0.689896860052846,0.548457993254712
Lebon Régis,2022,0.3067528879566627,0.7117579539755949,0.5092554209661289
Armazém,2022,0.4029827658074921,0.7084981409380379,0.555740453372765
Sombrio,2022,0.375759048502746,0.8095295501305872,0.5926442993166666
Laurentino,2022,0.29483386701018766,0.5286677439126322,0.4117508054614099
Araquari,2022,0.3429915206394215,0.5832190281643574,0.4631052744018895
Sul Brasil,2022,0.6326728496449476,0.961597442813926,0.7971351462294368
Araranguá,2022,0.4316677100286964,0.8476897240202972,0.6396787170244969
Alfredo Wagner,2022,0.32670258984111006,0.7131022427531754,0.5199024162971427
São Miguel da Boa Vista,2022,0.654805586459645,0.9751437369531863,0.8149746617064157
Jardinópolis,2022,0.6388733927183943,0.9808573486692765,0.8098653706938355
São Martinho,2022,0.33804129915454106,0.6886864008992504,0.5133638500268958
Alto Bela Vista,2022,0.5560224885615936,0.8032963058641178,0.6796593972128557
Jaraguá do Sul,2022,0.2807174668503458,0.4213403719391473,0.35102891939474656
São Lourenço do Oeste,2022,0.5745284966369725,0.970239532450487,0.7723840145437297
Águas Frias,2022,0.6470777530246732,0.9528237997928551,0.7999507764087641
São Ludgero,2022,0.41369243209714146,0.7117771696667102,0.5627348008819258
Jaguaruna,2022,0.4830075163395125,0.8774337508122094,0.6802206335758609
Águas Mornas,2022,0.2828223354409204,0.6980967841780468,0.4904595598094836
José Boiteux,2022,0.2863665034785772,0.5685948308113574,0.4274806671449673
Saudades,2022,0.6393705861762811,0.9271040355941413,0.7832373108852112
Joinville,2022,0.26039810788814133,0.39436236334068386,0.3273802356144126
Schroeder,2022,0.27017270970184465,0.4132512713428388,0.3417119905223417
Angelina,2022,0.2892489944051465,0.6685566588561155,0.478902826630631
Lacerdópolis,2022,0.5126230736741527,0.7167140273831052,0.6146685505286289
Anita Garibaldi,2022,0.4214999440922915,0.5906488549618322,0.5060743995270618
Jupiá,2022,0.5551502213187647,1.0,0.7775751106593823
São Miguel do Oeste,2022,0.6770074573877076,0.9518005838837635,0.8144040206357356
Joaçaba,2022,0.47189073044674185,0.7129196651679524,0.5924051978073471
Anchieta,2022,0.6436824444097822,0.9312512769079325,0.7874668606588573
São Pedro de Alcântara,2022,0.2910285362438362,0.7559381589707195,0.5234833476072778
Itapoá,2022,0.2653777063238581,0.5378288994255639,0.401603302874711
São José,2022,0.3313609019393481,0.8551409201052167,0.5932509110222823
Itapiranga,2022,0.6858703923373344,1.0,0.8429351961686672
Agrolândia,2022,0.33757286086443306,0.5327129882431609,0.435142924553797
São João do Sul,2022,0.32177406334655667,0.7272190284198349,0.5244965458831958
Abdon Batista,2022,0.4314265650967186,0.6124700507048535,0.5219483079007861
Itajaí,2022,0.42020726221646765,0.7714554574599117,0.5958313598381897
São Joaquim,2022,0.3851298534195745,0.6823781596740154,0.533754006546795
Itapema,2022,0.4457380479418756,0.8732965069619381,0.6595172774519068
Abelardo Luz,2022,0.5355592843522198,0.9164902212068871,0.7260247527795534
São José do Cerrito,2022,0.37984282606981956,0.5988766487817616,0.4893597374257906
Jaborá,2022,0.48920417063720556,0.7208509004909519,0.6050275355640787
Água Doce,2022,0.36968068945417176,0.7480550110649185,0.5588678502595451
Jacinto Machado,2022,0.35218294419750695,0.7570480412617604,0.5546154927296336
Águas de Chapecó,2022,0.6398497094898742,0.8717644019633171,0.7558070557265957
São José do Cedro,2022,0.6412921824601323,0.9597518619639311,0.8005220222120317
Ituporanga,2022,0.35808707665228806,0.6021363227924389,0.48011169972236345
Agronômica,2022,0.31663359760652465,0.5170223435671704,0.4168279705868475
São Cristóvão do Sul,2022,0.32940630596636244,0.6180853500739834,0.4737458280201729
Irati,2022,0.6103276887878539,0.9182760282065975,0.7643018584972257
São Carlos,2022,0.6361636959873382,0.8576078532678896,0.7468857746276139
São Domingos,2022,0.5964352036289501,0.9662896305789271,0.7813624171039386
Irineópolis,2022,0.3422049908666316,0.820824278895266,0.5815146348809488
São Bonifácio,2022,0.29612456799233555,0.6469526912600219,0.4715386296261787
Ipumirim,2022,0.5597265800616089,0.7738340669749819,0.6667803235182954
Irani,2022,0.4959088319905107,0.7515527746731393,0.623730803331825
Iraceminha,2022,0.6642789049606196,0.9462430989969806,0.8052610019788
São João Batista,2022,0.349479080803301,0.7488146686699184,0.5491468747366097
Itaiópolis,2022,0.32191714861556164,0.7035159079511898,0.5127165282833757
São João do Itaperiú,2022,0.37142550636048133,0.5870388538059278,0.47923218008320456
Itá,2022,0.6014062960397433,0.7646086282614313,0.6830074621505873
São João do Oeste,2022,0.6617507294982076,0.9496426418668733,0.8056966856825405
São Francisco do Sul,2022,0.299126062698397,0.5745021365404265,0.43681409961941176
Santa Helena,2022,0.6700427635747477,0.8949462305677828,0.7824944970712653
Santa Cecília,2022,0.2989957345587593,0.683819983360969,0.49140785895986416
Imbituba,2022,0.3106012402422439,0.7707726329367769,0.5406869365895104
Santa Rosa de Lima,2022,0.305290722195305,0.6713931522524493,0.4883419372238772
Imbuia,2022,0.3460019952070037,0.6526695873583245,0.4993357912826641
Salto Veloso,2022,0.3666594218457476,0.737876339592504,0.5522678807191258
Imaruí,2022,0.33543526318010475,0.7310835000451255,0.5332593816126151
Sangão,2022,0.465718364032928,0.7900758434455296,0.6278971037392288
São Bento do Sul,2022,0.2857016710956505,0.5237644174513849,0.4047330442735177
Ipira,2022,0.5374617261583157,0.7987427882545423,0.668102257206429
São Bernardino,2022,0.5977686606942534,0.9456956594416897,0.7717321600679715
Iomerê,2022,0.39881471480334296,0.7272524655931354,0.5630335901982392
Ipuaçu,2022,0.6020108872828867,0.9317777558709192,0.7668943215769028
Iporã do Oeste,2022,0.6560998076028701,0.8941186601222768,0.7751092338625735
Santa Terezinha,2022,0.31314188518587593,0.681532259400427,0.4973370722931515
Santa Rosa do Sul,2022,0.3484476603412494,0.7642834051374943,0.5563655327393718
Santo Amaro da Imperatriz,2022,0.2844195252810563,0.7411168388469435,0.5127681820639999
Santiago do Sul,2022,0.6120404245544337,0.9135788711205215,0.7628096478374776
Santa Terezinha do Progresso,2022,0.6389388122220382,0.9287271378303507,0.7838329750261944
Indaial,2022,0.29172386272283135,0.44898584970817607,0.3703548562155037
Rio Negrinho,2022,0.30862749382567767,0.6301175683958323,0.469372531110755
Rodeio,2022,0.28160076399467143,0.43468732007206395,0.3581440420333677
Ibicaré,2022,0.43980774522327754,0.7119295704017385,0.5758686578125081
Riqueza,2022,0.666931929060359,0.8722397313355723,0.7695858301979657
Ibirama,2022,0.28618191118837066,0.5013492107713984,0.3937655609798845
Rio Rufino,2022,0.3217068492973806,0.6816321047725719,0.5016694770349762
Rio Fortuna,2022,0.3228978200219773,0.6580020394731794,0.49044992974757834
Herval d'Oeste,2022,0.47665809875470316,0.6986811594824076,0.5876696291185554
Ibiam,2022,0.43928496518220256,0.6875355212570347,0.5634102432196186
Ilhota,2022,0.3801376749453132,0.6292744076607228,0.504706041303018
Saltinho,2022,0.6136779586418327,0.9070994754395881,0.7603887170407104
Salete,2022,0.30298242943628734,0.6261894590863224,0.46458594426130484
Romelândia,2022,0.664062027299027,0.9600557568291541,0.8120588920640905
Içara,2022,0.473300872109909,0.8087365358615898,0.6410187039857493
Rio do Campo,2022,0.3018910826632579,0.6610575583663009,0.4814743205147794
Guabiruba,2022,0.32760322337319775,0.5726586815401771,0.45013095245668744
Guaraciaba,2022,0.6499676540700682,0.9460634089262832,0.7980155314981756
Gravatal,2022,0.41734256211344867,0.714090361653668,0.5657164618835584
Rio das Antas,2022,0.32563006006880796,0.724528395336887,0.5250792277028474
Guatambú,2022,0.5935298390884155,0.8362180315164042,0.7148739353024098
Rio do Sul,2022,0.30061605066267916,0.5106888802213927,0.4056524654420359
Guarujá do Sul,2022,0.6208927045970185,0.9638379673483038,0.7923653359726612
Rio do Oeste,2022,0.3090098681349188,0.5556360394494902,0.43232295379220453
Rio dos Cedros,2022,0.28955858787619143,0.5072368256725263,0.3983977067743588
Guaramirim,2022,0.3033355629480159,0.47549320846739906,0.3894143857077075
Presidente Getúlio,2022,0.2890572718468135,0.5416070776298111,0.4153321747383123
Garuva,2022,0.2472571064211064,0.3930426469981506,0.3201498767096285
Presidente Castello Branco,2022,0.5160366462523462,0.7133040557995352,0.6146703510259407
Garopaba,2022,0.30256894626776615,0.7776703051657746,0.5401196257167704
Rancho Queimado,2022,0.29310477940881013,0.6644166218759799,0.47876070064239507
Grão-Pará,2022,0.3260744608994259,0.6565082356736364,0.4912913482865311
Presidente Nereu,2022,0.30657096230459224,0.5128381810222928,0.40970457166344254
Gaspar,2022,0.34384761013540277,0.5631739232509162,0.4535107666931595
Quilombo,2022,0.637705615297689,0.9785181523624769,0.8081118838300829
Governador Celso Ramos,2022,0.41176075558373154,0.9003848805226475,0.6560728180531895
Princesa,2022,0.6152522645169016,0.970457458070987,0.7928548612939443
Porto Belo,2022,0.4463434746029779,0.90206785574535,0.6742056651741639
Faxinal dos Guedes,2022,0.5664662891146309,0.8644094029952396,0.7154378460549353
Flor do Sertão,2022,0.6759173694639613,0.9931634603771843,0.8345404149205728
Ponte Alta do Norte,2022,0.32677669791336533,0.6415055441020787,0.484141121007722
Entre Rios,2022,0.6129483364586796,0.9100834175972057,0.7615158770279427
Doutor Pedrinho,2022,0.2885125890553345,0.5718944377157301,0.4302035133855323
Ponte Serrada,2022,0.4671216913655362,0.7856108064220846,0.6263662488938104
Erval Velho,2022,0.4876865424098298,0.6827882097286454,0.5852373760692375
Ermo,2022,0.39323569273928816,0.8304769715847583,0.6118563321620232
Frei Rogério,2022,0.36528317127668386,0.6632027636930963,0.5142429674848901
Pouso Redondo,2022,0.32734056873799633,0.5730019873330736,0.45017127803553497
Praia Grande,2022,0.3184642562839235,0.6994749630388275,0.5089696096613755
Galvão,2022,0.5651116203494118,0.9904560252807875,0.7777838228150996
Formosa do Sul,2022,0.6102900320330887,0.9212625175557599,0.7657762747944243
Porto União,2022,0.31876257918242845,0.7706527420685779,0.5447076606255032
Florianópolis,2022,0.3858932684979125,0.9403470218315746,0.6631201451647435
Fraiburgo,2022,0.3350089742968182,0.6925789427600317,0.513793958528425
Forquilhinha,2022,0.44179858420841184,0.8179666808654041,0.629882632536908
Curitibanos,2022,0.3591367775571643,0.6386320505803036,0.49888441406873396
Cunhataí,2022,0.6346026937311734,0.8832155481465711,0.7589091209388723
Pinheiro Preto,2022,0.41605655516567697,0.7137683178247061,0.5649124364951915
Balneário Piçarras,2022,0.4370891541733866,0.7358061214235502,0.5864476377984684
Pinhalzinho,2022,0.6406938529686208,0.9710260368865825,0.8058599449276016
Cunha Porã,2022,0.6335163143094986,0.9413683300065081,0.7874423221580034
Pomerode,2022,0.2956286640532563,0.4216635700975474,0.35864611707540184
Dionísio Cerqueira,2022,0.5965562530071611,0.9748091603053439,0.7856827066562525
Ponte Alta,2022,0.3474000246972936,0.6036411872233117,0.47552060596030266
Dona Emma,2022,0.2886936994983361,0.5733424961151047,0.4310180978067204
Piratuba,2022,0.5463233150120257,0.8488116765693621,0.6975674957906939
Descanso,2022,0.6712883013397448,0.8932295202661097,0.7822589108029272
Planalto Alegre,2022,0.6207920987043949,0.842056316197365,0.7314242074508799
Cocal do Sul,2022,0.4384082565914943,0.7291800475233268,0.5837941520574106
Cordilheira Alta,2022,0.5994502259399096,0.8789228890284011,0.7391865574841554
Penha,2022,0.4789962979622908,0.9010374080790806,0.6900168530206857
Concórdia,2022,0.5518409344500731,0.712356040443849,0.6320984874469611
Celso Ramos,2022,0.4558505425895585,0.6683544303797468,0.5621024864846527
Paulo Lopes,2022,0.29319017266202163,0.721152212188715,0.5071711924253683
Caxambu do Sul,2022,0.6136079098325731,0.8928700594161715,0.7532389846243723
Pedras Grandes,2022,0.4384036743473915,0.7266186056022101,0.5825111399748009
Chapecó,2022,0.579497572686399,0.7757537796737274,0.6776256761800632
Chapadão do Lageado,2022,0.36254920228775706,0.6691136291038812,0.5158314156958191
Cerro Negro,2022,0.39194463837507854,0.5800359258876003,0.48599028213133943
Petrolândia,2022,0.34970065405190404,0.6085197795197644,0.4791102167858342
Corupá,2022,0.28465101884966953,0.48833204647546885,0.3864915326625692
Criciúma,2022,0.44403048864170935,0.7695033885755572,0.6067669386086333
Correia Pinto,2022,0.364637472086922,0.5912594491187015,0.47794846060281176
Peritiba,2022,0.5422419350031944,0.7760785326788943,0.6591602338410443
Coronel Freitas,2022,0.6381281500867039,0.9310264621104403,0.7845773060985721
Pescaria Brava,2022,0.4078288928435443,0.8206745631526245,0.6142517279980844
Coronel Martins,2022,0.5790005405384969,0.9599153061793059,0.7694579233589014
Palma Sola,2022,0.6102542171685175,0.9628845427586163,0.7865693799635669
Canoinhas,2022,0.34468792675860715,0.8087702680113672,0.5767290973849872
Balneário Rincão,2022,0.48463215540983107,0.8358084664966284,0.6602203109532297
Ouro,2022,0.5108981038158359,0.7411779901834151,0.6260380469996255
Campos Novos,2022,0.4428023086921212,0.6497496060497735,0.5462759573709474
Palhoça,2022,0.295161615209409,0.8102223950975922,0.5526920051535006
Painel,2022,0.32557963040536464,0.5612367529352651,0.44340819167031487
Canelinha,2022,0.392699745409613,0.7904975609102128,0.5915986531599129
Paial,2022,0.6049104342016083,0.7687160940325497,0.686813264117079
Ouro Verde,2022,0.5736879277749868,0.9160305343511451,0.744859231063066
Papanduva,2022,0.32409722424027887,0.7445934981999847,0.5343453612201318
Catanduvas,2022,0.44158177795352727,0.7308185212013152,0.5862001495774212
Passos Maia,2022,0.45745665667691904,0.809383183819023,0.633419920247971
Passo de Torres,2022,0.35337706548646464,0.7493305301446661,0.5513537978155654
Paraíso,2022,0.6584093312114278,0.9497966233910962,0.804102977301262
Capinzal,2022,0.5125381015643632,0.811661807580175,0.6620999545722691
Palmeira,2022,0.36087802255640317,0.5791720064634761,0.4700250145099396
Capivari de Baixo,2022,0.421245930111885,0.7798548456787588,0.6005503878953219
Palmitos,2022,0.6434492134331543,0.8993432949462263,0.7713962541896904
Nova Itaberaba,2022,0.6351505109274429,0.9014465644968563,0.7682985377121496
Xavantina,2022,0.5772301718113595,0.7796085575418173,0.6784193646765884
Capão Alto,2022,0.36167409448966426,0.5255506292336963,0.4436123618616803
Nova Erechim,2022,0.6414383652138876,0.9248333254441118,0.7831358453289997
Xaxim,2022,0.5906100235551188,0.8754900102813824,0.7330500169182506
Nova Trento,2022,0.31561182451149256,0.6533754861657018,0.48449365533859723
Campo Alegre,2022,0.2627921030980759,0.4880790970945318,0.37543560009630383
Xanxerê,2022,0.6034456453046685,0.93084038205963,0.7671430136821493
Navegantes,2022,0.4491221601496716,0.8142882370643734,0.6317051986070225
Caibi,2022,0.6541166188967041,0.8744407129940585,0.7642786659453813
Camboriú,2022,0.4348411936076475,0.8420535069317089,0.6384473502696781
Calmon,2022,0.28592668451343184,0.7534152146399321,0.519670949576682
Orleans,2022,0.36040091684830683,0.6738278438038013,0.5171143803260541
Zortéa,2022,0.504631140370114,0.7752105399121674,0.6399208401411407
Campo Erê,2022,0.6045834669469752,0.9434891625341284,0.7740363147405518
Otacílio Costa,2022,0.34057167169249714,0.5535657460547415,0.4470687088736193
Novo Horizonte,2022,0.5750894656891643,0.9618459909734219,0.7684677283312931
Nova Veneza,2022,0.39870172180264873,0.7607786122961726,0.5797401670494107
Campo Belo do Sul,2022,0.3680814423159329,0.5658740034958902,0.46697772290591155
Vargeão,2022,0.5238278884557649,0.8539217325086832,0.688874810482224
Modelo,2022,0.6472966929098756,0.9884180046945049,0.8178573488021903
Vidal Ramos,2022,0.3205735986511183,0.5790432364471806,0.44980841754914946
Mondaí,2022,0.6618466234849485,0.9452854559545338,0.8035660397197412
Botuverá,2022,0.30040242077802326,0.5568229080842385,0.4286126644311309
Vargem Bonita,2022,0.42406080496030263,0.7475754634259355,0.585818134193119
Braço do Norte,2022,0.39047741212851644,0.7050925156965341,0.5477849639125253
Vargem,2022,0.40699452780756606,0.6274553505583434,0.5172249391829548
Urussanga,2022,0.4296810881174552,0.7171016750819706,0.5733913815997129
Meleiro,2022,0.41137023627887204,0.7874358034341912,0.5994030198565317
Urupema,2022,0.31189992717265635,0.6456479137982152,0.47877392048543577
Bom Retiro,2022,0.33255901103711294,0.6816260847519169,0.507092547894515
Bom Jesus do Oeste,2022,0.6338335878894555,0.9735932088297912,0.8037133983596234
Mirim Doce,2022,0.32196701539431427,0.6189276612716395,0.47044733833297686
Vitor Meireles,2022,0.3050247652487522,0.6179598994700775,0.46149233235941484
Caçador,2022,0.2993177600463046,0.7406875800969523,0.5200026700716285
Morro Grande,2022,0.35893140081332797,0.7288447592596495,0.5438880800364887
Witmarsum,2022,0.2946333143830464,0.5947264476266538,0.4446798810048501
Morro da Fumaça,2022,0.4582187710912674,0.7326868614962364,0.5954528162937519
Monte Carlo,2022,0.3682735880292354,0.6670505129300472,0.5176620504796413
Brunópolis,2022,0.3907463301070824,0.6383115717266274,0.5145289509168549
Braço do Trombudo,2022,0.33095108576784815,0.5577812447762859,0.444366165272067
Videira,2022,0.37148134621995693,0.7127360385697068,0.5421086923948318
Monte Castelo,2022,0.3008327398360142,0.7296603491232125,0.5152465444796134
Brusque,2022,0.35663247701017786,0.6671264976111019,0.5118794873106398
Trombudo Central,2022,0.32291994095685417,0.5354098177968464,0.4291648793768503
Maracajá,2022,0.43492099887489,0.8118965448309456,0.6234087718529178
Benedito Novo,2022,0.27931609564025317,0.5002800644001492,0.38979808002020117
Biguaçu,2022,0.3693164353383745,0.8423016301407348,0.6058090327395547
Major Vieira,2022,0.3186690350397837,0.7726082353596705,0.5456386351997271
Barra Velha,2022,0.42371139350131104,0.7139076999897018,0.5688095467455064
Barra Bonita,2022,0.6749044694130173,0.9542030833997408,0.814553776406379
Bandeirante,2022,0.680473514916949,0.9300400385261365,0.8052567767215427
Balneário Gaivota,2022,0.3905032084528894,0.8211501244251784,0.6058266664390339
Balneário Barra do Sul,2022,0.3819387079015307,0.6661065242768249,0.5240226160891779
Treze Tílias,2022,0.40198386799438124,0.7290912130161031,0.5655375405052422
Belmonte,2022,0.6725546625969449,0.9080626288516186,0.7903086457242817
Bela Vista do Toldo,2022,0.3234479590608649,0.7883326960802212,0.555890327570543
União do Oeste,2022,0.6487877917842485,1.0,0.8243938958921242
Bombinhas,2022,0.47979231499138664,1.0,0.7398961574956933
Urubici,2022,0.30546508090143376,0.6603753981026839,0.4829202395020588
Bom Jesus,2022,0.6008657383914444,0.9509046491298819,0.7758851937606632
Tunápolis,2022,0.6696497807594289,0.9219544599033103,0.7958021203313697
Matos Costa,2022,0.3012906133774411,0.7654204045244334,0.5333555089509372
Marema,2022,0.6221101445035014,0.9265407234031725,0.774325433953337
Bom Jardim da Serra,2022,0.31087886274985116,0.6331293275933417,0.47200409517159647
Tubarão,2022,0.4318620826702796,0.7506514037281475,0.5912567431992135
Maravilha,2022,0.6475386512353682,0.9906791795462226,0.8191089153907954
Turvo,2022,0.38227331718225416,0.7932016672763064,0.5877374922292803
Bocaina do Sul,2023,0.26097116827381905,0.5361116290633353,0.3985413986685772
Massaranduba,2023,0.2929488816451616,0.5199096307582772,0.40642925620171944
Blumenau,2023,0.3029538246887128,0.48417528902961726,0.393564556859165
Timbé do Sul,2023,0.28645529337877074,0.4616087717951255,0.3740320325869481
Lontras,2023,0.32464915550228723,0.5128970103797629,0.41877308294102505
Ascurra,2023,0.33265769696537745,0.4895062879400005,0.41108199245268895
Tigrinhos,2023,0.4339014951035445,0.870781279134813,0.6523413871191788
Arroio Trinta,2023,0.3464669041759274,0.7493567033376844,0.5479118037568059
Lindóia do Sul,2023,0.42924135540567576,0.774911775471164,0.6020765654384199
Tijucas,2023,0.3058001438535761,0.4267136191145282,0.36625688148405217
Arvoredo,2023,0.4719104156814762,0.9184751227365302,0.6951927692090032
Leoberto Leal,2023,0.2704663367086567,0.3999151777063612,0.33519075720750896
Treviso,2023,0.32866678652322645,0.6137112312760272,0.47118900889962684
Balneário Arroio do Silva,2023,0.585300107327804,0.9092278420161707,0.7472639746719874
Treze de Maio,2023,0.5372393499270987,0.7359459288519224,0.6365926393895105
Major Gercino,2023,0.26076683376991366,0.3271662488518726,0.29396654131089317
Balneário Camboriú,2023,0.38835554600675326,0.4992389289114554,0.4437972374591043
Macieira,2023,0.3481284603504059,0.7583619686920081,0.553245214521207
Luzerna,2023,0.3666891920056833,0.7303955083183127,0.5485423501619979
Timbó,2023,0.3147763697681215,0.4594236227650365,0.387099996266579
Luiz Alves,2023,0.3060840700931239,0.5606803114209178,0.43338219075702084
Três Barras,2023,0.4219026007724227,0.8678600285909631,0.644881314681693
Atalanta,2023,0.24722110349727056,0.5516315495058739,0.3994263265015722
Mafra,2023,0.4622760714702232,0.8409573100977169,0.65161669078397
Timbó Grande,2023,0.3566445825044428,0.8159146000372927,0.5862795912708677
Aurora,2023,0.2897321904701809,0.5220958418795452,0.405914016174863
Siderópolis,2023,0.32799711544940235,0.5790380295321563,0.45351757249077934
Laguna,2023,0.5882282595158402,1.0,0.7941141297579202
Antônio Carlos,2023,0.2614522052770302,0.33907234440424755,0.3002622748406389
Serra Alta,2023,0.42291350688645013,0.8550562496115359,0.6389848782489931
Lajeado Grande,2023,0.46468127614110866,0.8198458574181121,0.6422635667796104
Arabutã,2023,0.46333538876596253,0.8523972442207083,0.6578663164933354
Apiúna,2023,0.3168698089033782,0.4725015179984414,0.39468566345090983
Seara,2023,0.47989956413240986,0.9464535838075029,0.7131765739699564
Lages,2023,0.37860270431355625,0.533461064855726,0.4560318845846411
Anitápolis,2023,0.2840506633989789,0.37414700946741186,0.3290988364331954
Taió,2023,0.25559948113167774,0.6853331048744066,0.47046629300304216
Lauro Müller,2023,0.3096108636513638,0.5824565142111294,0.4460336889312466
Tangará,2023,0.3148968935416988,0.7062622059530705,0.5105795497473846
Lebon Régis,2023,0.34043196952968996,0.7506420535769786,0.5455370115533342
Armazém,2023,0.3636698314937613,0.6364372173268993,0.5000535244103304
Sombrio,2023,0.4071248861286745,0.6948367254872717,0.550980805807973
Laurentino,2023,0.2888213911925356,0.5754242028715271,0.4321227970320313
Araquari,2023,0.30551775499264044,0.5872134621650645,0.4463656085788525
Sul Brasil,2023,0.42538012528300073,0.8600700271406968,0.6427250762118488
Araranguá,2023,0.5572868884031348,0.8115402399828435,0.6844135641929892
Alfredo Wagner,2023,0.2725886207340311,0.4081723981779922,0.34038050945601167
São Miguel da Boa Vista,2023,0.4457787272937006,0.8824041270433218,0.6640914271685112
Jardinópolis,2023,0.43164882607619093,0.850612219528871,0.641130522802531
São Martinho,2023,0.3381437480537523,0.6064942050748615,0.4723189765643069
Alto Bela Vista,2023,0.47806153526881534,0.6790232493683336,0.5785423923185744
Jaraguá do Sul,2023,0.2835645593875069,0.46004445101707964,0.37180450520229325
São Lourenço do Oeste,2023,0.43661665719985887,0.96558725423167,0.7011019557157645
Águas Frias,2023,0.4333825511193503,0.7829262228852014,0.6081543870022759
São Ludgero,2023,0.3710418425246147,0.5702103806940191,0.4706261116093169
Jaguaruna,2023,0.6822668910020708,0.9679172978231364,0.8250920944126037
Águas Mornas,2023,0.27050360407774265,0.38722315068777674,0.3288633773827597
José Boiteux,2023,0.37614687483930265,0.6290781338329353,0.5026125043361189
Saudades,2023,0.42505640877603235,0.7848840822922492,0.6049702455341408
Joinville,2023,0.2865198925699418,0.47457091585999506,0.3805454042149684
Schroeder,2023,0.2822515378156364,0.4175605218512288,0.3499060298334326
Angelina,2023,0.26281434508809703,0.3214307912238177,0.2921225681559574
Lacerdópolis,2023,0.39379542102258913,0.7032755298651258,0.5485354754438574
Anita Garibaldi,2023,0.4708472217293043,0.6329580745341615,0.551902648131733
Jupiá,2023,0.4442641463903895,1.0,0.7221320731951948
São Miguel do Oeste,2023,0.48665086364861626,0.888101601508277,0.6873762325784466
Joaçaba,2023,0.37477788326944916,0.7223664519953913,0.5485721676324202
Anchieta,2023,0.4631700978649329,0.9103217519216028,0.6867459248932679
São Pedro de Alcântara,2023,0.25982236405492476,0.3554466069608084,0.30763448550786654
Itapoá,2023,0.32540851266298015,0.7876266847659724,0.5565175987144763
São José,2023,0.260938001465863,0.4991853971663928,0.3800616993161279
Itapiranga,2023,0.5312410839058956,0.8829966643876768,0.7071188741467862
Agrolândia,2023,0.24308510298529845,0.5718689788053952,0.40747704089534686
São João do Sul,2023,0.29164300328254106,0.614868448637575,0.45325572596005803
Abdon Batista,2023,0.3967695539877461,0.6298713406675368,0.5133204473276415
Itajaí,2023,0.32652140269278174,0.461862953693832,0.3941921781933069
São Joaquim,2023,0.3744144800410364,0.6179563849790946,0.49618543251006547
Itapema,2023,0.36414491124497206,0.5148522024054448,0.43949855682520844
Abelardo Luz,2023,0.46341507615490424,0.9154494789400629,0.6894322775474836
São José do Cerrito,2023,0.3699869262091178,0.6299858995123937,0.49998641286075574
Jaborá,2023,0.40166025730280497,0.7293319797515213,0.5654961185271632
Água Doce,2023,0.3713885729912071,0.7563487800601689,0.563868676525688
Jacinto Machado,2023,0.28124358033416996,0.4656660313598456,0.37345480584700774
Águas de Chapecó,2023,0.4730567550351299,0.7395114674622413,0.6062841112486856
São José do Cedro,2023,0.4756175546949095,0.9324051629477698,0.7040113588213397
Ituporanga,2023,0.2776516371229812,0.48445652636158776,0.3810540817422845
Agronômica,2023,0.2729630049473516,0.5576480825408668,0.4153055437441092
São Cristóvão do Sul,2023,0.2690714481431271,0.6637730402414348,0.46642224419228095
Irati,2023,0.4362007319199168,0.8953943688234198,0.6657975503716683
São Carlos,2023,0.4560551919832526,0.7408788613338307,0.5984670266585417
São Domingos,2023,0.46052823212003136,0.9611660140468646,0.710847123083448
Irineópolis,2023,0.3627963828526696,0.8927102252977077,0.6277533040751886
São Bonifácio,2023,0.30070743360542773,0.5014085686160407,0.4010580011107342
Ipumirim,2023,0.45715730721948544,0.7772725751468997,0.6172149411831926
Irani,2023,0.4064263933124955,0.7605049851378181,0.5834656892251568
Iraceminha,2023,0.46994432998409547,0.8599940608144974,0.6649691953992964
São João Batista,2023,0.27068241381700453,0.36353077125376876,0.31710659253538664
Itaiópolis,2023,0.43681652796258946,0.7843454119791995,0.6105809699708945
São João do Itaperiú,2023,0.29863604368145685,0.5514710316646688,0.42505353767306286
Itá,2023,0.4972520156460319,0.9548697584810115,0.7260608870635217
São João do Oeste,2023,0.5232082388327639,0.8653117036484556,0.6942599712406097
São Francisco do Sul,2023,0.3253685307115538,0.7365061585896564,0.5309373446506052
Santa Helena,2023,0.48625380025702025,0.8850021753993415,0.6856279878281808
Santa Cecília,2023,0.33195694551868354,0.7423169824746401,0.5371369639966618
Imbituba,2023,0.4475313745558868,0.9147827854186871,0.6811570799872869
Santa Rosa de Lima,2023,0.3113044877542271,0.4461344670434272,0.37871947739882716
Imbuia,2023,0.2716878937810294,0.4377732197982058,0.3547305567896176
Salto Veloso,2023,0.3569948694815054,0.7506785174135538,0.5538366934475296
Imaruí,2023,0.4332274820983926,0.8219512482916949,0.6275893651950437
Sangão,2023,0.6194474912315704,0.8649637849658491,0.7422056380987098
São Bento do Sul,2023,0.35027964169129866,0.6260747508649802,0.48817719627813944
Ipira,2023,0.45279815926164085,0.6747881575403485,0.5637931584009946
São Bernardino,2023,0.43091874696488675,0.9347753123251913,0.6828470296450391
Iomerê,2023,0.3328067610810018,0.7420183562268221,0.537412558653912
Ipuaçu,2023,0.4751447895735094,0.9289481107493415,0.7020464501614254
Iporã do Oeste,2023,0.4951607774718959,0.8561957445045271,0.6756782609882115
Santa Terezinha,2023,0.37738264060834914,0.7572136746106543,0.5672981576095018
Santa Rosa do Sul,2023,0.33426292284370784,0.6228351458384905,0.4785490343410992
Santo Amaro da Imperatriz,2023,0.2732025204857174,0.4755842968326739,0.3743934086591957
Santiago do Sul,2023,0.44904495723638405,0.9107091801852198,0.679877068710802
Santa Terezinha do Progresso,2023,0.4413480473249308,0.8960780657592141,0.6687130565420725
Indaial,2023,0.30979236561783274,0.4393063583815034,0.37454936199966804
Rio Negrinho,2023,0.43570646698045634,0.7217079992541489,0.5787072331173027
Rodeio,2023,0.3210916347176122,0.4888225910042062,0.4049571128609092
Ibicaré,2023,0.3499140357293023,0.7248119833426567,0.5373630095359795
Riqueza,2023,0.4974880370856182,0.8528684194169928,0.6751782282513055
Ibirama,2023,0.3424171074377779,0.5472949575131191,0.44485603247544847
Rio Rufino,2023,0.28610327731315066,0.4808005469575487,0.3834519121353497
Rio Fortuna,2023,0.3083069722419759,0.46611630571432,0.3872116389781479
Herval d'Oeste,2023,0.36287205272194256,0.7084821449915617,0.5356770988567521
Ibiam,2023,0.31905843310754217,0.69889986947604,0.508979151291791
Ilhota,2023,0.3077734557905312,0.5084855555124725,0.40812950565150186
Saltinho,2023,0.4251816706782721,0.8959803947683869,0.6605810327233295
Salete,2023,0.26758519417559307,0.7001609104909501,0.4838730523332716
Romelândia,2023,0.4573544121595643,0.8968669468389777,0.677110679499271
Içara,2023,0.615620201472133,0.8239354103385904,0.7197778059053617
Rio do Campo,2023,0.3036849169916145,0.7374856987635908,0.5205853078776026
Guabiruba,2023,0.29047390537206486,0.42188389564510115,0.35617890050858303
Guaraciaba,2023,0.47416337328950686,0.9190198962714345,0.6965916347804707
Gravatal,2023,0.4530565483895121,0.7099283799606443,0.5814924641750782
Rio das Antas,2023,0.32073734554349465,0.7480956623227744,0.5344165039331346
Guatambú,2023,0.5144004462006665,0.8993858476185056,0.706893146909586
Rio do Sul,2023,0.30776518985345985,0.5509022727743595,0.42933373131390973
Guarujá do Sul,2023,0.4481003773885251,0.9449623966685312,0.6965313870285281
Rio do Oeste,2023,0.2804300086000203,0.612343837404438,0.44638692300222915
Rio dos Cedros,2023,0.3301601653698286,0.5908898990743302,0.4605250322220794
Guaramirim,2023,0.29702929857380883,0.5034441146995623,0.40023670663668554
Presidente Getúlio,2023,0.3347037368972721,0.5922887272877956,0.4634962320925339
Garuva,2023,0.28458985182464314,0.5633772667892094,0.42398355930692627
Presidente Castello Branco,2023,0.427406056932074,0.7084032568835851,0.5679046569078295
Garopaba,2023,0.37479189788251527,0.8266982690471314,0.6007450834648234
Rancho Queimado,2023,0.26496140806264146,0.33826682826776083,0.3016141181652011
Grão-Pará,2023,0.3026430865600163,0.47825880305506535,0.39045094480754083
Presidente Nereu,2023,0.3018012948332617,0.4519029564712953,0.3768521256522785
Gaspar,2023,0.30152350081453394,0.49409334858855264,0.3978084247015433
Quilombo,2023,0.4440016929995658,0.851217028356689,0.6476093606781275
Governador Celso Ramos,2023,0.3116070191046194,0.48617138075826744,0.39888919993144345
Princesa,2023,0.4553712876207958,0.9438001118776805,0.6995856997492382
Porto Belo,2023,0.3399346520405348,0.4794510518934891,0.40969285196701194
Faxinal dos Guedes,2023,0.471095409504097,0.8700975821990183,0.6705964958515577
Flor do Sertão,2023,0.4712712491993579,0.8794414403215444,0.6753563447604511
Ponte Alta do Norte,2023,0.2931306514774966,0.6883025669712227,0.49071660922435967
Entre Rios,2023,0.464150727002935,0.8680464913916339,0.6660986091972845
Doutor Pedrinho,2023,0.3750896770033673,0.6460968756031422,0.5105932763032548
Ponte Serrada,2023,0.41221303970432843,0.7901050407110451,0.6011590402076867
Erval Velho,2023,0.37289278581074264,0.6904095966188079,0.5316511912147752
Ermo,2023,0.4154485017735489,0.6331766087266035,0.5243125552500763
Frei Rogério,2023,0.3234770361230945,0.6884051215115918,0.5059410788173432
Pouso Redondo,2023,0.23052308499882002,0.6308036546708935,0.43066336983485676
Praia Grande,2023,0.2396846920406579,0.46985537088007734,0.3547700314603676
Galvão,2023,0.4453408684948106,0.9877911261465241,0.7165659973206673
Formosa do Sul,2023,0.438924532126181,0.9015476412455713,0.6702360866858761
Porto União,2023,0.33239983943163254,0.8227271516475324,0.5775634955395825
Florianópolis,2023,0.3001594295334105,0.6490963201652693,0.4746278748493399
Fraiburgo,2023,0.3216924296755569,0.7170959750672601,0.5193942023714084
Forquilhinha,2023,0.4876818152950453,0.6557012499041485,0.5716915325995968
Curitibanos,2023,0.3165074681488365,0.6697743800111879,0.4931409240800122
Cunhataí,2023,0.4340309155160904,0.7490832245633665,0.5915570700397285
Pinheiro Preto,2023,0.32620077810904624,0.7282304680216297,0.527215623065338
Balneário Piçarras,2023,0.3489848769579565,0.5389478688223194,0.44396637289013796
Pinhalzinho,2023,0.42017144151369995,0.8013860401516564,0.6107787408326781
Cunha Porã,2023,0.4374795524299626,0.8010441916837591,0.6192618720568608
Pomerode,2023,0.2924562261601281,0.4632793099670531,0.37786776806359057
Dionísio Cerqueira,2023,0.4387163340754633,0.9538504568338619,0.6962833954546626
Ponte Alta,2023,0.2716607042575253,0.6452936187617669,0.4584771615096461
Dona Emma,2023,0.3424900523697498,0.6333105434354738,0.4879002979026118
Piratuba,2023,0.4723588068980149,0.65422027472186,0.5632895408099374
Descanso,2023,0.4911232684756148,0.8765927030890671,0.683857985782341
Planalto Alegre,2023,0.46778166852120473,0.7643745055703078,0.6160780870457563
Cocal do Sul,2023,0.4462724935979609,0.6647606024820278,0.5555165480399944
Cordilheira Alta,2023,0.4515640030008786,0.8219355107238381,0.6367497568623584
Penha,2023,0.3668591634492377,0.526943022015029,0.4469010927321333
Concórdia,2023,0.45104575964119326,0.7170763661554532,0.5840610628983233
Celso Ramos,2023,0.4760755561063702,0.6300322061191627,0.5530538811127664
Paulo Lopes,2023,0.32917386714947106,0.6491295657336208,0.4891517164415459
Caxambu do Sul,2023,0.5219283887342598,0.8260176896051996,0.6739730391697297
Pedras Grandes,2023,0.4314249266329858,0.5995139621662231,0.5154694443996044
Chapecó,2023,0.5123822817523529,0.953094624338747,0.73273845304555
Chapadão do Lageado,2023,0.2690363665596583,0.4804879997868998,0.37476218317327903
Cerro Negro,2023,0.4641310516181847,0.6077858578324736,0.5359584547253291
Petrolândia,2023,0.24977492852498023,0.5217160102485481,0.38574546938676413
Corupá,2023,0.32772669247663844,0.5812193483273105,0.45447302040197446
Criciúma,2023,0.5060314314051501,0.6627701546268443,0.5844007930159971
Correia Pinto,2023,0.31104965504076715,0.6225371371744672,0.46679339610761716
Peritiba,2023,0.453572060240935,0.6711417738827774,0.5623569170618562
Coronel Freitas,2023,0.44423684462911817,0.7531854061781342,0.5987111254036261
Pescaria Brava,2023,0.5255786987349735,0.9074393289889523,0.716509013861963
Coronel Martins,2023,0.4533219342073772,0.95665361427062,0.7049877742389986
Palma Sola,2023,0.44046735450589386,0.9435570196338425,0.6920121870698682
Canoinhas,2023,0.38967402464616174,0.8800567675637602,0.634865396104961
Balneário Rincão,2023,0.7068833371052927,1.0,0.8534416685526464
Ouro,2023,0.4128713271735669,0.7007686411005449,0.5568199841370559
Campos Novos,2023,0.37245219873161706,0.6604177185752564,0.5164349586534367
Palhoça,2023,0.28447703188292006,0.6252238246826545,0.45485042828278727
Painel,2023,0.31925842546316974,0.49751873624019033,0.40838858085168006
Canelinha,2023,0.28780234619524636,0.4087311559859481,0.34826675109059724
Paial,2023,0.5283600428199818,1.0,0.764180021409991
Ouro Verde,2023,0.48083166267062294,0.921921809932252,0.7013767363014375
Papanduva,2023,0.394294415324711,0.8225889829288004,0.6084416991267557
Catanduvas,2023,0.37899325445352716,0.7403816271987075,0.5596874408261173
Passos Maia,2023,0.41497137157041164,0.8087927569560986,0.6118820642632552
Passo de Torres,2023,0.389890620594273,0.7633704401719715,0.5766305303831223
Paraíso,2023,0.47303390307699655,0.9211262353160542,0.6970800691965253
Capinzal,2023,0.44113139542074287,0.6713371158644331,0.556234255642588
Palmeira,2023,0.2679617719071611,0.6107941243499702,0.4393779481285656
Capivari de Baixo,2023,0.5632318106767985,0.8591765000027042,0.7112041553397513
Palmitos,2023,0.5128412741468684,0.7883058382484276,0.650573556197648
Nova Itaberaba,2023,0.4485338091954959,0.7108229782831109,0.5796783937393034
Xavantina,2023,0.4801670847949545,0.8852625657918829,0.6827148252934188
Capão Alto,2023,0.4612581432545099,0.5433685836818412,0.5023133634681756
Nova Erechim,2023,0.4320120182592304,0.7692522841693082,0.6006321512142694
Xaxim,2023,0.46485753673363184,0.8392123080248145,0.6520349223792232
Nova Trento,2023,0.27450606473363853,0.34406115979862045,0.3092836122661295
Campo Alegre,2023,0.3259552579665085,0.5935041885069858,0.45972972323674716
Xanxerê,2023,0.48626430519043917,0.8644912673255022,0.6753777862579706
Navegantes,2023,0.3460768289109584,0.5185635940536502,0.43232021148230426
Caibi,2023,0.5012162551617694,0.8233327117906643,0.6622744834762169
Camboriú,2023,0.3278716754091049,0.46494268601840116,0.396407180713753
Calmon,2023,0.32818941480038255,0.7898706303330582,0.5590300225667204
Orleans,2023,0.3107643000194537,0.5442476225992918,0.4275059613093728
Zortéa,2023,0.44602793843116534,0.6559637019081359,0.5509958201696507
Campo Erê,2023,0.43594335862698624,0.9279930387221083,0.6819681986745473
Otacílio Costa,2023,0.23243281417679665,0.590161670154212,0.4112972421655043
Novo Horizonte,2023,0.4436256886837997,0.9588072596183727,0.7012164741510862
Nova Veneza,2023,0.3653584959628109,0.5942942382994593,0.4798263671311351
Campo Belo do Sul,2023,0.46195421254101543,0.5962896204676306,0.529121916504323
Vargeão,2023,0.4561695038865011,0.8592723807156031,0.6577209423010522
Modelo,2023,0.42063965414156346,0.8165413222284377,0.6185904881850006
Vidal Ramos,2023,0.28072802460267504,0.4380770851030037,0.35940255485283934
Mondaí,2023,0.5302708450952889,0.8583607848012097,0.6943158149482493
Botuverá,2023,0.28575648832948886,0.3880912424637953,0.3369238653966421
Vargem Bonita,2023,0.38402088274221197,0.7556323215272936,0.5698266021347528
Braço do Norte,2023,0.3303017189655172,0.553593442259086,0.4419475806123016
Vargem,2023,0.32658533891784736,0.6464482492605468,0.48651679408919707
Urussanga,2023,0.3906505367873904,0.6470170391483091,0.5188337879678497
Meleiro,2023,0.43636790384220125,0.6002595648168592,0.5183137343295302
Urupema,2023,0.32469326407858234,0.5144958439587828,0.41959455401868256
Bom Retiro,2023,0.2674806732968045,0.4628660968101777,0.3651733850534911
Bom Jesus do Oeste,2023,0.42039182418092286,0.8520935628897597,0.6362426935353412
Mirim Doce,2023,0.24374044225486696,0.6835922549240901,0.4636663485894785
Vitor Meireles,2023,0.36697872721774516,0.6830165101360525,0.5249976186768988
Caçador,2023,0.3319842208196353,0.767406302442663,0.5496952616311491
Morro Grande,2023,0.2856056054916915,0.509593955053586,0.39759978027263876
Witmarsum,2023,0.3439917682715425,0.6576197678192831,0.5008057680454128
Morro da Fumaça,2023,0.5436585617720042,0.7260341090502944,0.6348463354111493
Monte Carlo,2023,0.3105437361597363,0.6886140289086401,0.4995788825341882
Brunópolis,2023,0.3108515952657622,0.6627854780008423,0.48681853663330227
Braço do Trombudo,2023,0.23450702392243705,0.6051650195785941,0.4198360217505156
Videira,2023,0.3197398110690385,0.7327464662028,0.5262431386359192
Monte Castelo,2023,0.3686735169556333,0.8052440442893548,0.5869587806224941
Brusque,2023,0.29007950717867664,0.4194652280324895,0.35477236760558306
Trombudo Central,2023,0.25742525707474617,0.5829448691652687,0.4201850631200074
Maracajá,2023,0.5498862129555342,0.769036116862204,0.6594611649088691
Benedito Novo,2023,0.334626267391697,0.5655645733763837,0.4500954203840403
Biguaçu,2023,0.2760926194899921,0.3735834380046531,0.3248380287473226
Major Vieira,2023,0.3883507712965935,0.8450637559345375,0.6167072636155655
Barra Velha,2023,0.32735817638304776,0.5423882753966577,0.4348732258898527
Barra Bonita,2023,0.4711796949278181,0.9056498228603395,0.6884147588940788
Bandeirante,2023,0.4842588876517324,0.9084822815943457,0.696370584623039
Balneário Gaivota,2023,0.47129232614929395,0.8212377466398179,0.6462650363945559
Balneário Barra do Sul,2023,0.3218383347433415,0.5856050272883822,0.45372168101586186
Treze Tílias,2023,0.35531144428403166,0.7412207098017277,0.5482660770428797
Belmonte,2023,0.48743716960343675,0.8926595810802415,0.6900483753418392
Bela Vista do Toldo,2023,0.3876959059920841,0.8569187343676665,0.6223073201798753
União do Oeste,2023,0.4227081994607398,0.8084281185903415,0.6155681590255406
Bombinhas,2023,0.38180294116901103,0.5392761688743225,0.46053955502166677
Urubici,2023,0.29449010331910996,0.4245714955426908,0.3595307994309004
Bom Jesus,2023,0.48327157044596164,0.9172726707688483,0.700272120607405
Tunápolis,2023,0.48647414518949267,0.8875806895571952,0.6870274173733439
Matos Costa,2023,0.33117416546223977,0.8056436074336505,0.5684088864479451
Marema,2023,0.45210175524727825,0.8143274464363406,0.6332146008418094
Bom Jardim da Serra,2023,0.28945486663376263,0.4150868701605602,0.3522708683971614
Tubarão,2023,0.5594949426229515,0.7735750517994667,0.6665349972112091
Maravilha,2023,0.4317296275083069,0.8394831527406581,0.6356063901244825
Turvo,2023,0.35005099843890264,0.5265924327874437,0.4383217156131732
